id,title,authors,journal,number,year,citations,ses_faculty,ses_grad_students,ses_undergrad_students,verified,include_in_reports,additional_notes,pubid,scholar_id_source,date_added,simple_title
a15800yearrecordofproductivitycarbonaccu-2025,"A 15,800 year record of productivity, carbon accumulation and environmental change at Eight Mile Lake and its catchment, central Alaska","LP Marshall, DS Kaufman, NH Bigelow, MSM Bolton, EC Cohen, BM Damon, BP Finney, BJL Jensen, NP McKay, MJ Medina, SE Muñoz, EAG Schuur, M Żarczyński","Arctic, Antarctic, and Alpine Research","57 (1), 2523083",2025,0,D Kaufman,Leah Marshall,,false,true,,aNch6Af-aFkC,KpeykKsAAAAJ,2025-08-07,a15800yearrecordofproductivitycarbonaccumulationandenvironmentalchangeateightmilelakeanditscatchmentcentralalaska
accessibleandculturallyresponsivewhywene-2025,"Accessible, and culturally responsive: Why we need to examine diverse plant uses and values in green infrastructure","L Radonic, V Galindo, K Hanshaw, F Sandoval",Landscape and Urban Planning,"257, 105317",2025,2,L Radonic,,,false,true,,aqlVkmm33-oC,eLQPg4oAAAAJ,2025-08-07,accessibleandculturallyresponsivewhyweneedtoexaminediverseplantusesandvaluesingreeninfrastructure
aconvergenceresearchapproachtoresolvingw-2025,A convergence research approach to resolving ‘wicked problems’: Lessons from an interdisciplinary research team in land use science,"JA Devine, NR Magliocca, K Mcsweeney, B Tellman, M Fagan, SE Sesnie, E Nielsen",Applied Geography,"177, 103538",2025,1,E Nielsen,,,false,true,,_xSYboBqXhAC,vAflpUkAAAAJ,2025-08-07,aconvergenceresearchapproachtoresolvingwickedproblemslessonsfromaninterdisciplinaryresearchteaminlandusescience
advancesinpermafrostrepresentationbiophy-2025,Advances in Permafrost Representation: Biophysical Processes in Earth System Models and the Role of Offline Models,"H Matthes, A Damseaux, S Westermann, C Beer, A Boone, E Burke, B Decharme, Hélèn Genet, E Jafarov, M Langer, F‐J Parmentier, P Porada, A Gagne‐Landmann, D Huntzinger, BM Rogers, C Schädel, T Stacke, J Wells, WR Wieder",Permafrost and Periglacial Processes,"36 (2), 302-318",2025,4,D Huntzinger,,,false,true,,gsN89kCJA0AC,e4XX478AAAAJ,2025-08-07,advancesinpermafrostrepresentationbiophysicalprocessesinearthsystemmodelsandtheroleofofflinemodels
anthropologicalinsightsforwaterpolicy-2025,Anthropological Insights for Water Policy,L Radonic,Practicing Anthropology,"47 (1), 15-17",2025,0,L Radonic,,,false,true,,4DMP91E08xMC,eLQPg4oAAAAJ,2025-08-07,anthropologicalinsightsforwaterpolicy
applicationsofunoccupiedaerialsystemsuas-2025,"Applications of unoccupied aerial systems (UAS) in landscape ecology: a review of recent research, challenges and emerging opportunities","ML Villarreal, TBB Bishop, TT Sankey, WK Smith, MA Burgess, TT Caughlin, JK Gillan, CA Havrilla, T Huang, RL LeBeau, CL Norton, JB Sankey, VM Scholl, Jv Nonn, EH Yao",Landscape Ecology,"40 (2), 43",2025,9,T Sankey,,,false,true,,eFf2swCANGcC,3zszVGYAAAAJ,2025-08-07,applicationsofunoccupiedaerialsystemsuasinlandscapeecologyareviewofrecentresearchchallengesandemergingopportunities
arcticborealbryophytedynamicssincethelas-2025,Arctic‐Boreal Bryophyte Dynamics Since the Last Glacial Inferred From Ancient DNA Metabarcoding,"U Herzschuh, Y Liu, S Liu, KR Stoof‐Leichsenring, P Porada, Jérém Courtin, LZ Farkas, T Böhmer, BK Biskaborn, B Diekmann, Y Huang, D Kaufman, M Melles, H Meyer, LA Pestryakova, JM Russell, B Wagner","Journal of Biogeography, e",e70015,2025,0,D Kaufman,,,false,true,,JTtNqH-x4gYC,KpeykKsAAAAJ,2025-08-07,arcticborealbryophytedynamicssincethelastglacialinferredfromancientdnametabarcoding
assessingthefidelityofshallowwatercarbon-2025,Assessing the fidelity of shallow-water carbonates as records of the Ni isotope composition of surface seawater,"EJ Baransky, DS Hardisty, JM Rolison, LE Wasylenki",Geochimica et Cosmochimica Acta,,2025,0,L Wasylenki,Eva Baransky,,false,true,,SP6oXDckpogC,QVFkTAgAAAAJ,2025-08-07,assessingthefidelityofshallowwatercarbonatesasrecordsoftheniisotopecompositionofsurfaceseawater
canopyandsurfacefuelsmeasurementusingter-2025,Canopy and surface fuels measurement using terrestrial lidar single-scan approach in the Mogollon Highlands of Arizona,"JT Tenny, TT Sankey, SM Munson, AJS Meador, SJ Goetz",International Journal of Wildland Fire,34 (7),2025,1,T Sankey,,,false,true,,pUxgyZctzPYC,3zszVGYAAAAJ,2025-08-07,canopyandsurfacefuelsmeasurementusingterrestriallidarsinglescanapproachinthemogollonhighlandsofarizona
characteristicsoriginandsignificanceofch-2025,"Characteristics, origin, and significance of chessboard subgrain boundaries in the WAIS Divide Ice Core","JJ Fitzpatrick, LA Wilen, DE Voigt, RB Alley, JM Fegyveresi",Annals of Glaciology,1-28,2025,0,J Fegyveresi,,,false,true,,fPk4N6BV_jEC,y6CEvEMAAAAJ,2025-08-07,characteristicsoriginandsignificanceofchessboardsubgrainboundariesinthewaisdivideicecore
climateconstrainstheenhancementofco2fert-2025,Climate constrains the enhancement of CO2 fertilization on forest gross primary productivity,"X Wei, DJ Hayes, CR Schwalm, JB Fisher, DN Huntzinger, L Ma, R Vargas, NA Brunsell",Environmental Research Letters,"20 (6), 064013",2025,0,D Huntzinger,,,false,true,,MLfJN-KU85MC,e4XX478AAAAJ,2025-08-07,climateconstrainstheenhancementofco2fertilizationonforestgrossprimaryproductivity
cop30mustdeliverbindingmechanismstoaddre-2025,"COP30 must deliver binding mechanisms to address climate change, not empty promises","S Fernandes, P Ranjan",Nature,"639 (8054), 306-306",2025,0,P Ranjan,S Fernandes,,true,true,,,UsiCVxYAAAAJ,,cop30mustdeliverbindingmechanismstoaddressclimatechangenotemptypromises
crustalstructurealongandsurroundingtheha-2025,Crustal structure along and surrounding the Hawaiian Islands: Volcanic Island construction across scarred oceanic crust,"B Boston, DJ Shillington, AB Watts, P Cilli, R Dunn, G Ito, P Wessel, Ut Brink",Journal of Geophysical Research: Solid Earth,"130 (6), e2024JB030377",2025,1,D Shillington,,,true,true,,HE397vMXCloC,bDSq2ksAAAAJ,2025-08-07,crustalstructurealongandsurroundingthehawaiianislandsvolcanicislandconstructionacrossscarredoceaniccrust
deformationoftheanorogenicwolfriverbatho-2025,"Deformation of the “Anorogenic” Wolf River Batholith, Wisconsin, USA: Understanding the Baraboo Orogeny Hinterland","JP Craddock, DH Malone, EP Craddock, SJ Baumann, JE Malone, R Porter",Geosciences,"15 (4), 150",2025,0,R Porter,,,true,true,,WwIwg2wKZ0QC,VrFY4scAAAAJ,2025-08-07,deformationoftheanorogenicwolfriverbatholithwisconsinusaunderstandingthebarabooorogenyhinterland
earlyholoceneatmosphericcirculationchang-2025,Early Holocene atmospheric circulation changes over northern Europe based on isotopic and biomarker evidence from Kola Peninsula,"H Holtzman, EK Thomas, M Erb, L Marshall, IS Castañeda, D Kaufman, NP McKay, M Melles",Paleoceanography and Paleoclimatology,"40 (3), e2024PA005076",2025,0,M Erb; D Kaufman; N McKay,Leah Marshall,,false,true,,naSTrk-c4S8C,6w5ZNo4AAAAJ,2025-08-07,earlyholoceneatmosphericcirculationchangesovernortherneuropebasedonisotopicandbiomarkerevidencefromkolapeninsula
eigenfeatureenhanceddeeplearningadvancin-2025,Eigenfeature‐enhanced deep learning: advancing tree species classification in mixed conifer forests with lidar,"RC Blackburn, R Buscaglia, AJSán Meador, MM Moore, T Sankey, SE Sesnie",Remote Sensing in Ecology and Conservation,,2025,0,T Sankey,,,false,true,,WIXB4To3Tx4C,3zszVGYAAAAJ,2025-08-07,eigenfeatureenhanceddeeplearningadvancingtreespeciesclassificationinmixedconiferforestswithlidar
evidenceformillennialscaleinteractionsbe-2025,"Evidence for millennial-scale interactions between Hg cycling and hydroclimate from Lake Bosumtwi, Ghana","AR Paine, J Frieling, TM Shanahan, TA Mather, N McKay, SA Robinson, DM Pyle, IM Fendley, R Kiely, WD Gosling",Climate of the Past,"21 (4), 817-839",2025,2,N McKay,Sarah Robinson,,false,true,,E7VqQtBCVmcC,j8_CgoEAAAAJ,2025-08-07,evidenceformillennialscaleinteractionsbetweenhgcyclingandhydroclimatefromlakebosumtwighana
evolvingsedimentstructureandlithospheric-2025,Evolving sediment structure and lithospheric architecture across the Indo‐Burman forearc margin from the joint inversion of surface‐and scattered‐wave seismic constraints,"CJW Carchedi, JB Gaherty, JS Byrnes, Sép Rondenay, MS Steckler, R Ajala, P Persaud, EA Sandvol, MS Alim, S Singha, SH Akhter",Journal of Geophysical Research: Solid Earth,"130 (6), e2024JB030050",2025,1,J Byrnes; J Gaherty,,,true,true,,D03iK_w7-QYC,Tu_tGfwAAAAJ,2025-08-07,evolvingsedimentstructureandlithosphericarchitectureacrosstheindoburmanforearcmarginfromthejointinversionofsurfaceandscatteredwaveseismicconstraints
extremeindiansummermonsoonstatesstifledb-2025,Extreme Indian summer monsoon states stifled Bay of Bengal productivity across the last deglaciation,"K Thirumalai, SC Clemens, Y Rosenthal, S Conde, K Bu, S Desprat, M Erb, L Vetter, M Franks, J Cheng, L Li, Z Liu, LP Zhou, L Giosan, A Singh, V Mishra",Nature Geoscience,"18 (5), 443-449",2025,1,M Erb,,,false,true,,BOlwja0KXvYC,6w5ZNo4AAAAJ,2025-08-07,extremeindiansummermonsoonstatesstifledbayofbengalproductivityacrossthelastdeglaciation
fromfarmtofieldtestingdifferentbiocrustc-2025,From farm to field: testing different biocrust cultivation approaches and application techniques in the Sonoran Desert,"HI Rowe, A Antoninka, D Langenfeld, J Brady, TA Sprague, M Fastiggi, DR Kollath, ML Ramsey, BM Barker","Restoration Ecology, e",e70098,2025,0,H Rowe,Timothy Brady,,false,true,,HDshCWvjkbEC,NRUIqxcAAAAJ,2025-08-07,fromfarmtofieldtestingdifferentbiocrustcultivationapproachesandapplicationtechniquesinthesonorandesert
greengrowthordegrowthpossibleoutcomesfor-2025,Green Growth or Degrowth? Possible Outcomes for Climate and Society,"P Eskridge-Aldama, A Stern, A Vaughn, D Stuart",Highlights of Sustainability,"4 (2), 69-94",2025,0,D Stuart,Aden Stern; Anna Vaughn; Phoenix Eskridge-Aldama,,true,true,,k8Z6L05lTy4C,cc0d2WUAAAAJ,2025-08-07,greengrowthordegrowthpossibleoutcomesforclimateandsociety
greenhousegasaccountingforinvestmentport-2025,Greenhouse gas accounting for investment portfolios: quantifying financed emissions at a public research university,"B McNamara, D Huntzinger, E Nielsen, R Rushforth",Carbon Management,"16 (1), 2473916",2025,0,D Huntzinger; E Nielsen,Brandon Mcnamara,,false,true,,tuHXwOkdijsC,e4XX478AAAAJ,2025-08-07,greenhousegasaccountingforinvestmentportfoliosquantifyingfinancedemissionsatapublicresearchuniversity
highprecisionupbdataandreferenceageforem-2025,High-precision U-Pb data and reference age for Emerald Lake apatite,"FE Apen, SP Gaynor, B Schoene",Data in Brief,"60, 111464",2025,0,F Apen,,,false,true,,Wp0gIr-vW9MC,s-uRSoYAAAAJ,2025-08-07,highprecisionupbdataandreferenceageforemeraldlakeapatite
honoringour2024reviewersadvancingexcelle-2025,Honoring Our 2024 Reviewers: Advancing Excellence and Equity in JGR Biogeosciences,"X Feng, D Huntzinger, B Bond‐Lamberty, G Bohrer, MA Xenopoulos",Journal of Geophysical Research: Biogeosciences,"130 (3), e2025JG008871",2025,0,D Huntzinger,,,false,true,,kuK5TVdYjLIC,e4XX478AAAAJ,2025-08-07,honoringour2024reviewersadvancingexcellenceandequityinjgrbiogeosciences
impactsofbenchmarkingchoicesoninferredmo-2025,Impacts of benchmarking choices on inferred model skill of the Arctic–Boreal terrestrial carbon cycle,"J Poe, D Huntzinger, N Collier, C Schwalm, J Wells, C Schädel, WJ Riley, S Sitch",Environmental Research: Ecology,"4 (1), 015007",2025,1,D Huntzinger,,,false,true,,tYavs44e6CUC,e4XX478AAAAJ,2025-08-07,impactsofbenchmarkingchoicesoninferredmodelskillofthearcticborealterrestrialcarboncycle
interactingstressorsdrivelandscapevariat-2025,"Interacting stressors drive landscape variation in demographic response of the endangered plant, Pectis imberbis (A. Gray)","S Souther, MW Sample, CE Aslan",Journal of Arid Environments,"227, 105284",2025,1,C Aslan; S Souther,Martha Sample,,true,true,,f2IySw72cVMC,OQcWVAoAAAAJ,2025-08-07,interactingstressorsdrivelandscapevariationindemographicresponseoftheendangeredplantpectisimberbisagray
interactionsbetweenmegathrustbehaviorand-2025,"Interactions between megathrust behavior and forearc deformation in the Andreanof segment of the Aleutian Subduction Zone, offshore Alaska, USA","V Cortés-Rivas, DJ Shillington, D Lizarralde, H Mark",Geology,"53 (4), 301-305",2025,0,D Shillington,V. Cortés-Rivas,,true,true,,t6usbXjVLHcC,bDSq2ksAAAAJ,2025-08-07,interactionsbetweenmegathrustbehaviorandforearcdeformationintheandreanofsegmentofthealeutiansubductionzoneoffshorealaskausa
isaneweconomicsystemnecessarytoaddresscl-2025,Is a New Economic System Necessary to Address Climate Change?,"D Stuart, R Gunderson, B Petersen",Wiley Interdisciplinary Reviews: Climate Change,"16 (1), e70003",2025,0,D Stuart,,,true,true,,LI9QrySNdTsC,cc0d2WUAAAAJ,2025-08-07,isaneweconomicsystemnecessarytoaddressclimatechange
learningfrombilingualengagementpracticet-2025,Learning from Bilingual Engagement Practice to Advance Justice in Climate Resilience Planning,"L Radonic, AA Zuniga-Teran, N Gupta, ME Hovis, KJ Kokroko, C Aguilar-Murrieta, IE Gaxiola, S Meziab, ML Nelson, F Sandoval",Environmental Justice,,2025,0,L Radonic,Samir Meziab,,false,true,,Wp0gIr-vW9MC,eLQPg4oAAAAJ,2025-08-07,learningfrombilingualengagementpracticetoadvancejusticeinclimateresilienceplanning
magmaassistedflexureofhawaiianlithospher-2025,Magma‐assisted flexure of Hawaiian lithosphere inferred from three‐dimensional models of lithospheric flexure constrained by active source seismic data,"D Douglas, G Ito, B Boston, R Dunn, J Naliboff, P Wessel, AB Watts, D Shillington, P Cilli",Journal of Geophysical Research: Solid Earth,"130 (6), e2024JB030376",2025,0,D Shillington,,,true,true,,WA5NYHcadZ8C,bDSq2ksAAAAJ,2025-08-07,magmaassistedflexureofhawaiianlithosphereinferredfromthreedimensionalmodelsoflithosphericflexureconstrainedbyactivesourceseismicdata
marketpatternswithinindonesiassongbirdtr-2025,Market patterns within Indonesia's songbird trade,"K Indraswari, S Fiennes, P Cassey, G Cahyadi, R Noske, F Ihsan, C Susilawati, CR Shepherd, D Biggs, C Wilson",Biological Conservation,"310, 111318",2025,1,D Biggs,,,false,true,,zLWjf1WUPmwC,zQTZixsAAAAJ,2025-08-07,marketpatternswithinindonesiassongbirdtrade
oligocenemiocenedevelopmentandevolutiono-2025,"Oligocene–Miocene development and evolution of the south Dome Rock Mountains basin, lower Colorado River corridor, Arizona, USA","TA Brickey, PJ Umhoefer, SEK Bennett, C Regalla, N Riggs, S Mavor",Geosphere,"21 (3), 352-389",2025,0,C Regalla; P Umhoefer,Timothy Brickey,,true,true,,KTwcwpFFj4wC,PdHBgEUAAAAJ,2025-08-07,oligocenemiocenedevelopmentandevolutionofthesouthdomerockmountainsbasinlowercoloradorivercorridorarizonausa
perceptionsofclimatevulnerabilityforsubs-2025,Perceptions of climate vulnerability for subsistence inland fisheries in the United States,"Brogan, C., Harrison, I., Lynch, A., Perry, D.",Fisheries,,2025,0,D Perry; I Harrison,Caitlin Brogan,Caitlin Brogan,true,true,,,,,perceptionsofclimatevulnerabilityforsubsistenceinlandfisheriesintheunitedstates
permafrostpeatlandandcroplandregionsarek-2025,"Permafrost, peatland, and cropland regions are key to reconciling North American carbon sink estimates","KT Foster, W Sun, J Merder, O Hararuk, WA Kurz, A Malhotra, J Metsaranta, A Nesdoly, E Sinha, B Bond‐Lamberty, D Huntzinger, SM Natali, C Schwalm, AM Michalak",Global Biogeochemical Cycles,"39 (6), e2024GB008460",2025,0,D Huntzinger,,,false,true,,S16KYo8Pm5AC,e4XX478AAAAJ,2025-08-07,permafrostpeatlandandcroplandregionsarekeytoreconcilingnorthamericancarbonsinkestimates
pollinationnetworksandplantlocaladaptati-2025,Pollination networks and plant local adaptation: the importance of serving the pollinator community in restoration,"CE Aslan, K Grady, K Haubensak",Restoration Ecology,"33 (4), e70027",2025,1,C Aslan,,,true,true,,abG-DnoFyZgC,OQcWVAoAAAAJ,2025-08-07,pollinationnetworksandplantlocaladaptationtheimportanceofservingthepollinatorcommunityinrestoration
populationstructureandgeneticconnectivit-2025,Population structure and genetic connectivity in the endangered Pectis imberbis: addressing conservation and genetic gaps in the Arizona Sky Islands,"S Gilb, K Haubensak, C Aslan, L Holeski, T Faske, S Souther",,,2025,0,C Aslan; S Souther,,,true,true,,P5F9QuxV20EC,OQcWVAoAAAAJ,2025-08-07,populationstructureandgeneticconnectivityintheendangeredpectisimberbisaddressingconservationandgeneticgapsinthearizonaskyislands
protecttheintegrityofciteslessonsfromjap-2025,Protect the Integrity of CITES: Lessons From Japan's IWC Withdrawal to Keep Polarization From Tearing CITES Apart,"H Cheung, DWS Challender, M Anagnostou, AR Braczkowski, MD Marco, A Hinsley, T Kubo, HP Possingham, AY Song, N Takashina, Y Wang, D Biggs",Conservation Letters,"18 (2), e13099",2025,1,D Biggs,,,false,true,,AvfA0Oy_GE0C,zQTZixsAAAAJ,2025-08-07,protecttheintegrityofciteslessonsfromjapansiwcwithdrawaltokeeppolarizationfromtearingcitesapart
recentadvancesintheuseofdrillcuttingsfor-2025,"Recent advances in the use of drill cuttings for determining subduction zone structure, stratigraphy, and stress state","PH Cornard, AM Schleicher, C Regalla, M Hamahashi, M Kitamura, R Fukuchi, KT Pickering, H Kitajima, T Wiersberg","Geochemistry, Geophysics, Geosystems",26 (5),2025,0,C Regalla,,,true,true,,9shLKfS_uJEC,PdHBgEUAAAAJ,2025-08-07,recentadvancesintheuseofdrillcuttingsfordeterminingsubductionzonestructurestratigraphyandstressstate
recentincreasesinmissouririverstreamflow-2025,"Recent Increases in Missouri River Streamflow Driven by Combined Effects of Climate Variability, Land‐Use Change, and Elevated CO2","MP Dannenberg, GJ McCabe, EK Wise, MR Johnston, DN Huntzinger, AP Williams",AGU advances,"6 (2), e2024AV001432",2025,0,D Huntzinger,,,false,true,,b1wdh0AR-JQC,e4XX478AAAAJ,2025-08-07,recentincreasesinmissouririverstreamflowdrivenbycombinedeffectsofclimatevariabilitylandusechangeandelevatedco2
somethingotherthanmnoxyhydroxidesisimpor-2025,Something other than Mn oxyhydroxides is important in the oxic sink of the marine Ni cycle,"LE Wasylenki, M Sun, EJ Baransky",Goldschmidt,2025 Conference,2025,0,L Wasylenki,Eva Baransky,,false,true,,NhqRSupF_l8C,QVFkTAgAAAAJ,2025-08-07,somethingotherthanmnoxyhydroxidesisimportantintheoxicsinkofthemarinenicycle
spatiotemporalvariationsinstrainreleasea-2025,"Spatiotemporal Variations in Strain Release and Seismic Rupture in Multifault Systems: An Example from Panamint Valley, Southeastern California","AA LaPlante, CA Regalla, I Sethanant, SA Mahan, HJ Gray",Lithosphere,"2024 (Special 15), lithosphere_2024_187",2025,0,C Regalla,Aubrey Laplante,,true,true,,Vno172sVVMwC,PdHBgEUAAAAJ,2025-08-07,spatiotemporalvariationsinstrainreleaseandseismicruptureinmultifaultsystemsanexamplefrompanamintvalleysoutheasterncalifornia
structureofthemantlekeelofthewyomingcrat-2025,Structure of the Mantle Keel of the Wyoming Craton and its Relationship to Intracratonic Deformation and Magmatism,"MJ Bezada, Z Zhu, HA Ford, JS Byrnes",Structure,"6, 2",2025,0,J Byrnes,,,false,true,,_xSYboBqXhAC,Tu_tGfwAAAAJ,2025-08-07,structureofthemantlekeelofthewyomingcratonanditsrelationshiptointracratonicdeformationandmagmatism
thepoliticaleconomyofamphibiandeclines-2025,The political economy of amphibian declines,"R Gunderson, D Stuart, B Petersen",Reptiles & Amphibians,"32 (1), e21692-e21692",2025,0,D Stuart,,,true,true,,kz9GbA2Ns4gC,cc0d2WUAAAAJ,2025-08-07,thepoliticaleconomyofamphibiandeclines
thesizeofthegreenlandicesheetduringmarin-2025,The size of the Greenland Ice Sheet during Marine Isotope Stage 3,"J Briner, D Kaufman, O Bennike",Quaternary Research,1-10,2025,0,D Kaufman,,,false,true,,ON9TkA72AHEC,KpeykKsAAAAJ,2025-08-07,thesizeofthegreenlandicesheetduringmarineisotopestage3
toxichomestoxicwaterhousingsegregationan-2025,"Toxic Homes, Toxic Water: Housing, segregation, and gendered responsibilities for household water insecurity in the American Rust Belt","C Jacob, L Radonic, P Jayakodi",Routledge Handbook of Gender and Water Governance,121-135,2025,0,L Radonic,,,false,true,,qxL8FJ1GzNcC,eLQPg4oAAAAJ,2025-08-07,toxichomestoxicwaterhousingsegregationandgenderedresponsibilitiesforhouseholdwaterinsecurityintheamericanrustbelt
traceelementgeochemistryandzirconupbgeoc-2025,Trace element geochemistry and zircon U-Pb geochronology of mafic sills from the Karagwe Ankolean Belt of northwestern Tanzania: Implications for petrogenesis and Ni-Cu-Co …,"GL Chuwa, CH Kasanzu, EO Kazimoto, FE Apen",Journal of Geochemical Exploration,"268, 107614",2025,1,F Apen,,,false,true,,MXK_kJrjxJIC,s-uRSoYAAAAJ,2025-08-07,traceelementgeochemistryandzirconupbgeochronologyofmaficsillsfromthekaragweankoleanbeltofnorthwesterntanzaniaimplicationsforpetrogenesisandnicuco
traditionalharvestsystemsasmodelsforadva-2025,Traditional harvest systems as models for advancing understanding of dynamics and resilience in socio‐ecological systems,"S Souther, D Stuart, C Aslan",Ecosphere,"16 (7), e70349",2025,0,C Aslan; S Souther; D Stuart,,,true,true,,CHSYGLWDkRkC,OQcWVAoAAAAJ,2025-08-07,traditionalharvestsystemsasmodelsforadvancingunderstandingofdynamicsandresilienceinsocioecologicalsystems
uavhyperspectralthermallidarfusioninphen-2025,UAV hyperspectral-thermal-lidar fusion in phenotyping: genetic trait differences among Fremont cottonwood populations,TT Sankey,Landscape Ecology,"40 (3), 45",2025,2,T Sankey,,,false,true,,zzCxg_vo7cAC,3zszVGYAAAAJ,2025-08-07,uavhyperspectralthermallidarfusioninphenotypinggenetictraitdifferencesamongfremontcottonwoodpopulations
unlockingaglobaloceanmixingdatasettoward-2025,Unlocking a Global Ocean Mixing Dataset: Toward Standardization of Seismic-Derived Ocean Mixing Rates,"J Wei, Z Zhao, KL Gunn, SPS Gulick, DJ Shillington, CM Lowery",Journal of Atmospheric and Oceanic Technology,"42 (6), 675-697",2025,0,D Shillington,,,true,true,,eMMeJKvmdy0C,bDSq2ksAAAAJ,2025-08-07,unlockingaglobaloceanmixingdatasettowardstandardizationofseismicderivedoceanmixingrates
variationinslipbehaviouralongmegathrusts-2025,Variation in slip behaviour along megathrusts controlled by multiple physical properties,"D Bassett, DJ Shillington, LM Wallace, JL Elliott",Nature Geoscience,"18 (1), 20-31",2025,4,D Shillington,,,true,true,,olpn-zPbct0C,bDSq2ksAAAAJ,2025-08-07,variationinslipbehaviouralongmegathrustscontrolledbymultiplephysicalproperties
adatapedigreesystemtosupportgeospatialan-2024,A data pedigree system to support geospatial analyses of human-environment interactions in data poor contexts,"NR Magliocca, CD Sink, JA Devine, ME Fagan, B Aguilar-González, K McSweeney, R Mukherjee, EA Nielsen, SE Sesnie, B Tellman, E Arellano-Thompson",International Journal of Geographical Information Science,1-24,2024,0,E Nielsen,,,false,true,,pyW8ca7W8N0C,vAflpUkAAAAJ,2025-02-15,adatapedigreesystemtosupportgeospatialanalysesofhumanenvironmentinteractionsindatapoorcontexts
addressingtheirrationaldriversoftheclima-2024,Addressing the Irrational Drivers of the Climate Crisis: Surplus Repression and Destructive Production,"D Stuart, B Petersen, R Gunderson",Nature and Culture,"19 (2), 113-134",2024,1,D Stuart,,,true,true,,tuHXwOkdijsC,cc0d2WUAAAAJ,2025-02-15,addressingtheirrationaldriversoftheclimatecrisissurplusrepressionanddestructiveproduction
aglobaldataassimilationofmoisturepattern-2024,A global Data Assimilation of Moisture Patterns from 21 000–0 BP (DAMP-21ka) using lake level proxy records,"CL Hancock, MP Erb, NP McKay, SG Dee, RF Ivanovic",Climate of the Past,"20 (12), 2663-2684",2024,0,M Erb; N McKay,Chris Hancock,,true,true,,nqdriD65xNoC,6w5ZNo4AAAAJ,2025-02-15,aglobaldataassimilationofmoisturepatternsfrom210000bpdamp21kausinglakelevelproxyrecords
agupublicationsupdatesauthorshippolicyto-2024,AGU publications updates authorship policy to foster greater equity and transparency in global research collaborations,"MA Xenopoulos, B Bond‐Lamberty, AR Desai, D Huntzinger, PR Buchanan, AE East, A Singh, P Wooden, K Jewett, M Ricci",AGU Advances,"5 (3), e2024AV001298",2024,5,D Huntzinger,,,false,true,,URolC5Kub84C,e4XX478AAAAJ,2025-02-15,agupublicationsupdatesauthorshippolicytofostergreaterequityandtransparencyinglobalresearchcollaborations
alongstrikevariationsofalaskasubductionz-2024,Along‐strike variations of Alaska subduction zone structure and hydration determined from amphibious seismic data,"Z Li, DA Wiens, W Shen, DJ Shillington",Journal of Geophysical Research: Solid Earth,"129 (3), e2023JB027800",2024,14,D Shillington,,,true,true,,J-pR_7NvFogC,bDSq2ksAAAAJ,2025-02-15,alongstrikevariationsofalaskasubductionzonestructureandhydrationdeterminedfromamphibiousseismicdata
anewviewofshearwavespeedandthelithospher-2024,A new view of shear wavespeed and the lithosphere‐asthenosphere boundary in the Southwestern United States,"EM Golos, B Brunsvik, Z Eilon, KM Fischer, J Byrnes, J Gaherty",Journal of Geophysical Research: Solid Earth,"129 (8), e2024JB029220",2024,1,J Byrnes; J Gaherty,,,true,true,,2P1L_qKh6hAC,Tu_tGfwAAAAJ,2025-02-15,anewviewofshearwavespeedandthelithosphereasthenosphereboundaryinthesouthwesternunitedstates
apaleoecologicalinvestigationofrecentcya-2024,A paleoecological investigation of recent cyanobacterial blooms and their drivers in two contrasting lakes,"C Wheeler, JK Pearman, JD Howarth, MJ Vandergoes, K Holt, SA Trewick, X Li, L Thompson, G Thomson-Laing, M Picard, C Moy, NP Mckay, A Moody, C Shepherd, Vvd Bos, K Steiner, SA Wood",Harmful Algae,"131, 102563",2024,3,N McKay,,,true,true,,kUhpeDhEZMUC,j8_CgoEAAAAJ,2025-02-15,apaleoecologicalinvestigationofrecentcyanobacterialbloomsandtheirdriversintwocontrastinglakes
arcticglaciersnowlinealtitudesrise150mov-2024,Arctic glacier snowline altitudes rise 150 m over the last 4 decades,"LJ Larocca, JM Lea, MP Erb, NP McKay, M Phillips, KA Lamantia, DS Kaufman",The Cryosphere,"18 (8), 3591-3611",2024,2,M Erb; D Kaufman; N McKay,,,true,true,,QVtou7C4vgoC,6w5ZNo4AAAAJ,2025-02-15,arcticglaciersnowlinealtitudesrise150moverthelast4decades
aseismictomographygravityandflexurestudy-2024,"A seismic tomography, gravity, and flexure study of the crust and upper mantle structure across the Hawaiian Ridge: 2. Ka'ena","RA Dunn, AB Watts, C Xu, DJ Shillington",Journal of Geophysical Research: Solid Earth,"129 (2), e2023JB028118",2024,4,D Shillington,,,true,true,,1qzjygNMrQYC,bDSq2ksAAAAJ,2025-02-15,aseismictomographygravityandflexurestudyofthecrustanduppermantlestructureacrossthehawaiianridge2kaena
bedrockgeologicmapoforganpipecactusnatio-2024,"Bedrock Geologic Map of Organ Pipe Cactus National Monument and Vicinity, Southwest Arizona","LA Thompson, GB Haxel, DW Peterson, DJ May, RM Tosdal, RJ Miller, F Gray, RA LeVeque, PJ Umhoefer","Arizona Geological Survey (Tucson, AZ)",,2024,0,P Umhoefer,Roy Miller; Lara Thompson,,false,true,,LO7wyVUgiFcC,ZLMsh8MAAAAJ,2025-02-15,bedrockgeologicmapoforganpipecactusnationalmonumentandvicinitysouthwestarizona
beeandbutterflyrecordsindicatediversityl-2024,"Bee and butterfly records indicate diversity losses in western and southern North America, but extensive knowledge gaps remain","SK Souther, ME Sandor, M Sample, S Gabrielson, CE Aslan",Plos one,"19 (5), e0289742",2024,3,C Aslan; S Souther,Martha Sample,,true,true,,3s1wT3WcHBgC,OQcWVAoAAAAJ,2025-02-15,beeandbutterflyrecordsindicatediversitylossesinwesternandsouthernnorthamericabutextensiveknowledgegapsremain
bellingthecatdesigningcollectiveactionin-2024,Belling the cat: Designing collective action institutions for natural resource management in the peri-urban interface,"V Narain, P Ranjan",Urban Studies,"61 (8), 1604-1614",2024,1,P Ranjan,,,true,true,,TQgYirikUcIC,UsiCVxYAAAAJ,2025-02-15,bellingthecatdesigningcollectiveactioninstitutionsfornaturalresourcemanagementintheperiurbaninterface
beyondconventionalfarmingexploringtheben-2024,Beyond conventional farming: exploring the benefits of planting basins with manure on soil quality as reflected in labile organic carbon and nitrogen indicators in Kenya,"E Kichamu-Wachira, Y Bai, Z Xu, K Reardon-Smith, H Liu, D Biggs",Journal of Soils and Sediments,"24 (1), 402-413",2024,0,D Biggs,,,false,true,,VL0QpB8kHFEC,zQTZixsAAAAJ,2025-02-15,beyondconventionalfarmingexploringthebenefitsofplantingbasinswithmanureonsoilqualityasreflectedinlabileorganiccarbonandnitrogenindicatorsinkenya
bioturbationincreasestimeaveragingdespit-2024,Bioturbation increases time averaging despite promoting shell disintegration: a test using anthropogenic gradients in sediment accumulation and burrowing on the southern …,"A Tomašových, SM Kidwell, R Dai, CR Alexander, DS Kaufman, S Edie, JS Leonard-Pingel, JE McNinch, T Parker, HM Wadman",Paleobiology,"50 (3), 424-451",2024,3,D Kaufman,,,false,true,,lRPiJ3GhvscC,KpeykKsAAAAJ,2025-02-15,bioturbationincreasestimeaveragingdespitepromotingshelldisintegrationatestusinganthropogenicgradientsinsedimentaccumulationandburrowingonthesouthern
bridgingsystemsthinkingmindsetsandfarmma-2024,Bridging systems thinking mindsets and farm management: The role of agricultural conservation planning in farmers’ adoption of conservation practices,"J Lu, SP Church, P Ranjan, EM Usher, LS Prokopy",Journal of Rural Studies,"111, 103372",2024,5,P Ranjan,,,true,true,,RHpTSmoSYBkC,UsiCVxYAAAAJ,2025-02-15,bridgingsystemsthinkingmindsetsandfarmmanagementtheroleofagriculturalconservationplanninginfarmersadoptionofconservationpractices
centralamericasagroecologicalsuitability-2024,"Central America’s agro-ecological suitability for cultivating coca, Erythroxylum spp","PJ Murillo-Sandoval, SE Sesnie, MEO Armas, N Magliocca, B Tellman, JA Devine, E Nielsen, K McSweeney",Environmental Research Letters,"19 (10), 104068",2024,2,E Nielsen,,,false,true,,a0OBvERweLwC,vAflpUkAAAAJ,2025-02-15,centralamericasagroecologicalsuitabilityforcultivatingcocaerythroxylumspp
characteristicsofdebrisflowpronewatershe-2024,"Characteristics of debris-flow-prone watersheds and debris-flow-triggering rainstorms following the Tadpole Fire, New Mexico, USA","LA McGuire, FK Rengers, AM Youberg, AN Gorr, OJ Hoch, R Beers, R Porter",Natural Hazards and Earth System Sciences,"24 (4), 1357-1379",2024,13,R Porter,Rebecca Beers,,true,true,,m4fbC6XIj1kC,VrFY4scAAAAJ,2025-02-15,characteristicsofdebrisflowpronewatershedsanddebrisflowtriggeringrainstormsfollowingthetadpolefirenewmexicousa
climatefoodandhumanspredictcommunitiesof-2024,"Climate, food and humans predict communities of mammals in the United States","R Kays, MH Snider, G Hess, MV Cove, A Jensen, H Shamon, WJ McShea, B Rooney, ML Allen, CE Pekins, CC Wilmers, ME Pendergast, AM Green, J Suraci, MS Leslie, S Nasrallah, D Farkas, M Jordan, M Grigione, MC LaScaleia, ML Davis, C Hansen, J Millspaugh, JS Lewis, M Havrda, R Long, KR Remine, KJ Jaspers, DJR Lafferty, T Hubbard, CE Studds, EL Barthelmess, K Andy, A Romero, BJ O'Neill, MTR Hawkins, JV Lombardi, M Sergeyev, MC Fisher‐Reid, MS Rentz, C Nagy, JM Davenport, CC Rega‐Brodsky, CL Appel, DB Lesmeister, ST Giery, CA Whittier, JM Alston, C Sutherland, C Rota, T Murphy, TEL Jr, A Mortelliti, DL Bergman, JA Compton, BD Gerber, J Burr, K Rezendes, BA DeGregorio, NH Wehr, JF Benson, MT O'Mara, DS Jachowski, M Gray, DEB Jr, JL Belant, RVH III, RC Lonsinger, KM Kuhn, SCM Hasstedt, M Zimova, SM Moore, DJ Herrera, S Fritts, AJ Edelman, EA Flaherty, TR Petroelje, SA Neiswenter, DR Risch, F Iannarilli, Mvd Merwe, SP Maher, ZJ Farris, SL Webb, DS Mason, MA Lashley, AM Wilson, JP Vanek, SR Wehr, LM Conner, JC Beasley, HL Bontrager, C Baruzzi, SN Ellis‐Felege, MD Proctor, J Schipper, KCB Weiss, AK Darracq, EG Barr, PD Alexander, ÇağaH Şekercioğlu, DA Bogan, CM Schalk, JE Fantle‐Lepczyk, CA Lepczyk, S LaPoint, LS Whipple, HI Rowe, K Mullen, T Bird, A Zorn, LR Brandt, RG Lathrop, C McCain, AP Crupi, J Clark, A Parsons",Diversity and Distributions,"30 (9), e13900",2024,4,H Rowe,Miranda Gray,,false,true,,7PzlFSSx8tAC,NRUIqxcAAAAJ,2025-02-15,climatefoodandhumanspredictcommunitiesofmammalsintheunitedstates
combiningterrestriallidarwithsinglelinet-2024,"Combining terrestrial lidar with single line transects to investigate geomorphic change: A case study on the Upper Verde River, Arizona","LL Tango, TT Sankey, J Leonard, JB Sankey, A Kasprak",Geomorphology,"457, 109231",2024,1,T Sankey,Lauren Tango,,false,true,,qPeb-qHga9sC,3zszVGYAAAAJ,2025-02-15,combiningterrestriallidarwithsinglelinetransectstoinvestigategeomorphicchangeacasestudyontheupperverderiverarizona
comparativeclumpedisotopetemperaturerela-2024,Comparative clumped isotope temperature relationships in freshwater carbonates,"A Arnold, J Mering, L Chari, C Román‐Palacios, H Li, V Petrys, hyn, B Mitsunaga, B Elliott, J Wilson, J Lucarelli, R Boch, D Ibarra, L Li, M Fan, D Kaufman, A Cohen, R Dunbar, J Russell, S Lalonde, PD Roy, M Dietzel, X Liu, F Chang, RA Eagle, A Tripati",The Depositional Record,,2024,3,D Kaufman,,,false,true,,9VeumLvkZSQC,KpeykKsAAAAJ,2025-02-15,comparativeclumpedisotopetemperaturerelationshipsinfreshwatercarbonates
comparinggreenhouseandfieldbiocrustculti-2024,Comparing greenhouse and field biocrust cultivation methods in the Sonoran Desert,"A Antoninka, H Rowe, J Weser, D Langenfeld, J Brady, T Sprague, N Day",Ecological Solutions and Evidence,"5 (4), e12389",2024,1,H Rowe,,,false,true,,ZeXyd9-uunAC,NRUIqxcAAAAJ,2025-02-15,comparinggreenhouseandfieldbiocrustcultivationmethodsinthesonorandesert
comparingmicadasgassourcedirectcarbonate-2024,"Comparing MICADAS gas source, direct carbonate, and standard graphite 14C determinations of biogenic carbonate","J Bright, C Ebert, C Flores, PG Harnik, JW Huntley, Mł Kowalewski, RW Portell, M Retelle, EAG Schuur, DS Kaufman",Radiocarbon,"66 (2), 295-305",2024,0,D Kaufman,,,false,true,,bCjgOgSFrM0C,KpeykKsAAAAJ,2025-02-15,comparingmicadasgassourcedirectcarbonateandstandardgraphite14cdeterminationsofbiogeniccarbonate
connectivityandpolicyconfluencesamultisc-2024,Connectivity and policy confluences: a multi-scalar conservation approach for protecting Amazon riverine ecosystems,"Fernandes, S., Harrison, I. Athyde, S. Perry, D.",Perspectives in Ecology and Conservation,,2024,8,D Perry,Stephannie Fernandes,,true,true,,4TOpqqG69KYC,eQIGxvsAAAAJ,2025-02-15,connectivityandpolicyconfluencesamultiscalarconservationapproachforprotectingamazonriverineecosystems
controlsonbendingrelatedfaultingoffshore-2024,Controls on bending‐related faulting offshore of the Alaska Peninsula,"J Clarke, DJ Shillington, C Regalla, JB Gaherty, J Estep, DA Wiens, A Bécel, MR Nedimović","Geochemistry, Geophysics, Geosystems","25 (3), e2023GC011271",2024,6,J Gaherty; C Regalla; D Shillington,Jacob Clarke,,true,true,,xtoqd-5pKcoC,uglQirIAAAAJ,2025-02-15,controlsonbendingrelatedfaultingoffshoreofthealaskapeninsula
coralskeletalproxyrecordsdatabasefortheg-2024,"Coral skeletal proxy records database for the Great Barrier Reef, Australia","AK Arzey, HV McGregor, TR Clark, JM Webster, SE Lewis, J Mallela, NP McKay, HW Fahey, S Chakraborty, TB Razak, MJ Fischer",Earth System Science Data,"16 (10), 4869-4930",2024,1,N McKay,,,true,true,,KI9T_ytC6pkC,j8_CgoEAAAAJ,2025-02-15,coralskeletalproxyrecordsdatabaseforthegreatbarrierreefaustralia
datasetgeneticandenvironmentaleffectsonh-2024,Data set: Genetic and environmental effects on hyperspectral leaf reflectance in Fremont cottonwood,"JPM Corbin, RJ Best, IJ Garthwaite, HF Cooper, CE Doughty, CA Gehring, KH Hultine, GJ Allan, TG Whitham",EcoSIS,,2024,0,R Best,Iris Garthwaite,,false,true,,aFwNBOTKqaYC,MS9xVqIAAAAJ,2025-02-15,datasetgeneticandenvironmentaleffectsonhyperspectralleafreflectanceinfremontcottonwood
distributedacousticsensingforfutureplane-2024,"Distributed acoustic sensing for future planetary applications: Initial results from the San Francisco volcanic field, a lunar analogue","N Harmon, R Porter, C Rychert, N Schmerr, MM Smith, Z Shen, W Wu, J Giles, N McCall, J Wang, L Wike, J West, A Hoyle, N Deykes",Earth and Space Science,"11 (12), e2024EA003640",2024,3,R Porter; M Smith,Naya Deykes,,true,true,,pYKElYtJMmwC,VrFY4scAAAAJ,2025-02-15,distributedacousticsensingforfutureplanetaryapplicationsinitialresultsfromthesanfranciscovolcanicfieldalunaranalogue
dotopographicchangestellusaboutvariabili-2024,Do topographic changes tell us about variability in aeolian sediment transport and dune mobility? Analysis of monthly to decadal surface changes in a partially vegetated and …,"J Caster, JB Sankey, TT Sankey, A Kasprak, MA Bowker, T Joyal",Geomorphology,"447, 109021",2024,6,T Joyal; T Sankey,Joshua Caster,,false,true,,3fE2CSJIrl8C,LUAnXfsAAAAJ,2025-02-15,dotopographicchangestellusaboutvariabilityinaeoliansedimenttransportanddunemobilityanalysisofmonthlytodecadalsurfacechangesinapartiallyvegetatedand
earthsystemmodelsmustincludepermafrostca-2024,Earth system models must include permafrost carbon processes,"C Schädel, BM Rogers, DM Lawrence, CD Koven, V Brovkin, EJ Burke, Hélèn Genet, DN Huntzinger, E Jafarov, AD McGuire, WJ Riley, SM Natali",Nature Climate Change,"14 (2), 114-116",2024,62,D Huntzinger,,,false,true,,uc_IGeMz5qoC,e4XX478AAAAJ,2025-02-15,earthsystemmodelsmustincludepermafrostcarbonprocesses
ecosystemservicevaluesprovidedbynational-2024,Ecosystem Service Values Provided by National Parks to Residential Property Owners,"L Richardson, J Mueller, P Dara, JE Zabel, P Smalley, R Fitch, C Nolte, R Paterson",Ecological Economics,"22, 108175",2024,0,J Mueller,,,false,true,,_Qo2XoVZTnwC,brG-UpsAAAAJ,2025-02-15,ecosystemservicevaluesprovidedbynationalparkstoresidentialpropertyowners
effectsofplantingbasinsandfarmyardmanure-2024,Effects of planting basins and farmyard manure addition on soil carbon and nitrogen pools under on‐farm conditions in Makueni county of Kenya,"E Kichamu‐Wachira, Z Xu, K Reardon‐Smith, LA Winowiecki, G Ayele, D Biggs, C Magaju, S Taresh, S Hosseini‐Bai, N Omidvar",Soil Use and Management,"40 (1), e13008",2024,1,D Biggs,,,false,true,,kzcrU_BdoSEC,zQTZixsAAAAJ,2025-02-15,effectsofplantingbasinsandfarmyardmanureadditiononsoilcarbonandnitrogenpoolsunderonfarmconditionsinmakuenicountyofkenya
evaluatingreferencematerialsandcommonpbc-2024,Evaluating reference materials and common-Pb corrections for high-resolution apatite UPb geochronology,"FE Apen, SP Gaynor, B Schoene, JM Cottle",Chemical Geology,122191,2024,4,F Apen,,,false,true,,u5HHmVD_uO8C,s-uRSoYAAAAJ,2025-02-15,evaluatingreferencematerialsandcommonpbcorrectionsforhighresolutionapatiteupbgeochronology
evidenceforlittoralconvergenceandsedimen-2024,"Evidence for littoral convergence and sediment delivery to Mattole submarine canyon, Northern California","ST Joerger, ME Smith, D Buscombe, ER Mueller",Frontiers in Earth Science,"12, 1377997",2024,1,M Smith,Sarah Joerger,,true,true,,ECvNt0vk_34C,CBG7OuAAAAAJ,2025-02-15,evidenceforlittoralconvergenceandsedimentdeliverytomattolesubmarinecanyonnortherncalifornia
experienceswithwildfireareassociatedwith-2024,"Experiences with wildfire are associated with private landowners’ management decisions, relationships, and perceptions of risk","C Aslan, R Tarver, M Brunson, S Veloz, B Sikes, R Epanchin-Niell",Landscape and Urban Planning,"247, 105067",2024,3,C Aslan,,,true,true,,ZHo1McVdvXMC,OQcWVAoAAAAJ,2025-02-15,experienceswithwildfireareassociatedwithprivatelandownersmanagementdecisionsrelationshipsandperceptionsofrisk
exploringtheroleofintermediariesbetweenn-2024,Exploring the Role of ‘Intermediaries’ between Non-Operating Landowners and Tenant Farmers in Promoting Conservation on Rented Farmland,"P Ranjan, M Johnson, M Bernard, H Schmitz, S Harden, L Prokopy",Environmental Management,"73 (4), 713-724",2024,3,P Ranjan,,,true,true,,R3hNpaxXUhUC,UsiCVxYAAAAJ,2025-02-15,exploringtheroleofintermediariesbetweennonoperatinglandownersandtenantfarmersinpromotingconservationonrentedfarmland
extensionalforearcstructuresatthetransit-2024,"Extensional forearc structures at the transition from Alaska to Aleutian Subduction Zone: slip partitioning, terranes and large earthquakes","A Kahrizi, M Delescluse, N Chamot-Rooke, M Pubellier, A Bécel, D Shillington, M Nedimović, Céd Bulois",Comptes Rendus. Géoscience,"356 (S2), 1-25",2024,10,D Shillington,,,true,true,,D_sINldO8mEC,bDSq2ksAAAAJ,2025-02-15,extensionalforearcstructuresatthetransitionfromalaskatoaleutiansubductionzoneslippartitioningterranesandlargeearthquakes
ferchydropowerandtribalrightsconfrontati-2024,"FERC, hydropower, and tribal rights: Confrontations at the Little Colorado River","Hite, E. B. & Perry, D. & Fauser, C.",Journal of Political Ecology,31 (1),2024,4,D Perry,Christian Fauser,UGRA,true,true,,_kc_bZDykSQC,eQIGxvsAAAAJ,2025-02-15,ferchydropowerandtribalrightsconfrontationsatthelittlecoloradoriver
focusedrechargeandbaseflowindexestimatio-2024,Focused Recharge and Base Flow Index Estimation Through Base Flow Separation in Arizona,"C Mroczek, AE Springer",WaterSciCon,n24,2024,0,A Springer,Caelum Mroczek,,true,true,,W5xh706n7nkC,X53gmAQAAAAJ,2025-02-15,focusedrechargeandbaseflowindexestimationthroughbaseflowseparationinarizona
forestfirethinningandfloodinwildlandurba-2024,"Forest fire, thinning, and flood in wildland-urban interface: UAV and lidar-based estimate of natural disaster impacts","TT Sankey, L Tango, J Tatum, JB Sankey",Landscape Ecology,"39 (3), 58",2024,15,T Sankey,Lauren Tango,,false,true,,3vbIHxFL9FgC,3zszVGYAAAAJ,2025-02-15,forestfirethinningandfloodinwildlandurbaninterfaceuavandlidarbasedestimateofnaturaldisasterimpacts
freshlandivaglobaldatabaseoffreshwaterbi-2024,FreshLanDiv: a global database of freshwater biodiversity across different land uses,"M Shen, RV Klink, A Sagouis, DK Petsch, DA Abong'o, J Alahuhta, SA Al‐Shami, LC Armendáriz, M‐J Bae, TO Begot, J Belliard, JP Benstead, FF Bomfim, E Bredenhand, WR Budnick, M Callisto, LB Calvão, CP Camacho‐Rozo, M Cañedo‐Argüelles, FG Carvalho, J Chapman, L Chapman, Q Chen, B Chernoff, L Cibils‐Martina, GP Closs, JJ Corbi, EJé Cunha, AM Cunico, PDl Rios‐Escalante, S Dolédec, B Dunck, AO Edegbene, AC Engman, T Erős, KE Esteves, RCP Faquim, APJ Faria, CM Ferreira, MárC Ferreira, P Fierro, PâmV Freitas, V Fugère, TD Garcia, X Giam, GMR Gonino, JD González‐Trujillo, ÉdAé Gubiani, N Hamada, RJ Haro, LU Hepp, GA Herrera‐R, MJ Hill, AN Huda, C Iniguez‐Armijos, Aél Jamoneau, M Jonsson, L Juen, WT Kadye, Kahirun, A Kasangaki, CA Larson, AL Pereira, T Leboucher, GFM Leite, D Li, A Luiza‐Andrade, SH Luke, MJ Lundquist, D Lupi, J Machuca‐Sepúlveda, MA Macuiane, NJ Mancera‐Rodriguez, JA Márquez, RT Martins, FO Masese, MS Meixler, TS Michelan, MíaJé Monge‐Salazar, JL Mruzek, HD Mugni, HGT Ndagurwa, A Niba, J Nimptsch, R Novelo‐Gutiérrez, H Ochieng, R Pacheco‐Díaz, Y‐S Park, SI Passy, RG Pearson, A Peressin, E Périco, MM Pires, H Poulos, RE Principe, BS Prudente, B Ríos‐Touma, R Ruaro, JJ Schmitter‐Soto, F Schneck, UH Schulz, C Selvakumar, CM Sharma, T Siqueira, ML Solis, RGC Sousa, EH Stanley, C Stenger‐Kovács, E Tales, FícB Teresa, I Thornhill, J Tison‐Rosebery, TB Vieira, Sán Villada‐Bedoya, JC White, PJ Wood, Z Xie, CM Yule, JãoAC Zequi, JM Chase",Global Ecology and Biogeography,"33 (12), e13917",2024,2,R Haro,,,false,true,,bEWYMUwI8FkC,vECIU2QAAAAJ,2025-02-15,freshlandivaglobaldatabaseoffreshwaterbiodiversityacrossdifferentlanduses
globalfoodsecuritysupportanalysisdatagfs-2024,Global Food Security Support Analysis Data (GFSAD) Using Remote Sensing in Support of Food and Water Security in the 21st Century: Current Achievements and Future Possibilities,"P Teluguntla, PS Thenkabail, J Xiong, A Oliphant, MK Gumma, C Giri, C Milesi, M Ozdogan, RG Congalton, J Tilton, TT Sankey, R Massey, A Phalke, K Yadav","Remote Sensing Handbook, Volume III",187-228,2024,0,T Sankey,Richard Massey,,false,true,,sJK75vZXtG0C,3zszVGYAAAAJ,2025-02-15,globalfoodsecuritysupportanalysisdatagfsadusingremotesensinginsupportoffoodandwatersecurityinthe21stcenturycurrentachievementsandfuturepossibilities
greenlashandreactionarystakeholdersinenv-2024,‘Greenlash’and reactionary stakeholders in environmental governance: An analysis of soy farmers against zero deforestation in Brazil,"RBdA Aragão, MGB Lima, GL Burns, H Ross, D Biggs",Forest Policy and Economics,"166, 103267",2024,7,D Biggs,,,false,true,,uc_IGeMz5qoC,zQTZixsAAAAJ,2025-02-15,greenlashandreactionarystakeholdersinenvironmentalgovernanceananalysisofsoyfarmersagainstzerodeforestationinbrazil
hyperspectralleafreflectancedetectsinter-2024,"Hyperspectral Leaf Reflectance Detects Interactive Genetic and Environmental Effects on Tree Phenotypes, Enabling Large‐Scale Monitoring and Restoration Planning Under Climate …","J_PM Corbin, RJ Best, IJ Garthwaite, HF Cooper, CE Doughty, CA Gehring, KR Hultine, GJ Allan, TG Whitham","Plant, Cell & Environment",,2024,3,R Best,Iris Garthwaite,,true,true,,Rj7SuZOA3CsC,MS9xVqIAAAAJ,2025-02-15,hyperspectralleafreflectancedetectsinteractivegeneticandenvironmentaleffectsontreephenotypesenablinglargescalemonitoringandrestorationplanningunderclimate
identifyingpotentialforenhancedgroundwat-2024,"Identifying Potential for Enhanced Groundwater Recharge through Automated Karst Landscape Characterization: A Case Study of Mogollon Rim, Arizona","R Lima, AE Springer, T Sankey",WaterSciCon,n24,2024,0,T Sankey; A Springer,Ryan Lima,,false,true,,wGzT3bKASkAC,3zszVGYAAAAJ,2025-02-15,identifyingpotentialforenhancedgroundwaterrechargethroughautomatedkarstlandscapecharacterizationacasestudyofmogollonrimarizona
imaginguppermantleanisotropywithtransdim-2024,Imaging Upper‐Mantle Anisotropy with Transdimensional Bayesian Monte Carlo Sampling,"GD Piccolo, BP VanderBeek, M Faccenda, A Morelli, JS Byrnes",Bulletin of the Seismological Society of America,"114 (3), 1214-1226",2024,6,J Byrnes,,,false,true,,maZDTaKrznsC,Tu_tGfwAAAAJ,2025-02-15,imaginguppermantleanisotropywithtransdimensionalbayesianmontecarlosampling
increasesinunderstoryplantcoverandrichne-2024,Increases in understory plant cover and richness persist following restoration treatments in Pinus ponderosa forests,"JD Springer, MT Stoddard, KC Rodman, DW Huffman, PJ Fornwalt, RJ Pedersen, DC Laughlin, CM McGlone, ML Daniels, PZ Fulé, MM Moore, BK Kerns, JT Stevens, JE Korb, S Souther",Journal of Applied Ecology,"61 (1), 25-35",2024,7,S Souther,Mark Daniels; Becky Kerns,,true,true,,L8Ckcad2t8MC,zzM06IcAAAAJ,2025-02-15,increasesinunderstoryplantcoverandrichnesspersistfollowingrestorationtreatmentsinpinusponderosaforests
increasingfaultsliprateswithinthecorinth-2024,"Increasing fault slip rates within the Corinth Rift, Greece: A rapidly localising active rift fault network","CW Nixon, LC McNeill, RL Gawthorpe, DJ Shillington, G Michas, RE Bell, A Moyle, M Ford, NV Zakharova, JM Bull, Gd Gelder",Earth and Planetary Science Letters,"636, 118716",2024,8,D Shillington,,,true,true,,5ugPr518TE4C,bDSq2ksAAAAJ,2025-02-15,increasingfaultsliprateswithinthecorinthriftgreecearapidlylocalisingactiveriftfaultnetwork
influenceofouterrisefaultsonshallowdcoll-2024,Influence of outer-rise faults on shallow décollement heterogeneity and sediment flux at the Japan trench,"E Schottenfels, C Regalla, Y Nakamura",Seismica,3 (1),2024,4,C Regalla,Emily Schottenfels,,true,true,,ndLnGcHYRF0C,PdHBgEUAAAAJ,2025-02-15,influenceofouterrisefaultsonshallowdcollementheterogeneityandsedimentfluxatthejapantrench
insightintotheevolutionoftheeasternmargi-2024,"Insight into the Evolution of the Eastern Margin of the Wyoming Craton from Complex, Laterally Variable Shear Wave Splitting","A Birkey, HA Ford, M Anderson, JS Byrnes, MJ Bezada, M Shapovalov",Lithosphere,"2024 (3), lithosphere_2024_117",2024,0,J Byrnes,,,false,true,,RYcK_YlVTxYC,Tu_tGfwAAAAJ,2025-02-15,insightintotheevolutionoftheeasternmarginofthewyomingcratonfromcomplexlaterallyvariableshearwavesplitting
insightsintolargecarnivorepopulationsinu-2024,"Insights into large carnivore populations in Uganda: A participatory survey of lions, leopards, and hyenas using spatial capture-recapture","AR Braczkowski, N Elliot, A Rwetsiba, T Mudumba, AM Gopalaswamy, CJ O’Bryan, A Crysell, D Biggs, H McCallum, M Cima, S Musobozi, L Namukose, S Jingo, P Luhonda, R Schenk, P Okello, I Komakech, J Kisembo, KS Pereira, G Drileyo, O Cornille, B Atukwatse, A Engelmann, H Kigongo, P Kiboneka, K James, P Moman, J Omwesigye, K Debref, D Tiromwe, M Nsubuga, S Ling, C Astaras, S Loware, E Sande, R Kityo, L Siefert, D Samarasinghe, A Langley, N Nuwaijuka, N Muzanganda, B Asimwe, S Hore, P Lindsey, D Gumisiriza, R Ojok, F Kakaire, D Namugenyi, J Kalyewa, L Gibson",Global Ecology and Conservation,"56, e03312",2024,0,D Biggs,,,false,true,,uWiczbcajpAC,zQTZixsAAAAJ,2025-02-15,insightsintolargecarnivorepopulationsinugandaaparticipatorysurveyoflionsleopardsandhyenasusingspatialcapturerecapture
integratinghabitatsuitabilitydisturbance-2024,"Integrating habitat suitability, disturbance, and biotic interactions into the ecological restoration of the saguaro (Carnegiea gigantea) in drylands of the southwest of …","FábSd Albuquerque, H Rowe, A Búrquez, JéMíaR Benayas","Restoration Ecology, e",e14357,2024,0,H Rowe,,,false,true,,IWHjjKOFINEC,NRUIqxcAAAAJ,2025-02-15,integratinghabitatsuitabilitydisturbanceandbioticinteractionsintotheecologicalrestorationofthesaguarocarnegieagiganteaindrylandsofthesouthwestof
interdisciplinaryapproachestoregionalgro-2024,Interdisciplinary Approaches to Regional Groundwater Recharge and Land-Use Management I Oral,"R Lima, AE Springer, H Richter, C Mroczek, R Lewis",WaterSciCon,n24,2024,0,A Springer,Ryan Lima; Rayni Lewis; Caelum Mroczek,,true,true,,_Ybze24A_UAC,X53gmAQAAAAJ,2025-02-15,interdisciplinaryapproachestoregionalgroundwaterrechargeandlandusemanagementioral
interpretationandimplicationsofvariabili-2024,Interpretation and Implications of Variability in Ecological Systems,"Lís Borda-de-Água, A Sanaei, YF Wiersma, CE Aslan",Frontiers in Ecology and Evolution,102,2024,0,C Aslan,,,true,true,,rO6llkc54NcC,OQcWVAoAAAAJ,2025-02-15,interpretationandimplicationsofvariabilityinecologicalsystems
intersectionofnarcotraffickingenforcemen-2024,"Intersection of narco trafficking, enforcement and bird conservation in the Americas","AD Rodewald, A Lello-Smith, NR Magliocca, K McSweeney, M Strimas-Mackey, SE Sesnie, EA Nielsen",Nature Sustainability,1-5,2024,1,E Nielsen,,,false,true,,rO6llkc54NcC,vAflpUkAAAAJ,2025-02-15,intersectionofnarcotraffickingenforcementandbirdconservationintheamericas
jaguarconservationiscaughtinthecrossfire-2024,Jaguar conservation is caught in the crossfire of America's' War on Drugs',"NR Magliocca, NH Carter, JA Devine, EA Nielsen, SE Sesnie",Biological Conservation,"296, 110687",2024,1,E Nielsen,,,false,true,,zA6iFVUQeVQC,vAflpUkAAAAJ,2025-02-15,jaguarconservationiscaughtinthecrossfireofamericaswarondrugs
jonjbergersolvingtheclimatecrisisfrontli-2024,Jon J. Berger. Solving the climate crisis: frontline reports from the race to save earth,"A Stern, A Vaughn, N Wauben, P Eskridge-Aldama, D Stuart",Journal of Environmental Studies and Sciences,1-3,2024,0,D Stuart,Aden Stern; Anna Vaughn; Phoenix Eskridge-Aldama,,true,true,,gsN89kCJA0AC,cc0d2WUAAAAJ,2025-02-15,jonjbergersolvingtheclimatecrisisfrontlinereportsfromtheracetosaveearth
lidardatafusiontoimproveforestattributee-2024,LiDAR Data Fusion to Improve Forest Attribute Estimates: A Review,"M Balestra, S Marselis, TT Sankey, C Cabo, X Liang, M Mokroš, X Peng, A Singh, K Stereńczak, C Vega, G Vincent, M Hollaus",Current Forestry Reports,1-17,2024,50,T Sankey,,,false,true,,cSdaV2aYdYsC,3zszVGYAAAAJ,2025-02-15,lidardatafusiontoimproveforestattributeestimatesareview
livingontheedgethesensitivityofarthropod-2024,Living on the edge: The sensitivity of arthropods to development and climate along an urban-wildland interface in the Sonoran Desert of central Arizona,"DA Uhey, RW Hofstetter, S Earl, J Holden, T Sprague, H Rowe",Plos one,"19 (4), e0297227",2024,2,H Rowe,,,false,true,,dhFuZR0502QC,NRUIqxcAAAAJ,2025-02-15,livingontheedgethesensitivityofarthropodstodevelopmentandclimatealonganurbanwildlandinterfaceinthesonorandesertofcentralarizona
longdistanceswimmingbyafricanlionsinugan-2024,Long‐distance swimming by African lions in Uganda,"A Braczkowski, L Ochse, B Atukwatse, O Cornille, C O'Bryan, P Lindsey, R Kotze, L Gibson, D Biggs",Ecology and Evolution,"14 (7), e11597",2024,1,D Biggs,,,false,true,,EkHepimYqZsC,zQTZixsAAAAJ,2025-02-15,longdistanceswimmingbyafricanlionsinuganda
mammalresponsestoglobalchangesinhumanact-2024,Mammal responses to global changes in human activity vary by trophic group and landscape,"AC Burton, C Beirne, KM Gaynor, C Sun, A Granados, ML Allen, JM Alston, GC Alvarenga, FSÁl Calderón, Z Amir, C Anhalt-Depies, C Appel, S Arroyo-Arce, G Balme, A Bar-Massada, D Barcelos, E Barr, EL Barthelmess, C Baruzzi, SM Basak, N Beenaerts, J Belmaker, O Belova, B Bezarević, T Bird, DA Bogan, N Bogdanović, A Boyce, M Boyce, LR Brandt, JF Brodie, J Brooke, JW Bubnicki, F Cagnacci, BS Carr, Jão Carvalho, J Casaer, R Černe, R Chen, E Chow, M Churski, C Cincotta, Dšk Ćirović, TD Coates, J Compton, C Coon, MV Cove, AP Crupi, SD Farra, AK Darracq, M Davis, K Dawe, VD Waele, E Descalzo, TA Diserens, J Drimaj, M Duľa, S Ellis-Felege, C Ellison, A Ertürk, J Fantle-Lepczyk, J Favreau, M Fennell, P Ferreras, F Ferretti, C Fiderer, L Finnegan, JT Fisher, MC Fisher-Reid, EA Flaherty, Uša Fležar, Jří Flousek, JM Foca, A Ford, B Franzetti, S Frey, S Fritts, Šár Frýbová, B Furnas, B Gerber, HM Geyle, DG Giménez, AJ Giordano, T Gomercic, ME Gompper, DM Gräbin, M Gray, A Green, R Hagen, R Hagen, S Hammerich, C Hanekom, C Hansen, S Hasstedt, M Hebblewhite, M Heurich, TR Hofmeester, T Hubbard, D Jachowski, PA Jansen, KJ Jaspers, A Jensen, M Jordan, MC Kaizer, MJ Kelly, MT Kohl, S Kramer-Schadt, M Krofel, A Krug, KM Kuhn, DPJ Kuijper, EK Kuprewicz, J Kusak, M Kutal, DJR Lafferty, S LaRose, M Lashley, R Lathrop, TEL Jr, C Lepczyk, DB Lesmeister, A Licoppe, M Linnell, J Loch, R Long, RC Lonsinger, J Louvrier, MS Luskin, P MacKay, S Maher, Bît Manet, GKH Mann, AJ Marshall, D Mason, Z McDonald, T McKay, WJ McShea, M Mechler, C Miaud, JJ Millspaugh, CM Monteza-Moreno, D Moreira-Arce, K Mullen, C Nagy, R Naidoo, I Namir, C Nelson, B O’Neill, MT O’Mara, V Oberosler",Nature ecology & evolution,"8 (5), 924-935",2024,45,H Rowe,Miranda Gray; Michael Kelly,,false,true,,QIV2ME_5wuYC,NRUIqxcAAAAJ,2025-02-15,mammalresponsestoglobalchangesinhumanactivityvarybytrophicgroupandlandscape
mantledeformationinthehighlyobliqueindob-2024,Mantle deformation in the highly oblique indo-burma subduction system inferred from shear wave splitting measurements,"MM Islam, S Wei, P Persaud, MS Steckler, F Tilmann, J Ni, J Gaherty, KM Oo, O Than, YMM Htwe, E Sandvol",Earth and Planetary Science Letters,"643, 118895",2024,5,J Gaherty,,,true,true,,4vMrXwiscB8C,uglQirIAAAAJ,2025-02-15,mantledeformationinthehighlyobliqueindoburmasubductionsysteminferredfromshearwavesplittingmeasurements
measuringandpredictingdisturbanceresilie-2024,"Measuring and predicting disturbance resilience in ecosystems, with emphasis on fire: A review and meta-analysis","C Aslan, S Souther, A Thode, A Youberg, Z Evans",Journal of Environmental Management,"372, 123353",2024,1,C Aslan; S Souther,,,true,true,,pyW8ca7W8N0C,OQcWVAoAAAAJ,2025-02-15,measuringandpredictingdisturbanceresilienceinecosystemswithemphasisonfireareviewandmetaanalysis
metasomatismofthewyomingcratonlowercrust-2024,Metasomatism of the Wyoming craton lower crust during the Laramide orogeny: Extending the record of lithosphere hydration across western North America,"FE Apen, RL Rudnick, RM Flowers, SP Gaynor, JM Cottle",Earth and Planetary Science Letters,"641, 118832",2024,3,F Apen,,,false,true,,Y0pCki6q_DkC,s-uRSoYAAAAJ,2025-02-15,metasomatismofthewyomingcratonlowercrustduringthelaramideorogenyextendingtherecordoflithospherehydrationacrosswesternnorthamerica
methodstrainingforpracticinganthropologi-2024,Methods Training for Practicing Anthropologists: The NSF CAMP Approach,"M Beresford, L Radonic, M Moritz, M Moghaddam",Practicing Anthropology,1-4,2024,1,L Radonic,,,false,true,,YOwf2qJgpHMC,eLQPg4oAAAAJ,2025-02-15,methodstrainingforpracticinganthropologiststhensfcampapproach
mobileappsfor3030equity-2024,Mobile apps for 30× 30 equity,"C Gaillard, JM Keany, JL Diehl, P Ranjan, D Biggs",Nature Sustainability,1-2,2024,1,D Biggs; P Ranjan,,,false,true,,nrtMV_XWKgEC,zQTZixsAAAAJ,2025-02-15,mobileappsfor3030equity
mobileappsfor30x30equity-2024,Mobile apps for 30x30 equity,"C Gaillard, J Keany, J Diehl, P Ranjan, D Biggs",Nature Sustainability,"7, 683–684",2024,1,P Ranjan,,,true,true,,,UsiCVxYAAAAJ,,mobileappsfor30x30equity
multidimensionalandmultitemporalenergyin-2024,Multidimensional and multitemporal energy injustices: Exploring the downstream impacts of the Belo Monte hydropower dam in the Amazon,"L Castro-Diaz, MC Lopez, S Moore, L Radonic, J Hodbod, E Moran",Energy Research and Social Science,113 (103568),2024,7,L Radonic,,,false,true,,ULOm3_A8WrAC,eLQPg4oAAAAJ,2025-02-15,multidimensionalandmultitemporalenergyinjusticesexploringthedownstreamimpactsofthebelomontehydropowerdamintheamazon
newreleasegeospatialtoolsforsonorandeser-2024,New release! Geospatial tools for Sonoran Desert threats and protection of rare and threatened plant species now freely available,"HI Rowe, C Meredith",Oryx,"58 (4), 423-423",2024,0,H Rowe,,,false,true,,L8Ckcad2t8MC,NRUIqxcAAAAJ,2025-02-15,newreleasegeospatialtoolsforsonorandesertthreatsandprotectionofrareandthreatenedplantspeciesnowfreelyavailable
newteachinginparticipatorymethodsforprac-2024,New Teaching in Participatory Methods for Practicing Anthropology,"EI Nebie, A Wutich, HR Bernard, K Harper, A Crittenden, M Beresford, L Radonic, A Brewis, J Luque, A Ruth, C Mitchell, A Roque, C SturtzSreetharan, T Rhiney",Practicing Anthropology,1-4,2024,1,L Radonic,,,false,true,,_kc_bZDykSQC,eLQPg4oAAAAJ,2025-02-15,newteachinginparticipatorymethodsforpracticinganthropology
opiniondistributepaleoscienceinformation-2024,Opinion: Distribute paleoscience information across the next Intergovernmental Panel on Climate Change reports,"D Kaufman, Vér Masson-Delmotte",Climate of the Past,"20 (11), 2587-2594",2024,2,D Kaufman,,,false,true,,3_f9JqYsqVQC,KpeykKsAAAAJ,2025-02-15,opiniondistributepaleoscienceinformationacrossthenextintergovernmentalpanelonclimatechangereports
palaeoenvironmentalimplicationsoflatequa-2024,"Palaeoenvironmental implications of Late Quaternary bioerosion traces in central Patagonia (Southern Atlantic, Argentina)","LM Giachetti, Sán Richiano, K Rubio‐Sandoval, CB Giachetti, DD Ryan, DS Kaufman, J Bright, F Mari, A Rovere, DE Fernández",Journal of Quaternary Science,,2024,0,D Kaufman,,,false,true,,h1pkognVyKwC,KpeykKsAAAAJ,2025-02-15,palaeoenvironmentalimplicationsoflatequaternarybioerosiontracesincentralpatagoniasouthernatlanticargentina
paleoclimatedataprovideconstraintsonclim-2024,Paleoclimate data provide constraints on climate models' large-scale response to past CO2 changes,"DJ Lunt, BL Otto-Bliesner, C Brierley, A Haywood, GN Inglis, K Izumi, M Kageyama, D Kaufman, T Mauritsen, EL McClymont, U Salzmann, S Steinig, JE Tierney, A Zhao, J Zhu",Communications Earth & Environment,"5 (1), 419",2024,5,D Kaufman,,,false,true,,1_W9tMSvGuwC,KpeykKsAAAAJ,2025-02-15,paleoclimatedataprovideconstraintsonclimatemodelslargescaleresponsetopastco2changes
plasticityinhydraulicarchitectureriparia-2024,Plasticity in Hydraulic Architecture: Riparian Trees Respond to Increased Temperatures With Genotype‐Specific Adjustments to Leaf Traits,"IJ Garthwaite, C Lepp, ZSR Maldonado, D Blasini, KC Grady, CA Gehring, KR Hultine, TG Whitham, GJ Allan, RJ Best",Ecology and Evolution,"14 (12), e70683",2024,0,R Best,Iris Garthwaite,Zyled Maldonado; Catherine Lepp,true,true,,iWMDS-dds2cC,MS9xVqIAAAAJ,2025-02-15,plasticityinhydraulicarchitectureripariantreesrespondtoincreasedtemperatureswithgenotypespecificadjustmentstoleaftraits
policydeficienciesandcontingencyplansgro-2024,Policy deficiencies and contingency plans: groundwater management implications for baseflow contributions to the Colorado River,"D Perry, RK Swanson, AE Springer",Frontiers in Environmental Science,"12, 1444015",2024,0,D Perry; A Springer,Riley Swanson,UGRA,true,true,,kzcrU_BdoSEC,X53gmAQAAAAJ,2025-02-15,policydeficienciesandcontingencyplansgroundwatermanagementimplicationsforbaseflowcontributionstothecoloradoriver
policydiffusioninglobalbiodiversityconse-2024,"Policy diffusion in global biodiversity conservation: Learning, competition, coercion, and emulation amid US–China great‐power politics","H Cheung, AY Song, MD Marco, D Biggs","Conservation Letters, e",e13026,2024,2,D Biggs,,,false,true,,ipzZ9siozwsC,zQTZixsAAAAJ,2025-02-15,policydiffusioninglobalbiodiversityconservationlearningcompetitioncoercionandemulationamiduschinagreatpowerpolitics
quaternaryandpliocenesealevelchangesatca-2024,"Quaternary and Pliocene sea-level changes at Camarones, central Patagonia, Argentina","K Rubio-Sandoval, DD Ryan, S Richiano, LM Giachetti, A Hollyday, J Bright, EJ Gowan, M Pappalardo, J Austermann, DS Kaufman, A Rovere",Quaternary Science Reviews,"345, 108999",2024,6,D Kaufman,,,false,true,,_IsBomjs8bsC,KpeykKsAAAAJ,2025-02-15,quaternaryandpliocenesealevelchangesatcamaronescentralpatagoniaargentina
rangersonthefrontlineofwildlifemonitorin-2024,Rangers on the frontline of wildlife monitoring: a case study on African lions in Uganda’s Nile Delta,"AR Braczkowski, L Namukose, S Musobozi, O Cornille, T Mudumba, G Drileyo, F Broekhuis, S Jingo, B Asimwe, P Luhonda, B Atukwatse, CJ O’Bryan, H McCallum, D Biggs, L Gibson, A Rwetsiba, AM Gopalaswamy, P Lindsey, N Elliot",Communications Biology,"7 (1), 1308",2024,2,D Biggs,,,false,true,,vDijr-p_gm4C,zQTZixsAAAAJ,2025-02-15,rangersonthefrontlineofwildlifemonitoringacasestudyonafricanlionsinugandasniledelta
recognizingandappreciatingthe2023jgrbiog-2024,Recognizing and Appreciating the 2023 JGR: Biogeosciences Reviewers,"B Bond‐Lamberty, X Feng, D Huntzinger, MA Xenopoulos",Journal of Geophysical Research: Biogeosciences,"129 (5), e2024JG008197",2024,0,D Huntzinger,,,false,true,,uWiczbcajpAC,e4XX478AAAAJ,2025-02-15,recognizingandappreciatingthe2023jgrbiogeosciencesreviewers
resilientriverinesocialecologicalsystems-2024,Resilient riverine social–ecological systems: A new paradigm to meet global conservation targets,"Perry, D., Praskievicz, S., McManamay, R., Saxena, A., Grimm K., Zegre, N., Bair, L., Ruddell, B., Rushforth, R.",Wiley Interdisciplinary Reviews: Water,"11 (6), e1753",2024,7,D Perry; K Grimm,,,true,true,,qxL8FJ1GzNcC,eQIGxvsAAAAJ,2025-02-15,resilientriverinesocialecologicalsystemsanewparadigmtomeetglobalconservationtargets
revisitingmarcusestechnologicalrationali-2024,Revisiting Marcuse’s Technological Rationality: Nuclear Fusion Advancement in the Age of Climate Change,"D Stuart, R Gunderson, B Petersen",Critical Sociology,"50 (2), 297-316",2024,2,D Stuart,,,true,true,,p__nRnzSRKYC,cc0d2WUAAAAJ,2025-02-15,revisitingmarcusestechnologicalrationalitynuclearfusionadvancementintheageofclimatechange
seamountsubductiondynamicsandlongtermevo-2024,Seamount subduction dynamics and long‐term evolution of the Franciscan active margin,"G Bonnet, FE Apen, M Soret, J Noel, Bît Caron, D Ninkabou, P Zverev, D Deldicque",Tectonics,"43 (3), e2023TC008084",2024,8,F Apen,,,false,true,,Se3iqnhoufwC,s-uRSoYAAAAJ,2025-02-15,seamountsubductiondynamicsandlongtermevolutionofthefranciscanactivemargin
sedimentaryancientdnarevealstheimpactofa-2024,Sedimentary ancient DNA reveals the impact of anthropogenic land use disturbance and ecological shifts on fish community structure in small lowland lake,"G Thomson-Laing, JD Howarth, J Atalah, MJ Vandergoes, X Li, JK Pearman, S Fitzsimons, C Moy, A Moody, C Shepherd, N McKay, SA Wood",Science of The Total Environment,"922, 171266",2024,5,N McKay,,,true,true,,Y9VhQm-5nPIC,j8_CgoEAAAAJ,2025-02-15,sedimentaryancientdnarevealstheimpactofanthropogeniclandusedisturbanceandecologicalshiftsonfishcommunitystructureinsmalllowlandlake
southwestchina-2024,Southwest China,"Horne, L., Manzanares, A., Babin, N., Royse, E., Arakawa, L., Blavascunas, E., Doner, L., Druckenbrod, D., Fairchild, E., Jarchow, M., Muchnick, B., Panday, P., Perry, D., Thomas, R., Toomey, A., Tucker, B., Washington-Ottombre, C., Vincent, S., Anderson, S., Romulo, C.",Journal of Geoscience Education,"72 (1), 86-103",2024,8,D Perry,,,true,true,,YOwf2qJgpHMC,eQIGxvsAAAAJ,2025-02-15,southwestchina
stratigraphicandgeochronologicinvestigat-2024,"Stratigraphic and geochronologic investigation of the Muddy Creek Basin: Implications for the Eocene tectonic evolution of southwest Montana, USA","HE Thoresen, EJ Cassel, ME Smith, DF Stockli, BR Jicha",Geological Society of America Bulletin,,2024,3,M Smith,,,true,true,,HKuYlFsi-qEC,CBG7OuAAAAAJ,2025-02-15,stratigraphicandgeochronologicinvestigationofthemuddycreekbasinimplicationsfortheeocenetectonicevolutionofsouthwestmontanausa
stratigraphicandpaleoceanographicalterna-2024,"Stratigraphic and paleoceanographic alternations within a Mediterranean semi-enclosed, syn-rift basin during Marine Isotope Stage 5: The Gulf of Corinth, Greece","S Sergiou, M Geraga, S Pechlivanidou, RL Gawthorpe, U Ninnemann, A-N Meckler, S Modestou, D Angelopoulou, D Antoniou, P Diz, L McNeill, DJ Shillington, G Papatheodorou",Marine Geology,"474, 107340",2024,1,D Shillington,,,true,true,,bnK-pcrLprsC,bDSq2ksAAAAJ,2025-02-15,stratigraphicandpaleoceanographicalternationswithinamediterraneansemienclosedsynriftbasinduringmarineisotopestage5thegulfofcorinthgreece
systemsandmethodsformodelingflowofresour-2024,Systems and methods for modeling flow of resources in a supply chain,"K Gurney, D Huntzinger, T Moiz, N Parker, R Rushforth, BL Ruddell",US Patent,"12,051,028",2024,0,D Huntzinger,,,false,true,,Z5m8FVwuT1cC,e4XX478AAAAJ,2025-02-15,systemsandmethodsformodelingflowofresourcesinasupplychain
teachingthecityexploringpedagogiesofurba-2024,Teaching the City: Exploring Pedagogies of Urban Becoming,"C Panetta, L Radonic, S Scheld, AD Storey",Teaching and Learning Anthropology,7 (1),2024,0,L Radonic,,,false,true,,4TOpqqG69KYC,eLQPg4oAAAAJ,2025-02-15,teachingthecityexploringpedagogiesofurbanbecoming
the42kaeventisnotremarkableinthecontexto-2024,The 4.2 ka event is not remarkable in the context of Holocene climate variability,"NP McKay, DS Kaufman, S Arcusa, HR Kolus, DC Edge, MP Erb, CL Hancock, CC Routson, M Żarczyński, LP Marshall, GK Roberts, F Telles",Nature communications,"15 (1), 6555",2024,39,M Erb; D Kaufman; N McKay; C Routson,Georgia Roberts; Leah Marshall; Chris Hancock; Stephanie Arcusa; Hannah Kolus; Frank Telles,,true,true,,JWITY9-sCbMC,6w5ZNo4AAAAJ,2025-02-15,the42kaeventisnotremarkableinthecontextofholoceneclimatevariability
thehumancrisisrevisitedalbertcamusandcli-2024,The Human Crisis Revisited: Albert Camus and Climate Rebellion,D Stuart,Critical Horizons,"25 (2), 111-128",2024,0,D Stuart,,,true,true,,hMsQuOkrut0C,cc0d2WUAAAAJ,2025-02-15,thehumancrisisrevisitedalbertcamusandclimaterebellion
thehuntforholoceneabruptclimatechange-2024,The Hunt for Holocene Abrupt Climate Change,"N Scroxton, N McKay",PLOS Climate,"3 (12), e0000547",2024,2,N McKay,,,true,true,,0sTkTiv_uMkC,j8_CgoEAAAAJ,2025-02-15,thehuntforholoceneabruptclimatechange
theorbitingcarbonobservatory2oco2andinsi-2024,The orbiting carbon observatory-2 (OCO-2) and in situ CO2 data suggest a larger seasonal amplitude of the terrestrial carbon cycle compared to many dynamic global vegetation models,"R Lei, J Poe, D Huntzinger, J Liu, S Stich, DF Baker, L Feng, DC Gaeta, Z Huang, SM Miller",Remote Sensing of Environment,"312, 114326",2024,2,D Huntzinger,,,false,true,,ML0RJ9NH7IQC,e4XX478AAAAJ,2025-02-15,theorbitingcarbonobservatory2oco2andinsituco2datasuggestalargerseasonalamplitudeoftheterrestrialcarboncyclecomparedtomanydynamicglobalvegetationmodels
theroleofwaterinecosystemssdg66achieving-2024,The role of water in ecosystems (SDG 6.6): achieving sustainable development for spring ecosystems,"DK Kreamer, LE Stevens, AE Springer",Water Matters,121-128,2024,0,A Springer,,,true,true,,NJ774b8OgUMC,X53gmAQAAAAJ,2025-02-15,theroleofwaterinecosystemssdg66achievingsustainabledevelopmentforspringecosystems
thewhereandwhyoflargewoodoccurrenceinthe-2024,The where and why of large wood occurrence in the Upper Mississippi and Illinois Rivers,"MV Appledorn, KJ Jankowski, K Gahm, S Budd, D Baumann, B Bennie, R Erickson, R Haro, J Rohweder",Earth Surface Processes and Landforms,,2024,0,R Haro,,,false,true,,iH-uZ7U-co4C,vECIU2QAAAAJ,2025-02-15,thewhereandwhyoflargewoodoccurrenceintheuppermississippiandillinoisrivers
towardmendingthemarinemassbalancemodelfo-2024,Toward mending the marine mass balance model for nickel: Experimentally determined isotope fractionation during Ni sorption to birnessite,"LE Wasylenki, RM Wells, LJ Spivak-Birndorf, EJ Baransky, AJ Frierdich",Geochimica et Cosmochimica Acta,"379, 76-88",2024,5,L Wasylenki,Eva Baransky,,false,true,,f2IySw72cVMC,QVFkTAgAAAAJ,2025-02-15,towardmendingthemarinemassbalancemodelfornickelexperimentallydeterminedisotopefractionationduringnisorptiontobirnessite
understoryarthropoddiversityinamixeddryl-2024,"Understory Arthropod Diversity in a Mixed Dryland Ecosystem, Hawai ‘i","MJ Medeiros, WP Haines, CE Aslan, AB Shiels, A Aue, CT Liang",Pacific Science,"77 (4), 363-382",2024,0,C Aslan,,,true,true,,SeFeTyx0c_EC,OQcWVAoAAAAJ,2025-02-15,understoryarthropoddiversityinamixeddrylandecosystemhawaii
unlockingthepowerofemotionalconnectionss-2024,Unlocking the Power of Emotional Connections: Strategies for Teaching Climate Change in Middle School,"Godin, E.L., Johanson, J.E.",Science scope,"47(5), 15-23",2024,1,,,Emily Godin,true,true,,,,,unlockingthepowerofemotionalconnectionsstrategiesforteachingclimatechangeinmiddleschool
vertebrateherbivoryinaridsystemrestorati-2024,Vertebrate Herbivory in Arid System Restoration Success: AN Exploratory Case Study and Systematic Review,"K Fankhauser, A Shiels, C Aslan",The Southwestern Naturalist,"68 (3), 166-178",2024,0,C Aslan,Kaci Fankhauser,,true,true,,D03iK_w7-QYC,OQcWVAoAAAAJ,2025-02-15,vertebrateherbivoryinaridsystemrestorationsuccessanexploratorycasestudyandsystematicreview
volatilesandredoxalongtheeastafricanrift-2024,Volatiles and redox along the East African Rift,"M Brounce, S Scoggins, TP Fischer, H Ford, J Byrnes","Geochemistry, Geophysics, Geosystems","25 (8), e2024GC011657",2024,1,J Byrnes,,,false,true,,ldfaerwXgEUC,Tu_tGfwAAAAJ,2025-02-15,volatilesandredoxalongtheeastafricanrift
watershedscaleprovenanceheterogeneitywit-2024,"Watershed-scale provenance heterogeneity within Eocene nonmarine basin fill: Southern Greater Green River Basin, western USA","EC Parrish, AR Carroll, H Gregorich, ME Smith, C Schwaderer",Geological Society of America Bulletin,"136 (5-6), 1787-1807",2024,3,M Smith,Holly Gregorich,,true,true,,U_h31ocWZrQC,CBG7OuAAAAAJ,2025-02-15,watershedscaleprovenanceheterogeneitywithineocenenonmarinebasinfillsoutherngreatergreenriverbasinwesternusa
widerpaleogeographicaldistributionofboth-2024,Wider paleogeographical distribution of bothremydid turtles in northern south america during the paleocene eocene,"EAC Rueda, B Benítez, FE Apen, JL Crowley, J Cottle, C Jaramillo",Asociación Paleontológica Argentina,,2024,0,F Apen,,,false,true,,0EnyYjriUFMC,s-uRSoYAAAAJ,2025-02-15,widerpaleogeographicaldistributionofbothremydidturtlesinnorthernsouthamericaduringthepaleoceneeocene
agevariabilityanddecadaltimeaveragingino-2023,Age variability and decadal time-averaging in oyster reef death assemblages,"SR Durham, GP Dietl, Q Hua, JC Handley, D Kaufman, CP Clark",Geology,"51 (11), 1067-1071",2023,1,D Kaufman,,,false,true,,Cvh0bltMcLgC,KpeykKsAAAAJ,2025-02-15,agevariabilityanddecadaltimeaveraginginoysterreefdeathassemblages
aminoacidgeochronology-2023,Amino acid geochronology,"D Kaufman, G Miller",Elsevier,,2023,1,D Kaufman,,,false,true,,ZysSsiWj_g4C,KpeykKsAAAAJ,2025-02-15,aminoacidgeochronology
anewdeglacialclimateandsealevelrecordfro-2023,"A new deglacial climate and sea-level record from 20 to 8 ka from IODP381 site M0080, Alkyonides Gulf, eastern Mediterranean","I Mazzini, TM Cronin, RL Gawthorpe, REL Collier, GD Gelder, AR Golub, MR Toomey, RK Poirier, H-HM Huang, MP Phillips, LC McNeill, DJ Shillington",Quaternary Science Reviews,"313, 108192",2023,7,D Shillington,,,true,true,,eJXPG6dFmWUC,bDSq2ksAAAAJ,2025-02-15,anewdeglacialclimateandsealevelrecordfrom20to8kafromiodp381sitem0080alkyonidesgulfeasternmediterranean
apseudoproxyemulationofthepages2kdatabas-2023,A pseudoproxy emulation of the PAGES 2k database using a hierarchy of proxy system models,"F Zhu, J Emile-Geay, KJ Anchukaitis, NP McKay, S Stevenson, Z Meng",Scientific Data,"10 (1), 624",2023,7,N McKay,,,true,true,,9shLKfS_uJEC,j8_CgoEAAAAJ,2025-02-15,apseudoproxyemulationofthepages2kdatabaseusingahierarchyofproxysystemmodels
articulatingsystemchangetoeffectivelyand-2023,Articulating system change to effectively and justly address the climate crisis,"D Stuart, B Petersen, R Gunderson",Globalizations,"20 (3), 432-446",2023,9,D Stuart,,,true,true,,URolC5Kub84C,cc0d2WUAAAAJ,2025-02-15,articulatingsystemchangetoeffectivelyandjustlyaddresstheclimatecrisis
aseismictomographygravityandflexurestudy-2023,"A seismic tomography, gravity, and flexure study of the crust and upper mantle structure of the Hawaiian Ridge: 1","BG MacGregor, RA Dunn, AB Watts, C Xu, DJ Shillington",Journal of Geophysical Research: Solid Earth,"128 (12), e2023JB027218",2023,4,D Shillington,,,true,true,,V3AGJWp-ZtQC,bDSq2ksAAAAJ,2025-02-15,aseismictomographygravityandflexurestudyofthecrustanduppermantlestructureofthehawaiianridge1
atthefrontierofwaterconservationattendin-2023,"At the frontier of water conservation: Attending to relationships, values, and practices for inclusive infrastructure",L Radonic,Human Organization,"82 (3), 235-247",2023,4,L Radonic,,,false,true,,Zph67rFs4hoC,eLQPg4oAAAAJ,2025-02-15,atthefrontierofwaterconservationattendingtorelationshipsvaluesandpracticesforinclusiveinfrastructure
breakingplatescreationoftheeastanatolian-2023,"Breaking plates: Creation of the East Anatolian fault, the Anatolian plate, and a tectonic escape system","DL Whitney, JR Delph, SN Thomson, SL Beck, GY Brocard, MA Cosca, MH Darin, N Kaymakci, MJM Meijers, AI Okay, B Rojay, C Teyssier, PJ Umhoefer",Geology,"51 (7), 673-677",2023,28,P Umhoefer,Michael Darin,,false,true,,FPJr55Dyh1AC,ZLMsh8MAAAAJ,2025-02-15,breakingplatescreationoftheeastanatolianfaulttheanatolianplateandatectonicescapesystem
bridgingthegapbetweenmathematicalbiology-2023,Bridging the Gap Between Mathematical Biology and Undergraduate Education Using Applicable Natural Resource Modeling,"RA Erickson, D Baumann, B Bennie, W Bungula, AR Cupp, J Diffendorfer, EA Eager, RJ Haro, KJ Jankowski, DM Larson, G Sandland, MV Appledorn, J Peirce",Letters in Biomathematics,"10 (1), 185-191",2023,1,R Haro,,,false,true,,j3f4tGmQtD8C,vECIU2QAAAAJ,2025-02-15,bridgingthegapbetweenmathematicalbiologyandundergraduateeducationusingapplicablenaturalresourcemodeling
broadbandoceanbottomseismometernoiseprop-2023,Broad-band ocean bottom seismometer noise properties,"HA Janiszewski, Z Eilon, JB Russell, B Brunsvik, JB Gaherty, SG Mosher, WB Hawley, S Coats",Geophysical Journal International,"233 (1), 297-315",2023,23,J Gaherty,,,true,true,,FPJr55Dyh1AC,uglQirIAAAAJ,2025-02-15,broadbandoceanbottomseismometernoiseproperties
characterizationofenvironmentalseismicsi-2023,"Characterization of environmental seismic signals in a post‐wildfire environment: Examples from the Museum Fire, AZ","R Porter, T Joyal, R Beers, A Youberg, J Loverich, E Schenk, PR Robichaud",Journal of Geophysical Research: Earth Surface,"105, essoar. 10512638",2023,5,T Joyal; R Porter,Rebecca Beers,,true,true,,8k81kl-MbHgC,LUAnXfsAAAAJ,2025-02-15,characterizationofenvironmentalseismicsignalsinapostwildfireenvironmentexamplesfromthemuseumfireaz
comparingcommonbuffelgrasspennisetumcili-2023,Comparing common Buffelgrass (Pennisetum ciliare) removal techniques: cost efficacy and response of native plant community,"HI Rowe, TA Sprague, M Fastiggi, P Staker",Biological Invasions,"25 (9), 2901-2916",2023,2,H Rowe,,,false,true,,Wp0gIr-vW9MC,NRUIqxcAAAAJ,2025-02-15,comparingcommonbuffelgrasspennisetumciliareremovaltechniquescostefficacyandresponseofnativeplantcommunity
dansgaardoeschgereventsinclimatemodelsre-2023,Dansgaard–Oeschger events in climate models: review and baseline Marine Isotope Stage 3 (MIS3) protocol,"I Malmierca-Vallet, LC Sime",Climate of the Past,"19 (5), 915-942",2023,31,M Erb,,,false,true,,oPLKW5k6eA4C,6w5ZNo4AAAAJ,2025-02-15,dansgaardoeschgereventsinclimatemodelsreviewandbaselinemarineisotopestage3mis3protocol
deepkarstaquiferspringflowtrendsinawater-2023,"Deep-karst aquifer spring-flow trends in a water-limited system, Grand Canyon National Park, USA","HE Chambless, AE Springer, M Evans, N Jones",Hydrogeology Journal,"31 (7), 1755-1771",2023,1,A Springer,Natalie Jones,Matt Evans,true,true,,1yQoGdGgb4wC,X53gmAQAAAAJ,2025-02-15,deepkarstaquiferspringflowtrendsinawaterlimitedsystemgrandcanyonnationalparkusa
deepsubseafloorbiogeochemicalprocessesan-2023,Deep Subseafloor Biogeochemical Processes and Microbial Populations Potentially Associated with the 2011 Tohoku-oki Earthquake at the Japan Trench Accretionary Wedge (IODP …,"S Kawagucci, S Sakai, E Tasumi, M Hirai, Y Takaki, T Nunoura, M Saitoh, Y Ueno, N Yoshida, T Shibuya, JC Sample, T Okumura, K Takai",Microbes and Environments,"38 (2), ME22108",2023,1,J Sample,,,false,true,,l7t_Zn2s7bgC,JL2daQcAAAAJ,2025-02-15,deepsubseafloorbiogeochemicalprocessesandmicrobialpopulationspotentiallyassociatedwiththe2011tohokuokiearthquakeatthejapantrenchaccretionarywedgeiodp
developmentandapplicationofthebranchedan-2023,Development and application of the Branched and Isoprenoid GDGT Machine learning Classification algorithm (BIGMaC) for paleoenvironmental reconstruction,"P Martínez‐Sosa, JE Tierney, LC Pérez‐Angel, IC Stefanescu, J Guo, Fédér Kirkels, J Sepúlveda, F Peterse, BN Shuman, AV Reyes",Paleoceanography and Paleoclimatology,"38 (7), e2023PA004611",2023,19,C Routson,,,false,true,,ns9cj8rnVeAC,TQAQTl0AAAAJ,2025-02-15,developmentandapplicationofthebranchedandisoprenoidgdgtmachinelearningclassificationalgorithmbigmacforpaleoenvironmentalreconstruction
discoveryofanactiveforearcfaultinanurban-2023,"Discovery of an Active Forearc Fault in an Urban Region: Holocene Rupture on the XEOLXELEK‐Elk Lake Fault, Victoria, British Columbia, Canada","N Harrichhausen, T Finley, KD Morell, C Regalla, SEK Bennett, LJ Leonard, E Nissen, E McLeod, EM Lynch, G Salomon, I Sethanant",Tectonics,"42 (12), e2023TC008170",2023,4,C Regalla,Emerson Lynch,,true,true,,_tF6a-HnqWAC,PdHBgEUAAAAJ,2025-02-15,discoveryofanactiveforearcfaultinanurbanregionholoceneruptureonthexeolxelekelklakefaultvictoriabritishcolumbiacanada
disturbanceandinvasiveplantoccurrencealo-2023,Disturbance and Invasive Plant Occurrence along High-Elevation Boundaries Surrounding California Protected Areas,"N Otto, M Brunson, C Aslan",Natural Areas Journal,"43 (1), 72-77",2023,0,C Aslan,,,true,true,,2P1L_qKh6hAC,OQcWVAoAAAAJ,2025-02-15,disturbanceandinvasiveplantoccurrencealonghighelevationboundariessurroundingcaliforniaprotectedareas
earlyholocenelaurentideicesheetretreatin-2023,Early Holocene Laurentide Ice Sheet Retreat Influenced Summer Atmospheric Circulation in Baffin Bay,"EK Thomas, AA Cluett, MP Erb, NP McKay, JP Briner, IS Castañeda, MC Corcoran, OC Cowling, DB Gorbey, KR Lindberg, KK Prince, J Salacup",Geophysical Research Letters,"50 (13), e2023GL103428",2023,3,M Erb; N McKay,,,true,true,,zUl2_INMlC4C,6w5ZNo4AAAAJ,2025-02-15,earlyholocenelaurentideicesheetretreatinfluencedsummeratmosphericcirculationinbaffinbay
effectivecollaborativedecisionmakingincl-2023,Effective Collaborative Decision-Making Includes Stakeholder Analysis and Communication,"RA Parnell, A Gangwish",A Practical Guide for Developing Cross-Disciplinary Collaboration Skills …,,2023,9,R Parnell,,,false,true,,J_g5lzvAfSwC,IoVNx7IAAAAJ,2025-02-15,effectivecollaborativedecisionmakingincludesstakeholderanalysisandcommunication
emplacementmechanismsofsubaqueoussedimen-2023,"Emplacement mechanisms of subaqueous sediment gravity flows: Pleistocene cohesive debris flow deposits from an active rift basin, Gulf of Corinth, Greece","G Carter, T Dodd, P Emrys, RL Gawthorpe, L Mcneill, D Shillington, M-L Doan, M Ford, GD Gelder, C Nixon",Marine Geology,,2023,0,D Shillington,,,true,true,,XiVPGOgt02cC,bDSq2ksAAAAJ,2025-02-15,emplacementmechanismsofsubaqueoussedimentgravityflowspleistocenecohesivedebrisflowdepositsfromanactiveriftbasingulfofcorinthgreece
episodicintraplatemagmatismfedbyalongliv-2023,Episodic intraplate magmatism fed by a long-lived melt channel of distal plume origin,"S Naif, NC Miller, DJ Shillington, A Bécel, D Lizarralde, D Bassett, SR Hemming",Science Advances,"9 (23), eadd3761",2023,7,D Shillington,,,true,true,,VOx2b1Wkg3QC,bDSq2ksAAAAJ,2025-02-15,episodicintraplatemagmatismfedbyalonglivedmeltchannelofdistalplumeorigin
estimatingproximityeffectstowildfirefuel-2023,"Estimating proximity effects to wildfire fuels treatments on house prices in Cibola National Forest, New Mexico, USA","RA Fitch, JM Mueller, J Meldrum, C Huber",Landscape and Urban Planning,"238, 104838",2023,6,J Mueller,,,false,true,,TQgYirikUcIC,brG-UpsAAAAJ,2025-02-15,estimatingproximityeffectstowildfirefuelstreatmentsonhousepricesincibolanationalforestnewmexicousa
evolutionofmiocenenormalanddextralfaulti-2023,"Evolution of Miocene normal and dextral faulting in the lower Colorado River region near Blythe, California, USA","SP Mavor, SEK Bennett, RS Crow, JS Singleton, V Langenheim, D Stockli, M Stelten, TAB Sr, PJ Umhoefer, LS Beard",Geosphere,"19 (5), 1180-1209",2023,3,P Umhoefer,,,false,true,,PVjk1bu6vJQC,ZLMsh8MAAAAJ,2025-02-15,evolutionofmiocenenormalanddextralfaultinginthelowercoloradoriverregionnearblythecaliforniausa
forearcseismogenesisinaweaklycoupledsubd-2023,Forearc seismogenesis in a weakly coupled subduction zone influenced by slab mantle fluids,"D Cordell, S Naif, R Evans, K Key, S Constable, D Shillington, A Bécel",Nature Geoscience,"16 (9), 822-827",2023,13,D Shillington,,,true,true,,BrmTIyaxlBUC,bDSq2ksAAAAJ,2025-02-15,forearcseismogenesisinaweaklycoupledsubductionzoneinfluencedbyslabmantlefluids
geodynamicsofcontinentalriftinitiationan-2023,Geodynamics of continental rift initiation and evolution,"S Brune, F Kolawole, J-A Olive, DS Stamps, WR Buck, SJH Buiter, T Furman, DJ Shillington",Nature Reviews Earth & Environment,"4 (4), 235-253",2023,124,D Shillington,,,true,true,,fQNAKQ3IYiAC,bDSq2ksAAAAJ,2025-02-15,geodynamicsofcontinentalriftinitiationandevolution
globalgovernanceforpandemicpreventionand-2023,Global governance for pandemic prevention and the wildlife trade,"E Gallo-Cajiao, S Lieberman, N Dolšak, A Prakash, R Labonté, D Biggs, C Franklin, TH Morrison, AM Viens, RA Fuller, R Aguiar, P Fidelman, JEM Watson, Céc Aenishaenslin, M Wiktorowicz",The Lancet Planetary Health,"7 (4), e336-e345",2023,29,D Biggs,,,false,true,,tkaPQYYpVKoC,zQTZixsAAAAJ,2025-02-15,globalgovernanceforpandemicpreventionandthewildlifetrade
globallycoherentwatercycleresponsetotemp-2023,Globally coherent water cycle response to temperature change during the past two millennia,"BL Konecky, NP McKay, GM Falster, SL Stevenson, MJ Fischer, AR Atwood, DM Thompson, MD Jones, JJ Tyler, KL DeLong, B Martrat, EK Thomas, JL Conroy, SG Dee, L Jonkers, OV Churakova, Zán Kern, T Opel, TJ Porter, HR Sayani, G Skrzypek",Nature Geoscience,"16 (11), 997-1004",2023,23,N McKay,,,true,true,,VRfTbSk87rEC,j8_CgoEAAAAJ,2025-02-15,globallycoherentwatercycleresponsetotemperaturechangeduringthepasttwomillennia
globalsynthesisofregionalholocenehydrocl-2023,Global synthesis of regional Holocene hydroclimate variability using proxy and model data,"CL Hancock, NP McKay, MP Erb, DS Kaufman, CR Routson, RF Ivanovic, LJ Gregoire, P Valdes",Paleoceanography and Paleoclimatology,"38 (6), e2022PA004597",2023,12,M Erb; D Kaufman; N McKay; C Routson,Chris Hancock,,true,true,,BJrgspguQaEC,6w5ZNo4AAAAJ,2025-02-15,globalsynthesisofregionalholocenehydroclimatevariabilityusingproxyandmodeldata
governanceprinciplesforthewildlifetradet-2023,Governance principles for the wildlife trade to reduce spillover and pandemic risk,"D Biggs, AJ Peel, C Astaras, A Braczkowski, H Cheung, C-Y Choi, RD Orume, Hán Cáceres-Escobar, J Phelps, RK Plowright, J Rooyen, J Velden, H McCallum","CABI One Health, ohcs",s202300013,2023,4,D Biggs,,,false,true,,XiVPGOgt02cC,zQTZixsAAAAJ,2025-02-15,governanceprinciplesforthewildlifetradetoreducespilloverandpandemicrisk
heterogeneousstraindistributioninthemala-2023,"Heterogeneous Strain Distribution in the Malawi (Nyasa) Rift, East Africa: Implications for Rifting in Magma‐Poor, Multi‐Segment Rift Systems","LJM Wright, CA Scholz, JD Muirhead, DJ Shillington",Tectonics,"42 (9), e2022TC007486",2023,8,D Shillington,,,true,true,,kRWSkSYxWN8C,bDSq2ksAAAAJ,2025-02-15,heterogeneousstraindistributioninthemalawinyasarifteastafricaimplicationsforriftinginmagmapoormultisegmentriftsystems
highresolutionxrayfluorescencebasedprove-2023,"High-resolution X-ray fluorescence-based provenance mapping of Eocene fluvial distributary fans that fed ancient Gosiute Lake, Wyoming, USA","ME Smith, HG Gregorich, LA Gipson, RC Krueger, AR Carroll, EC Parrish, AP Walters, S Honig, C Schwaderer, S Meyers, BS Singer, TK Lowenstein, WD Arnuk",Geological Society of America Bulletin,,2023,0,M Smith,Holly Gregorich; Lindsey Gipson; Rachel Krueger,,true,true,,vYYylRVofzEC,CBG7OuAAAAAJ,2025-02-15,highresolutionxrayfluorescencebasedprovenancemappingofeocenefluvialdistributaryfansthatfedancientgosiutelakewyomingusa
howsocialandecologicalcharacteristicssha-2023,"How social and ecological characteristics shape transaction costs in polycentric wildfire governance: insights from the Sequoia-Kings Canyon Ecosystem, California, USA","RP Bixler, RS Epanchin-Niell, MW Brunson, RD Tarver, BA Sikes, M McClure, CE Aslan",Ecology and Society,28 (1),2023,10,C Aslan,,,true,true,,ldfaerwXgEUC,OQcWVAoAAAAJ,2025-02-15,howsocialandecologicalcharacteristicsshapetransactioncostsinpolycentricwildfiregovernanceinsightsfromthesequoiakingscanyonecosystemcaliforniausa
humanperceptionsofcompetinginterestsinsp-2023,Human perceptions of competing interests in springs ecosystem management on public land in southwestern United States,"AJ Lewis, S Kunze, JM Mueller, RA Fitch, AE Springer",Groundwater for Sustainable Development,"22, 100966",2023,7,J Mueller; A Springer,Andrew Lewis,,false,true,,mB3voiENLucC,brG-UpsAAAAJ,2025-02-15,humanperceptionsofcompetinginterestsinspringsecosystemmanagementonpubliclandinsouthwesternunitedstates
identificationofpriorityareaofriverprote-2023,"Identification of Priority Area of River Protected Areas in Sichuan Province,","Piczak, M., Perry, D., Cooke, S., Harrison, I., Benitez, S., Koning, A.A., Peng, L., Limbu, P., Smokorowski, K., Salinas-Rodríguez, S., Koehn, J., Creed, I.",Environmental Reviews,,2023,48,D Perry,,,true,true,,Zph67rFs4hoC,eQIGxvsAAAAJ,2025-02-15,identificationofpriorityareaofriverprotectedareasinsichuanprovince
implicationsofrussiasinvasionofukrainefo-2023,Implications of Russia’s invasion of Ukraine for the governance of biodiversity conservation,"E Gallo-Cajiao, N Dolšak, A Prakash, T Mundkur, PG Harris, RB Mitchell, N Davidson, B Hansen, BK Woodworth, RA Fuller, M Price, N Petkov, V Mauerhofer, TH Morrison, JEM Watson, SU Chowdhury, C Zöckler, O Widerberg, DL Yong, D Klich, V Smagol, J Piccolo, D Biggs",Frontiers in Conservation Science,"4, 989019",2023,17,D Biggs,,,false,true,,t6usbXjVLHcC,zQTZixsAAAAJ,2025-02-15,implicationsofrussiasinvasionofukraineforthegovernanceofbiodiversityconservation
innerforearcfaultsinnortherncascadiadono-2023,Inner forearc faults in northern Cascadia do not accommodate elastic strain driven by the megathrust seismic cycle,"N Harrichhausen, KD Morell, C Regalla",Seismica,2 (4),2023,0,C Regalla,,,true,true,,7Frjd3zlGBUC,PdHBgEUAAAAJ,2025-02-15,innerforearcfaultsinnortherncascadiadonotaccommodateelasticstraindrivenbythemegathrustseismiccycle
integratingtraditionalecologicalknowledg-2023,Integrating traditional ecological knowledge into US public land management: Knowledge gaps and research priorities,"S Souther, S Colombo, NN Lyndon",Frontiers in Ecology and Evolution,"11, 988126",2023,33,S Souther,Sarah Colombo,,true,true,,QIV2ME_5wuYC,zzM06IcAAAAJ,2025-02-15,integratingtraditionalecologicalknowledgeintouspubliclandmanagementknowledgegapsandresearchpriorities
intergovernmentalpanelonclimatechangeipc-2023,Intergovernmental Panel on Climate Change (IPCC). Summary for Policymakers,"RP Allan, PA Arias, S Berger, JG Canadell, C Cassou, D Chen, A Cherchi, SL Connors, E Coppola, FA Cruz, Aïd Diongue-Niang, FJ Doblas-Reyes, Hé Douville, F Driouech, TL Edwards, Fço Engelbrecht, V Eyring, E Fischer, GM Flato, P Forster, B Fox-Kemper, JS Fuglestvedt, JC Fyfe, NP Gillett, MI Gomis, SK Gulev, JéM Gutiérrez, R Hamdi, J Harold, M Hauser, E Hawkins, HT Hewitt, TG Johansen, C Jones, RG Jones, DS Kaufman, Z Klimont, RE Kopp, C Koven, G Krinner, J-Y Lee, I Lorenzoni, J Marotzke, Vér Masson-Delmotte, TK Maycock, M Meinshausen, P Monteiro, A Morelli, V Naik, D Notz, F Otto, MD Palmer, I Pinto, A Pirani, G-K Plattner, K Raghavan, R Ranasinghe, J Rogelj, M Rojas, AC Ruane, J-B Sallée, BørH Samset, SI Seneviratne, J Sillmann, AA Sörensson, TS Stephenson, T Storelvmo, S Szopa, PW Thorne, B Trewin, R Vautard, C Vera, N Yassaa, Sön Zaehle, P Zhai, X Zhang, K Zickfeld",Climate change,2021: The physical science basis. Contribution of working …,2023,436,D Kaufman,,,false,true,,GHsHDPAyICYC,KpeykKsAAAAJ,2025-02-15,intergovernmentalpanelonclimatechangeipccsummaryforpolicymakers
itsasprintnotamarathonacaseforbuildingsh-2023,"It’sa sprint, not a marathon: A case for building short-term partnerships for community-based participatory research","L Radonic, C Jacob, R Kalman, EY Lewis",Qualitative Research,"23 (2), 380-398",2023,18,L Radonic,,,false,true,,8k81kl-MbHgC,eLQPg4oAAAAJ,2025-02-15,itsasprintnotamarathonacaseforbuildingshorttermpartnershipsforcommunitybasedparticipatoryresearch
jointanalysisofseismicandelectricalobser-2023,Joint analysis of seismic and electrical observables beneath the Central Appalachians requires partial melt in the upper mantle,"V Mittal, MD Long, RL Evans, JS Byrnes, M Bezada","Geochemistry, Geophysics, Geosystems","24 (3), e2022GC010690",2023,5,J Byrnes,,,false,true,,mB3voiENLucC,Tu_tGfwAAAAJ,2025-02-15,jointanalysisofseismicandelectricalobservablesbeneaththecentralappalachiansrequirespartialmeltintheuppermantle
journalofilliciteconomiesanddevelopment-2023,Journal of Illicit Economies and Development,"Y Huang, G Lasco, VG Yu, M Wazan, SM Lambertini, RV Gundur, D Brombacher, HF Santos, APdC Oliveira, FI Müller, J Weegels, DE Davis, T Hilgers, DV Hirata, A Cardoso, CC Grillo, OAdS Junior, DA Lyra, RC Dirk, M Araujo, D Petti, LGér Rivera, LD Mejía, F Fernández, F Ginocchio, E Grassiani, R Díaz, M Hochmüller, B Windhauser, Gég Salle, C Farfán-Méndez, RLC Grandmaison, N Morris, JFán Velázquez, B Smith, I Alvarez, P Gaussens, P Frissard, E Ziosi, Z Pearson, A Skiba, K McSweeney, E Nielsen, J Piccorelli",Policy,"4 (2), 204-222",2023,0,E Nielsen,,,false,true,,cFHS6HbyZ2cC,vAflpUkAAAAJ,2025-02-15,journalofilliciteconomiesanddevelopment
lakedynamicsmodulatetheairtemperaturevar-2023,Lake dynamics modulate the air temperature variability recorded by sedimentary aquatic biomarkers: A Holocene case study from western Greenland,"AA Cluett, EK Thomas, NP McKay, OC Cowling, IS Castañeda, C Morrill",Journal of Geophysical Research: Biogeosciences,"128 (7), e2022JG007106",2023,6,N McKay,,,true,true,,xGWFX6Gbr9MC,j8_CgoEAAAAJ,2025-02-15,lakedynamicsmodulatetheairtemperaturevariabilityrecordedbysedimentaryaquaticbiomarkersaholocenecasestudyfromwesterngreenland
landownerpreferencesfortreeconfiguration-2023,Landowner preferences for tree configurations in rural Costa Rica: a photo-based survey approach,"SL Lehnert, KE Grimm, CE Aslan, SJK Frey, MM Mark",Regional Environmental Change,"23 (3), 104",2023,0,C Aslan; K Grimm,Savannah Lehnert,,true,true,,pqnbT2bcN3wC,OQcWVAoAAAAJ,2025-02-15,landownerpreferencesfortreeconfigurationsinruralcostaricaaphotobasedsurveyapproach
latepleistocenetoholocenetranstensionint-2023,Late Pleistocene to Holocene transtension in the northern Cascadia forearc: Evidence from surface ruptures along the Beaufort Range fault,"EM Lynch, CA Regalla, KD Morell, N Harrichhausen, LJ Leonard",Authorea Preprints,,2023,1,C Regalla,Emerson Lynch,,true,true,,DXE8ND7PrJAC,PdHBgEUAAAAJ,2025-02-15,latepleistocenetoholocenetranstensioninthenortherncascadiaforearcevidencefromsurfacerupturesalongthebeaufortrangefault
lateralvariationsinteleseismicattenuatio-2023,Lateral variations in teleseismic attenuation of the conterminous US and new insights derived from its relationship to Mantle seismic velocity,"MJ Bezada, JS Byrnes, Z Zhu, H Lee",Journal of Geophysical Research: Solid Earth,"128 (12), e2023JB027299",2023,5,J Byrnes,,,false,true,,r0BpntZqJG4C,Tu_tGfwAAAAJ,2025-02-15,lateralvariationsinteleseismicattenuationoftheconterminoususandnewinsightsderivedfromitsrelationshiptomantleseismicvelocity
linkingecosystemprocessestoconsumergrowt-2023,Linking ecosystem processes to consumer growth rates: gross primary productivity as a driver of freshwater fish somatic growth in a resource-limited river,"LE Hansen, CB Yackulic, BG Dickson, BR Deemer, RJ Best",Canadian Journal of Fisheries and Aquatic Sciences,"80 (9), 1456-1469",2023,4,R Best; B Dickson,Lindsay Hansen,,true,true,,Ltc9rfRcsxEC,MS9xVqIAAAAJ,2025-02-15,linkingecosystemprocessestoconsumergrowthratesgrossprimaryproductivityasadriveroffreshwaterfishsomaticgrowthinaresourcelimitedriver
losingacalftowolvesinswedenhurtsbutiflio-2023,"Losing a calf to wolves in Sweden hurts. But if lions take one in Uganda, a farming family’s income is gone","AR Braczkowski, CJ O'Bryan, D Biggs, S Gilbert",The Conversation Media Group,,2023,0,D Biggs,,,false,true,,eMMeJKvmdy0C,zQTZixsAAAAJ,2025-02-15,losingacalftowolvesinswedenhurtsbutiflionstakeoneinugandaafarmingfamilysincomeisgone
millennialandorbitalscalevariabilityina5-2023,Millennial and orbital-scale variability in a 54 000-year record of total air content from the South Pole ice core,"JA Epifanio, EJ Brook, C Buizert, EC Pettit, JS Edwards, JM Fegyveresi, TA Sowers, JP Severinghaus, EC Kahle",The Cryosphere,"17 (11), 4837-4851",2023,5,J Fegyveresi,Joshua Edwards,,false,true,,vV6vV6tmYwMC,y6CEvEMAAAAJ,2025-02-15,millennialandorbitalscalevariabilityina54000yearrecordoftotalaircontentfromthesouthpoleicecore
modeledforestconversioninfluenceshumidtr-2023,Modeled forest conversion influences humid tropical watershed hydrology more than projected climate change,"T Joyal, AK Fremier, J Boll",Hydrology,"10 (8), 160",2023,2,T Joyal,,,false,true,,5nxA0vEk-isC,LUAnXfsAAAAJ,2025-02-15,modeledforestconversioninfluenceshumidtropicalwatershedhydrologymorethanprojectedclimatechange
multiyeartracingofspatialandtemporaldyna-2023,Multi‐Year Tracing of Spatial and Temporal Dynamics of Post‐Fire Aeolian Sediment Transport Using Rare Earth Elements Provide Insights Into Grassland Management,"WJ Burger, RSV Pelt, DE Grandstaff, G Wang, TT Sankey, J Li, JB Sankey, S Ravi",Journal of Geophysical Research: Earth Surface,"128 (11), e2023JF007274",2023,2,T Sankey,,,false,true,,nWoA1JPTheMC,3zszVGYAAAAJ,2025-02-15,multiyeartracingofspatialandtemporaldynamicsofpostfireaeoliansedimenttransportusingrareearthelementsprovideinsightsintograsslandmanagement
noaawdspaleoclimatologyblakebahamaouterr-2023,"NOAA/WDS Paleoclimatology-Blake Bahama Outer Ridge and Humber Estuary, UK Oxidizing Pre-Treatments on Amino Acids Data over the last 900ka","E Millman, LJ Wheeler, K Billups, DS Kaufman, KEH Penkman",NOAA National Centers for Environmental Information,,2023,0,D Kaufman,,,false,true,,u_mOZUIutIEC,KpeykKsAAAAJ,2025-02-15,noaawdspaleoclimatologyblakebahamaouterridgeandhumberestuaryukoxidizingpretreatmentsonaminoacidsdataoverthelast900ka
noaawdspaleoclimatologyquaternaryarctico-2023,NOAA/WDS Paleoclimatology-Quaternary Arctic Ocean Foraminifer Amino Acid Racemization Data,"G West, DS Kaufman, M Jakobsson, M O'Regan",NOAA National Centers for Environmental Information,,2023,0,D Kaufman,,,false,true,,rpSJNIKeXWsC,KpeykKsAAAAJ,2025-02-15,noaawdspaleoclimatologyquaternaryarcticoceanforaminiferaminoacidracemizationdata
noconsistentsimulatedtrendsintheatlantic-2023,"No consistent simulated trends in the Atlantic Meridional Overturning Circulation for the past 6,000 years","Z Jiang, CM Brierley, Jür Bader, P Braconnot, M Erb, PO Hopcroft, D Jiang, J Jungclaus, V Khon, G Lohmann, O Marti, MB Osman, B Otto‐Bliesner, B Schneider, X Shi, DJR Thornalley, Z Tian, Q Zhang",Geophysical Research Letters,"50 (10), e2023GL103078",2023,3,M Erb,,,false,true,,YTuZlYwrTOUC,6w5ZNo4AAAAJ,2025-02-15,noconsistentsimulatedtrendsintheatlanticmeridionaloverturningcirculationforthepast6000years
novelapproachesforunderstandinggroundwat-2023,“Novel approaches for understanding groundwater dependent ecosystems in a changing environment”,"E Rosa, M Larocque, CE Hatch, AE Springer",Frontiers in Earth Science,"11, 1165061",2023,0,A Springer,,,true,true,,VL0QpB8kHFEC,X53gmAQAAAAJ,2025-02-15,novelapproachesforunderstandinggroundwaterdependentecosystemsinachangingenvironment
onshoreoffshoretrendsinthetemporalresolu-2023,Onshore-offshore trends in the temporal resolution of molluscan death assemblages: how age-frequency distributions reveal Quaternary sea-level history,"MDN Ritter, F Erthal, MA Kosnik, Mł Kowalewski, JãoC Coimbra, F Caron, DS Kaufman",Palaios,"38 (3), 148-157",2023,15,D Kaufman,,,false,true,,HqhvjgTjE9cC,KpeykKsAAAAJ,2025-02-15,onshoreoffshoretrendsinthetemporalresolutionofmolluscandeathassemblageshowagefrequencydistributionsrevealquaternarysealevelhistory
organicmatteraccumulationanddegradationi-2023,"Organic-Matter Accumulation and Degradation in Holocene Permafrost Deposits Along a Central Alaska Hillslope, 2020-2022","LP Marshall, DS Kaufman, RS Anderson, NP McKay, EAG Schuur",Journal of Geophysical Research: Biogeosciences,"128 (9), e2022JG007290",2023,4,R Anderson; D Kaufman; N McKay,Leah Marshall,,true,true,,NZNkWSpQBv0C,KpeykKsAAAAJ,2025-02-15,organicmatteraccumulationanddegradationinholocenepermafrostdepositsalongacentralalaskahillslope20202022
oysterdeathassemblagesasarchivesofhistor-2023,Oyster Death Assemblages as Archives of Historical Information for Studying Long-Term Trends in Oyster Body Size,"SR Durham, GP Dietl, JC Handley, Q Hua, CP Clark, JQ Pier, DS Kaufman",Bulletin of the Florida Museum of Natural History,"60 (2), 75-75",2023,0,D Kaufman,,,false,true,,5rMqqAh47xYC,KpeykKsAAAAJ,2025-02-15,oysterdeathassemblagesasarchivesofhistoricalinformationforstudyinglongtermtrendsinoysterbodysize
postglacialenvironmentalchangeinferredfr-2023,"Postglacial environmental change inferred from carbonate‐and organic‐rich sediments of groundwater‐fed Kelly Lake, Kenai Peninsula, south‐central Alaska","EA Wrobleski, E Broadman, A Werner, DT Rodbell, DS Kaufman",Journal of Quaternary Science,"38 (8), 1233-1250",2023,1,D Kaufman,Ellie Broadman; Emily Wrobleski,,false,true,,ufKn5pxu7C0C,KpeykKsAAAAJ,2025-02-15,postglacialenvironmentalchangeinferredfromcarbonateandorganicrichsedimentsofgroundwaterfedkellylakekenaipeninsulasouthcentralalaska
reprocessingoflegacyseismicreflectionpro-2023,Reprocessing of legacy seismic reflection profile data and its implications for plate flexure in the vicinity of the Hawaiian Islands,"P Cilli, AB Watts, B Boston, DJ Shillington",Journal of Geophysical Research: Solid Earth,"128 (9), e2023JB026577",2023,8,D Shillington,,,true,true,,q3oQSFYPqjQC,bDSq2ksAAAAJ,2025-02-15,reprocessingoflegacyseismicreflectionprofiledataanditsimplicationsforplateflexureinthevicinityofthehawaiianislands
revisioningandreinvigoratingahydrogeolog-2023,Revisioning and reinvigorating a hydrogeology distinguished lecture tour through learner-engaged workshops,"AE Springer, S Heimel, JL Riddell, T Dwyer, M Fichera, M Jones, EJ Kutsienyo, S Lilley, D Baude",Discover Water,"3 (1), 26",2023,0,A Springer,,,true,true,,PR6Y55bgFSsC,X53gmAQAAAAJ,2025-02-15,revisioningandreinvigoratingahydrogeologydistinguishedlecturetourthroughlearnerengagedworkshops
revisitingtheholoceneglobaltemperatureco-2023,Revisiting the Holocene global temperature conundrum,"DS Kaufman, E Broadman",Nature,"614 (7948), 425-435",2023,177,D Kaufman,Ellie Broadman,,false,true,,ujxm2eEBZHIC,KpeykKsAAAAJ,2025-02-15,revisitingtheholoceneglobaltemperatureconundrum
russiasaggressionthreatenseffortstoprote-2023,Russia’s aggression threatens efforts to protect nature beyond Ukraine,"E GALLO-CAJIAO, D BIGGS, N DOLSAK, P HARRIS",The Conversation,,2023,0,D Biggs,,,false,true,,_B80troHkn4C,zQTZixsAAAAJ,2025-02-15,russiasaggressionthreatenseffortstoprotectnaturebeyondukraine
seismicarchitectureofthelithosphereasthe-2023,Seismic Architecture of the Lithosphere-Asthenosphere System in the Western United States from a Joint Inversion of Body- and Surface-wave Observations: Distribution of Partial …,"J Byrnes, J Gaherty, E Hopper",Seismica,2 (2),2023,6,J Byrnes; J Gaherty,,,true,true,,BqipwSGYUEgC,Tu_tGfwAAAAJ,2025-02-15,seismicarchitectureofthelithosphereasthenospheresysteminthewesternunitedstatesfromajointinversionofbodyandsurfacewaveobservationsdistributionofpartial
shiningaspotlightonour2022reviewersforjg-2023,Shining a Spotlight on Our 2022 Reviewers for JGR: Biogeosciences.,"D Huntzinger, B Bond‐Lamberty, AR Desai, MA Xenopoulos",Journal of Geophysical Research. Biogeosciences,128 (4),2023,2,D Huntzinger,,,false,true,,VLnqNzywnoUC,e4XX478AAAAJ,2025-02-15,shiningaspotlightonour2022reviewersforjgrbiogeosciences
simulatingthesourcewatersforthewilkinspe-2023,Simulating the source waters for the Wilkins Peak Member evaporite sequence with modern soda spring analogues,"WD Arnuk, TK Lowenstein, EM Klonowski, AR Carroll, ME Smith",Applied Geochemistry,"151, 105597",2023,6,M Smith,,,true,true,,InLRhUNj-rwC,CBG7OuAAAAAJ,2025-02-15,simulatingthesourcewatersforthewilkinspeakmemberevaporitesequencewithmodernsodaspringanalogues
soilsurfacetreatmentsandprecipitationtim-2023,Soil surface treatments and precipitation timing determine seedling development across southwestern US restoration sites,"HL Farrell, SM Munson, BJ Butterfield, MC Duniway, AM Faist, ES Gornish, CA Havrilla, L Larios, SC Reed, HI Rowe, KM Laushman, ML McCormick",Ecological Applications,"33 (4), e2834",2023,9,H Rowe,Molly Mccormick,,false,true,,4DMP91E08xMC,NRUIqxcAAAAJ,2025-02-15,soilsurfacetreatmentsandprecipitationtimingdetermineseedlingdevelopmentacrosssouthwesternusrestorationsites
suspendedsedimentdepositionandsedimentyi-2023,"Suspended sediment deposition and sediment yields at Lake Peters, northeast Brooks Range, Alaska: Fluvial‐and lake‐based approaches","LL Thurston, E Schiefer, NP McKay, DS Kaufman",Earth Surface Processes and Landforms,"48 (13), 2521-2535",2023,2,D Kaufman; N McKay,Lorna Thurston,,true,true,,wkm4DBaukwsC,KpeykKsAAAAJ,2025-02-15,suspendedsedimentdepositionandsedimentyieldsatlakepetersnortheastbrooksrangealaskafluvialandlakebasedapproaches
thesocialfactorsinfluencingcovercropadop-2023,The social factors influencing cover crop adoption in the Midwest: A controlled comparison,"R Popovici, P Ranjan, M Bernard, EM Usher, K Johnson, LS Prokopy",Environmental Management,"72 (3), 614-629",2023,15,P Ranjan,,,true,true,,hFOr9nPyWt4C,UsiCVxYAAAAJ,2025-02-15,thesocialfactorsinfluencingcovercropadoptioninthemidwestacontrolledcomparison
theunequalburdenofhumanwildlifeconflict-2023,The unequal burden of human-wildlife conflict,"AR Braczkowski, CJ O’Bryan, C Lessmann, C Rondinini, AP Crysell, S Gilbert, M Stringer, L Gibson, D Biggs",Communications Biology,"6 (1), 182",2023,94,D Biggs,,,false,true,,AXPGKjj_ei8C,zQTZixsAAAAJ,2025-02-15,theunequalburdenofhumanwildlifeconflict
trackingchinesenewspapercoverageofelepha-2023,Tracking Chinese newspaper coverage of elephant ivory through topic modeling,"Y Gao, Y Liu, Y Luo, D Biggs, W Zhao, SG Clark",Conservation Biology,"37 (5), e14072",2023,4,D Biggs,Sarah Clark,,false,true,,WA5NYHcadZ8C,zQTZixsAAAAJ,2025-02-15,trackingchinesenewspapercoverageofelephantivorythroughtopicmodeling
trainingcommunityengagedclimateadaptatio-2023,Training community engaged climate adaptation leaders using multiple case study analysis: insights from cognitive learning sciences,"S Abercrombie, DL Stuart, CE Aslan, S Souther, BC Petersen",Frontiers in Climate,"5, 1196467",2023,1,C Aslan; S Souther; D Stuart,,,true,true,,HoB7MX3m0LUC,OQcWVAoAAAAJ,2025-02-15,trainingcommunityengagedclimateadaptationleadersusingmultiplecasestudyanalysisinsightsfromcognitivelearningsciences
understandingchinaspoliticalwillforsusta-2023,Understanding China's political will for sustainability and conservation gains,"H Cheung, YP Feng, A Hinsley, TM Lee, HP Possingham, SN Smith, L Thomas-Walters, Y Wang, D Biggs",John Wiley & Sons Ltd on behalf of British Ecological Society.,,2023,7,D Biggs,Sarah Smith; Susan Smith,,false,true,,HE397vMXCloC,zQTZixsAAAAJ,2025-02-15,understandingchinaspoliticalwillforsustainabilityandconservationgains
updateonouractionplanforequityinclusiona-2023,"Update on Our Action Plan for Equity, Inclusion, and Diversity in Publishing at JGR: Biogeosciences","MA Xenopoulos, B Bond‐Lamberty, D Huntzinger, AR Desai, X Feng, WM Hammond, DJP Moore, X Peng, D Sahagian, C Santin, R Vargas, NS Wells, P Wooden",Journal of Geophysical Research: Biogeosciences,"128 (8), e2023JG007712",2023,2,D Huntzinger,,,false,true,,t7zJ5fGR-2UC,e4XX478AAAAJ,2025-02-15,updateonouractionplanforequityinclusionanddiversityinpublishingatjgrbiogeosciences
upperplateresponsetoridgesubductionandoc-2023,"Upper-plate response to ridge subduction and oceanic plateau accretion, Washington Cascades and surrounding region: Implications for plate tectonic evolution of the Pacific …","RB Miller, PJ Umhoefer, MP Eddy, JH Tepper",Geosphere,"19 (4), 1157-1179",2023,7,P Umhoefer,Roy Miller,,false,true,,5qfkUJPXOUwC,ZLMsh8MAAAAJ,2025-02-15,upperplateresponsetoridgesubductionandoceanicplateauaccretionwashingtoncascadesandsurroundingregionimplicationsforplatetectonicevolutionofthepacific
whengoverningurbanwatersdifferentlyfivet-2023,When Governing Urban Waters Differently: Five Tenets for Socio-Environmental Justice in Urban Climate Adaptation Interventions,"L Radonic, A Zuniga-Teran",Sustainability,"15 (2), 1598",2023,12,L Radonic,,,false,true,,3fE2CSJIrl8C,eLQPg4oAAAAJ,2025-02-15,whengoverningurbanwatersdifferentlyfivetenetsforsocioenvironmentaljusticeinurbanclimateadaptationinterventions
willingnesstopayforrenewablysourcedhomeh-2023,Willingness to Pay for Renewably-Sourced Home Heating in the Fairbanks North Star Borough,"GK Roberts, DJ Pride, JM Little, JM Mueller",Energies,"16 (8), 3413",2023,4,J Mueller,Georgia Roberts,,false,true,,hFOr9nPyWt4C,brG-UpsAAAAJ,2025-02-15,willingnesstopayforrenewablysourcedhomeheatinginthefairbanksnorthstarborough
winterrainssupportbutterflydiversitybuts-2023,"Winter Rains Support Butterfly Diversity, but Summer Monsoon Rainfall Drives Post-Monsoon Butterfly Abundance in the Arid Southwest of the US","HI Rowe, B Johnson, J Broatch, TMP Cruz, KL Prudic",Insects,"15 (1), 5",2023,2,H Rowe,,,false,true,,mVmsd5A6BfQC,NRUIqxcAAAAJ,2025-02-15,winterrainssupportbutterflydiversitybutsummermonsoonrainfalldrivespostmonsoonbutterflyabundanceinthearidsouthwestoftheus
abacterialindextoestimatelaketrophicleve-2022,A bacterial index to estimate lake trophic level: National scale validation,"JK Pearman, SA Wood, MJ Vandergoes, J Atalah, S Waters, J Adamson, G Thomson-Laing, L Thompson, JD Howarth, DP Hamilton, X Pochon, L Biessy, KA Brasell, J Dahl, R Ellison, SJ Fitzsimons, H Gard, T Gerrard, R Gregersen, MK Holloway, X Li, DJ Kelly, R Martin, K McFarlane, NP McKay, A Moody, CM Moy, S Naeher, R Newnham, R Parai, Mïl Picard, J Puddick, ABH Rees, L Reyes, M Schallenberg, C Shepherd, J Short, KS Simon, K Steiner, C Šunde, M Terezow, J Tibby",Science of the Total Environment,"812, 152385",2022,19,N McKay,,,true,true,,n3vGvpFsckwC,j8_CgoEAAAAJ,2025-02-15,abacterialindextoestimatelaketrophiclevelnationalscalevalidation
abayesianapproachtointegratingradiometri-2022,A Bayesian approach to integrating radiometric dating and varve measurements in intermittently indistinct sediment,"SH Arcusa, NP McKay, C Wiman, S Patterson, SE Munoz, MA Aquino-López",Geochronology,"4 (1), 409-433",2022,1,N McKay,Stephanie Arcusa; Charlotte Wiman,,true,true,,Og1tA8FjbJAC,j8_CgoEAAAAJ,2025-02-15,abayesianapproachtointegratingradiometricdatingandvarvemeasurementsinintermittentlyindistinctsediment
abruptpermafrostthawacceleratescarbondio-2022,Abrupt permafrost thaw accelerates carbon dioxide and methane release at a tussock tundra site,"H Rodenhizer, F Belshe, G Celis, J Ledman, M Mauritz, S Goetz, T Sankey, EAG Schuur","Arctic, Antarctic, and Alpine Research","54 (1), 443-464",2022,23,T Sankey,,,false,true,,d4tt_xEv1X8C,3zszVGYAAAAJ,2025-02-15,abruptpermafrostthawacceleratescarbondioxideandmethanereleaseatatussocktundrasite
acknowledgingcocainecapitalincentralamer-2022,Acknowledging Cocaine Capital in Central American Development,"Z Pearson, A Skiba, K McSweeney, E Nielsen, J Piccorelli",Journal of Illicit Economies and Development,4 (2),2022,7,E Nielsen,,,false,true,,k_IJM867U9cC,vAflpUkAAAAJ,2025-02-15,acknowledgingcocainecapitalincentralamericandevelopment
acomparativestudyonthespatialdistributio-2022,A comparative study on the spatial distribution characteristics and the driving factors of protected river systems between China and the United States of America,"Li, P., Shen, M., Perry, D., Li, C., Zhao, M., & Yang, P.",Ecological Indicators,"135, 108505",2022,10,D Perry,,,true,true,,MXK_kJrjxJIC,eQIGxvsAAAAJ,2025-02-15,acomparativestudyonthespatialdistributioncharacteristicsandthedrivingfactorsofprotectedriversystemsbetweenchinaandtheunitedstatesofamerica
activeseismicexplorationalongahumanlunar-2022,Active seismic exploration along a human lunar mission traverse analogue in the San Francisco volcanic field,"EB Jr, N Schmerr, R Porter, J Bleacher, K Young, M-H Huang, V Lekic, D Pettit",The Leading Edge,"41 (10), 690-699",2022,4,R Porter,,,true,true,,lYAcb2jw7qUC,VrFY4scAAAAJ,2025-02-15,activeseismicexplorationalongahumanlunarmissiontraverseanalogueinthesanfranciscovolcanicfield
allegedlessepsianforaminiferaprovenative-2022,Alleged Lessepsian foraminifera prove native and suggest Pleistocene range expansions into the Mediterranean Sea,"PG Albano, A Sabbatini, J Lattanzio, J-F Päßler, J Steger, Q Hua, DS Kaufman, Sön Szidat, M Zuschin, A Negri",Marine Ecology Progress Series,"700, 65-78",2022,11,D Kaufman,,,false,true,,hKjooKYXoHIC,KpeykKsAAAAJ,2025-02-15,allegedlessepsianforaminiferaprovenativeandsuggestpleistocenerangeexpansionsintothemediterraneansea
ametaanalysisofagriculturalconservationi-2022,"A meta-analysis of agricultural conservation intentions, behaviors, and practices: Insights from 35 years of quantitative literature in the United States","J Lu, P Ranjan, K Floress, JG Arbuckle, SP Church, FR Eanes, Y Gao, BM Gramig, AS Singh, LS Prokopy",Journal of Environmental Management,"323, 116240",2022,61,P Ranjan,,,true,true,,hC7cP41nSMkC,UsiCVxYAAAAJ,2025-02-15,ametaanalysisofagriculturalconservationintentionsbehaviorsandpracticesinsightsfrom35yearsofquantitativeliteratureintheunitedstates
aminoacidracemizationinneogloboquadrinap-2022,Amino acid racemization in Neogloboquadrina pachyderma and Cibicidoides wuellerstorfi from the Arctic Ocean and its implications for age models,"G West, DS Kaufman, M Jakobsson, M O'Regan",Geochronology Discussions,"2022, 1-24",2022,10,D Kaufman,,,false,true,,wGzT3bKASkAC,KpeykKsAAAAJ,2025-02-15,aminoacidracemizationinneogloboquadrinapachydermaandcibicidoideswuellerstorfifromthearcticoceananditsimplicationsforagemodels
analyzingtheequityofthebraziliannational-2022,Analyzing the Equity of the Brazilian National High School Exam by Validating the Item Response Theory's Invariance.,"V Guardieiro, MM Raimundo, J Poco",EDM,,2022,1,D Huntzinger,,,false,true,,-_dYPAW6P2MC,e4XX478AAAAJ,2025-02-15,analyzingtheequityofthebraziliannationalhighschoolexambyvalidatingtheitemresponsetheorysinvariance
applyingafailfastapproachtoconservationi-2022,Applying a “fail‐fast” approach to conservation in US agriculture,"CB Wardropper, LA Esman, SC Harden, YJ Masuda, P Ranjan, C Weigel, PJ Ferraro, LS Prokopy, SMW Reddy","Conservation Science and Practice, e",e0619,2022,18,P Ranjan,,,true,true,,QIV2ME_5wuYC,UsiCVxYAAAAJ,2025-02-15,applyingafailfastapproachtoconservationinusagriculture
aseismictomographygravityandflexurestudy-2022,"A seismic tomography, gravity, and flexure study of the crust and upper mantle structure of the Emperor Seamounts at Jimmu guyot","C Xu, RA Dunn, AB Watts, DJ Shillington, I Grevemeyer, LGdl Pena, BB Boston",Journal of Geophysical Research: Solid Earth,"127 (6), e2021JB023241",2022,14,D Shillington,,,true,true,,5Ul4iDaHHb8C,bDSq2ksAAAAJ,2025-02-15,aseismictomographygravityandflexurestudyofthecrustanduppermantlestructureoftheemperorseamountsatjimmuguyot
bottomupapproachesforestimatingterrestri-2022,"Bottom-up approaches for estimating terrestrial GHG budgets: Bookkeeping, process-based modeling, and data-driven methods","B Poulter, A Bastos, JG Canadell, P Ciais, D Huntzinger, RA Houghton, W Kurz, AMR Petrescu, J Pongratz, S Sitch, S Luyssaert",Balancing Greenhouse Gas Budgets,59-85,2022,2,D Huntzinger,,,false,true,,tzM49s52ZIMC,e4XX478AAAAJ,2025-02-15,bottomupapproachesforestimatingterrestrialghgbudgetsbookkeepingprocessbasedmodelinganddatadrivenmethods
canaminoacidracemizationbeutilizedforfis-2022,Can amino acid racemization be utilized for fish age validation?,"DW Chamberlin, VR Shervette, DS Kaufman, JE Bright, WFP III",Canadian Journal of Fisheries and Aquatic Sciences,"80 (3), 642-647",2022,2,D Kaufman,,,false,true,,Nnq8S6OXqDYC,KpeykKsAAAAJ,2025-02-15,canaminoacidracemizationbeutilizedforfishagevalidation
chronologyofearlytomidpleistocenesedimen-2022,Chronology of Early to Mid-Pleistocene sediments in the northern North Sea: New evidence from amino acid and strontium isotope analyses,"T Chauhan, HP Sejrup, BO Hjelstuen, DS Kaufman, I Baig, BTI Reinardy",Quaternary Geochronology,"71, 101336",2022,6,D Kaufman,,,false,true,,M0j1y4EgrScC,KpeykKsAAAAJ,2025-02-15,chronologyofearlytomidpleistocenesedimentsinthenorthernnorthseanewevidencefromaminoacidandstrontiumisotopeanalyses
collaborativeresearchclimatecontrolsonca-2022,Collaborative Research: Climate controls on carbon accumulation in upland permafrost at millennial scales,"D Kaufman, L Marshall, E Schuur, RS Anderson, C Walker, A Kholodov",NSF Arctic Data Center,,2022,1,R Anderson; D Kaufman,Leah Marshall; Caitlin Walker,,false,true,,1paMEeroeoQC,KpeykKsAAAAJ,2025-02-15,collaborativeresearchclimatecontrolsoncarbonaccumulationinuplandpermafrostatmillennialscales
comparingcommonfountaingrassremovaltechn-2022,Comparing common fountain grass removal techniques: cost efficacy and response of native plant community,"HI Rowe, TA Sprague, P Staker",Biological Invasions,"24 (12), 3817-3830",2022,5,H Rowe,,,false,true,,aqlVkmm33-oC,NRUIqxcAAAAJ,2025-02-15,comparingcommonfountaingrassremovaltechniquescostefficacyandresponseofnativeplantcommunity
connectivityindexbased-2022,Connectivity Index-Based,"Zhao, M., Li, C., Perry, D. M., Zhang, Y., He, Y., & Li, P.",Land,"11(4), 490",2022,0,D Perry,,,true,true,,,,,connectivityindexbased
cuandniisotopevariationsofcountryrockhos-2022,Cu and Ni isotope variations of country rock-hosted massive sulfides located near midcontinent rift intrusions,"JM Smith, EM Ripley, C Li, LE Wasylenki",Economic Geology,"117 (1), 195-211",2022,21,L Wasylenki,Joshua Smith; Jeffrey Smith,,false,true,,ZHo1McVdvXMC,QVFkTAgAAAAJ,2025-02-15,cuandniisotopevariationsofcountryrockhostedmassivesulfideslocatednearmidcontinentriftintrusions
decouplingofgreennessandgrossprimaryprod-2022,Decoupling of greenness and gross primary productivity as aridity decreases,"Z Hu, S Piao, AK Knapp, X Wang, S Peng, W Yuan, S Running, J Mao, X Shi, P Ciais, DN Huntzinger, J Yang, G Yu",Remote Sensing of Environment,"279, 113120",2022,86,D Huntzinger,,,false,true,,evX43VCCuoAC,e4XX478AAAAJ,2025-02-15,decouplingofgreennessandgrossprimaryproductivityasariditydecreases
decreasedbeeemergencealonganelevationgra-2022,Decreased bee emergence along an elevation gradient: Implications for climate change revealed by a transplant experiment,"LM McCabe, CE Aslan, NS Cobb",Ecology,"103 (2), e03598",2022,18,C Aslan,,,true,true,,YFjsv_pBGBYC,OQcWVAoAAAAJ,2025-02-15,decreasedbeeemergencealonganelevationgradientimplicationsforclimatechangerevealedbyatransplantexperiment
demographicanalysisoftheendangeredplantp-2022,Demographic Analysis of the Endangered Plant Pectis imberbis Highlights Tradeoffs between Deer Browse and Interspecific Competition,"S Souther, M Sample, G Conley, C Aslan",Natural Areas Journal,"42 (3), 230-241",2022,2,C Aslan; S Souther,Martha Sample,Gen Conley,true,true,,lSLTfruPkqcC,OQcWVAoAAAAJ,2025-02-15,demographicanalysisoftheendangeredplantpectisimberbishighlightstradeoffsbetweendeerbrowseandinterspecificcompetition
deviationbetweenquartzingarnetelasticgeo-2022,Deviation between quartz‐in‐garnet elastic geobarometry and equilibrium‐based pressure–temperature modelling in Barrovian metamorphic rocks,"SR Mulligan, ML Wells, TD Hoisch, A Salamat, C Childs, O Tschauner, SC Affinati, MA Wills, GA Smith",Journal of Metamorphic Geology,"40 (6), 1067-1086",2022,7,T Hoisch,Suzanne Affinati; Marci Wills,,false,true,,u-x6o8ySG0sC,kARu5JoAAAAJ,2025-02-15,deviationbetweenquartzingarnetelasticgeobarometryandequilibriumbasedpressuretemperaturemodellinginbarrovianmetamorphicrocks
diachronousinitiationofarabiaeurasiacoll-2022,Diachronous initiation of Arabia–Eurasia collision from eastern Anatolia to the southeastern Zagros Mountains since middle Eocene time,"MH Darin, PJ Umhoefer",International Geology Review,"64 (18), 2653-2681",2022,50,P Umhoefer,Michael Darin,,false,true,,S16KYo8Pm5AC,ZLMsh8MAAAAJ,2025-02-15,diachronousinitiationofarabiaeurasiacollisionfromeasternanatoliatothesoutheasternzagrosmountainssincemiddleeocenetime
dilemmasofpublicgoodsprovisioninginstitu-2022,"Dilemmas of public goods provisioning: institutional mechanisms for agricultural drainage management in Ohio, USA","P Ranjan, TM Koontz",Journal of Environmental Planning and Management,"66 (2), 327-347",2022,1,P Ranjan,,,true,true,,mVmsd5A6BfQC,UsiCVxYAAAAJ,2025-02-15,dilemmasofpublicgoodsprovisioninginstitutionalmechanismsforagriculturaldrainagemanagementinohiousa
effectiveandfeasiblemechanismstosupportn-2022,Effective and feasible mechanisms to support native invertebrate pollinators in agricultural landscapes: A meta‐analysis,"CE Aslan, KA Haubensak, KC Grady",Ecosphere,"13 (3), e3982",2022,3,C Aslan,,,true,true,,RGFaLdJalmkC,OQcWVAoAAAAJ,2025-02-15,effectiveandfeasiblemechanismstosupportnativeinvertebratepollinatorsinagriculturallandscapesametaanalysis
effectsofalteredclimatesonamericanginsen-2022,Effects of altered climates on American ginseng population dynamics,"S Souther, JB McGraw, JD Souther, DM Waller",Population Ecology,"64 (1), 47-63",2022,4,S Souther,,,true,true,,Wp0gIr-vW9MC,zzM06IcAAAAJ,2025-02-15,effectsofalteredclimatesonamericanginsengpopulationdynamics
eocenedikeorientationsacrossthewashingto-2022,Eocene dike orientations across the Washington Cascades in response to a major strike-slip faulting episode and ridge-trench interaction,"RB Miller, KI Bryant, B Doran, MP Eddy, FP Raviola, N Sylva, PJ Umhoefer",Geosphere,"18 (2), 697-725",2022,13,P Umhoefer,Roy Miller,,false,true,,e_rmSamDkqQC,ZLMsh8MAAAAJ,2025-02-15,eocenedikeorientationsacrossthewashingtoncascadesinresponsetoamajorstrikeslipfaultingepisodeandridgetrenchinteraction
eoceneterraneaccretioninnortherncascadia-2022,Eocene terrane accretion in northern Cascadia recorded by brittle left‐lateral slip on the San Juan fault,"N Harrichhausen, KD Morell, C Regalla, EM Lynch, LJ Leonard",Tectonics,"41 (10), e2022TC007317",2022,5,C Regalla,Emerson Lynch,,true,true,,pYKElYtJMmwC,PdHBgEUAAAAJ,2025-02-15,eoceneterraneaccretioninnortherncascadiarecordedbybrittleleftlateralsliponthesanjuanfault
evidenceofclimatedrivenselectionontreetr-2022,Evidence of climate‐driven selection on tree traits and trait plasticity across the climatic range of a riparian foundation species,"HF Cooper, RJ Best, LV Andrews, JPM Corbin, I Garthwaite, KC Grady, CA Gehring, KR Hultine, TG Whitham, GJ Allan",Molecular Ecology,"31 (19), 5024-5040",2022,21,R Best,Iris Garthwaite,,true,true,,xlVdBZVQT58C,MS9xVqIAAAAJ,2025-02-15,evidenceofclimatedrivenselectionontreetraitsandtraitplasticityacrosstheclimaticrangeofariparianfoundationspecies
examiningattentiongiventothreatstoelepha-2022,Examining attention given to threats to elephant conservation on social media,"NL Hammond, A Dickman, D Biggs",Conservation Science and Practice,"4 (10), e12785",2022,21,D Biggs,,,false,true,,wbdj-CoPYUoC,zQTZixsAAAAJ,2025-02-15,examiningattentiongiventothreatstoelephantconservationonsocialmedia
forestmanagementeffectsonvegetationregen-2022,Forest management effects on vegetation regeneration after a high severity wildfire: A case study in the southern Cascade range,"S Sterner, C Aslan, R Best, T Chaudhry",Forest Ecology and Management,"520, 120394",2022,14,C Aslan; R Best,Sarah Sterner,,true,true,,NaGl4SEjCO4C,OQcWVAoAAAAJ,2025-02-15,forestmanagementeffectsonvegetationregenerationafterahighseveritywildfireacasestudyinthesoutherncascaderange
geneticdivergencealongaclimategradientsh-2022,Genetic divergence along a climate gradient shapes chemical plasticity of a foundation tree species to both changing climate and herbivore damage,"M Eisenring, RJ Best, MR Zierden, HF Cooper, M Norstrem, TG Whitham, K Grady, GJ Allan, RL Lindroth",Global Change Biology,,2022,16,R Best,,Madelyn Norstrem,true,true,,jRIwE-1ttnoC,MS9xVqIAAAAJ,2025-02-15,geneticdivergencealongaclimategradientshapeschemicalplasticityofafoundationtreespeciestobothchangingclimateandherbivoredamage
geologicandgeodeticconstraintsonthemagni-2022,Geologic and geodetic constraints on the magnitude and frequency of earthquakes along Malawi's active faults: the Malawi Seismogenic Source Model (MSSM),"JN Williams, LNJ Wedmore, Åk Fagereng, MJ Werner, H Mdala, DJ Shillington, CA Scholz, F Kolawole, LJM Wright, J Biggs, Z Dulanya, F Mphepo, P Chindandali",Natural Hazards and Earth System Sciences,"22 (11), 3607-3639",2022,15,D Shillington,,,true,true,,K3LRdlH-MEoC,bDSq2ksAAAAJ,2025-02-15,geologicandgeodeticconstraintsonthemagnitudeandfrequencyofearthquakesalongmalawisactivefaultsthemalawiseismogenicsourcemodelmssm
geospatialanalysisofnonmarketvaluestopri-2022,Geospatial Analysis of Nonmarket Values to Prioritize Forest Restoration,"AB Soder, JM Mueller, AE Springer, KE LaPine",Land,"11 (9), 1387",2022,1,J Mueller; A Springer,Katelyn Lapine; Adrienne Soder,,false,true,,qUcmZB5y_30C,brG-UpsAAAAJ,2025-02-15,geospatialanalysisofnonmarketvaluestoprioritizeforestrestoration
hawaiianhoarybatresponsestohabitatseason-2022,"Hawaiian hoary bat responses to habitat, season, and non‐native insectivore suppression","RD Moseley, AB Shiels, A Aue, WP Haines, CE Aslan, CT Liang",The Journal of Wildlife Management,"86 (2), e22164",2022,4,C Aslan,,,true,true,,GnPB-g6toBAC,OQcWVAoAAAAJ,2025-02-15,hawaiianhoarybatresponsestohabitatseasonandnonnativeinsectivoresuppression
highlatitudemodulationoftheholocenenorth-2022,High latitude modulation of the Holocene North American monsoon,"CC Routson, MP Erb, NP McKay",Geophysical Research Letters,"49 (16), e2022GL099772",2022,21,M Erb; N McKay; C Routson,,,true,true,,YB4bud6kWLwC,6w5ZNo4AAAAJ,2025-02-15,highlatitudemodulationoftheholocenenorthamericanmonsoon
highresolutionlatepaleozoiccyclostratigr-2022,"High-resolution late Paleozoic cyclostratigraphy and tectonic evolution of the Keeler Basin, California, southwest Laurentia","PJ Gannon, ME Smith, PJ Umhoefer, RJ Leary",Bulletin,"134 (3-4), 1065-1078",2022,5,M Smith; P Umhoefer,,,true,true,,5AT-p8ixKR4C,CBG7OuAAAAAJ,2025-02-15,highresolutionlatepaleozoiccyclostratigraphyandtectonicevolutionofthekeelerbasincaliforniasouthwestlaurentia
howdoescoproducedresearchinfluenceadapti-2022,How does co-produced research influence adaptive capacity? Lessons from a cross-case comparison,"SP Church, CB Wardropper, E Usher, LF Bean, A Gilbert, FR Eanes, JD Ulrich-Schad, N Babin, P Ranjan, JM Getson, LA Esman, LS Prokopy",Socio-Ecological Practice Research,"4 (3), 205-219",2022,6,P Ranjan,,,true,true,,qUcmZB5y_30C,UsiCVxYAAAAJ,2025-02-15,howdoescoproducedresearchinfluenceadaptivecapacitylessonsfromacrosscasecomparison
howfarmersrepairtheindustrialagricultura-2022,How farmers “repair” the industrial agricultural system,"M Houser, R Gunderson, D Stuart, RCH Denny",Social Innovation and Sustainability Transition,49-63,2022,17,D Stuart,,,true,true,,HoB7MX3m0LUC,cc0d2WUAAAAJ,2025-02-15,howfarmersrepairtheindustrialagriculturalsystem
identifyinghydrosensitivecoral18orecords-2022,Identifying Hydro‐Sensitive Coral δ18O Records for Improved High‐Resolution Temperature and Salinity Reconstructions,"DM Thompson, JL Conroy, BL Konecky, S Stevenson, KL DeLong, N McKay, E Reed, L Jonkers, M Carré",Geophysical Research Letters,"49 (9), e2021GL096153",2022,23,N McKay,,,true,true,,QsKbpXNoaWkC,j8_CgoEAAAAJ,2025-02-15,identifyinghydrosensitivecoral18orecordsforimprovedhighresolutiontemperatureandsalinityreconstructions
inconsistentcomparisonoftemperaturerecon-2022,Inconsistent comparison of temperature reconstructions over the Common Era,"R Neukom, N Steiger, D Kaufman, M Grosjean",Dendrochronologia,"74, 125965",2022,4,D Kaufman,,,false,true,,C-Rn0OCouf8C,KpeykKsAAAAJ,2025-02-15,inconsistentcomparisonoftemperaturereconstructionsoverthecommonera
individualidentificationoflargefelidsinf-2022,"Individual identification of large felids in field studies: common methods, challenges, and implications for conservation science","KS Pereira, L Gibson, D Biggs, D Samarasinghe, AR Braczkowski",Frontiers in Ecology and Evolution,"10, 866403",2022,12,D Biggs,,,false,true,,J-pR_7NvFogC,zQTZixsAAAAJ,2025-02-15,individualidentificationoflargefelidsinfieldstudiescommonmethodschallengesandimplicationsforconservationscience
informingwindenergydevelopmentlandcovera-2022,Informing wind energy development: Land cover and topography predict occupancy for Arizona bats,"CA Starbuck, BG Dickson, CL Chambers",Plos one,"17 (6), e0268573",2022,8,B Dickson,Claire Chambers,,false,true,,ye4kPcJQO24C,TZcEU1QAAAAJ,2025-02-15,informingwindenergydevelopmentlandcoverandtopographypredictoccupancyforarizonabats
integratingsocialandecologicalpredictors-2022,Integrating social and ecological predictors to understand variation within ecosystems: A case study of the Great Smoky Mountains National Park PACE,"CE Aslan, S Veloz, RS Epanchin-Niell, MW Brunson, BA Sikes",Natural Areas Journal,"42 (4), 284-292",2022,2,C Aslan,,,true,true,,vV6vV6tmYwMC,OQcWVAoAAAAJ,2025-02-15,integratingsocialandecologicalpredictorstounderstandvariationwithinecosystemsacasestudyofthegreatsmokymountainsnationalparkpace
invasivepredatorsaffectcommunitywidepoll-2022,Invasive predators affect community‐wide pollinator visitation,"CT Liang, AB Shiels, WP Haines, ME Sandor, CE Aslan",Ecological Applications,"32 (2), e2522",2022,14,C Aslan,,,true,true,,BqipwSGYUEgC,OQcWVAoAAAAJ,2025-02-15,invasivepredatorsaffectcommunitywidepollinatorvisitation
investigatingshortperiodlakegeneratedmic-2022,Investigating Short‐Period Lake‐Generated Microseisms Using a Broadband Array of Onshore and Lake‐Bottom Seismometers,"CJW Carchedi, JB Gaherty, SC Webb, DJ Shillington",Seismological Society of America,"93 (3), 1585-1600",2022,10,J Gaherty; D Shillington,,,true,true,,Ug5p-4gJ2f0C,uglQirIAAAAJ,2025-02-15,investigatingshortperiodlakegeneratedmicroseismsusingabroadbandarrayofonshoreandlakebottomseismometers
karstspringprocessesandstorageimplicatio-2022,"Karst Spring processes and storage implications in high elevation, semiarid southwestern United States","KM Donovan, AE Springer, BW Tobin, RA Parnell",Threats to Springs in a Changing World: Science and Policies for Protection …,,2022,5,R Parnell; A Springer,Keegan Donovan,,false,true,,YFjsv_pBGBYC,IoVNx7IAAAAJ,2025-02-15,karstspringprocessesandstorageimplicationsinhighelevationsemiaridsouthwesternunitedstates
lateglacialandholocenelakelevelfluctuati-2022,"Late-Glacial and Holocene Lake-Level Fluctuations on the Kenai Lowland, Reconstructed from Satellite-Fen Peat Deposits and Ice-Shoved Ramparts, Kenai Peninsula, Alaska","EE Berg, DS Kaufman, RS Anderson, GC Wiles, TV Lowell, EAD Mitchell, FS Hu, A Werner",Quaternary,"5 (2), 23",2022,8,R Anderson; D Kaufman,,,false,true,,pUxgyZctzPYC,KpeykKsAAAAJ,2025-02-15,lateglacialandholocenelakelevelfluctuationsonthekenailowlandreconstructedfromsatellitefenpeatdepositsandiceshovedrampartskenaipeninsulaalaska
lateholocenerupturehistoryoftheashhillfa-2022,"Late Holocene rupture history of the Ash Hill fault, Eastern California Shear Zone, and the potential for seismogenic strain transfer between nearby faults","C Regalla, E Kirby, S Mahan, E McDonald, H Pangrcic, A Binkley, E Schottenfels, A LaPlante, I Sethanant, EM Lynch",Earth Surface Processes and Landforms,"47 (12), 2897-2925",2022,5,C Regalla,Emerson Lynch; Emily Schottenfels; Aubrey Laplante,,true,true,,M0leSnx2MbUC,PdHBgEUAAAAJ,2025-02-15,lateholocenerupturehistoryoftheashhillfaulteasterncaliforniashearzoneandthepotentialforseismogenicstraintransferbetweennearbyfaults
latequaternarymuddominatedbasinfloorsedi-2022,"Late Quaternary mud‐dominated, basin‐floor sedimentation of the Gulf of Corinth, Greece: Implications for deep‐water depositional processes and controls on syn‐rift sedimentation","RL Gawthorpe, N Fabregas, S Pechlivanidou, M Ford, REL Collier, GDO Carter, LC McNeill, DJ Shillington",Basin Research,,2022,26,D Shillington,,,true,true,,geHnlv5EZngC,bDSq2ksAAAAJ,2025-02-15,latequaternarymuddominatedbasinfloorsedimentationofthegulfofcorinthgreeceimplicationsfordeepwaterdepositionalprocessesandcontrolsonsynriftsedimentation
leopardandspottedhyenadensitiesinthelake-2022,"Leopard and spotted hyena densities in the Lake Mburo National Park, southwestern Uganda","A Braczkowski, R Schenk, D Samarasinghe, D Biggs, A Richardson, N Swanson, M Swanson, A Dheer, J Fattebert",PeerJ,"10, e12307",2022,16,D Biggs,,,false,true,,kRWSkSYxWN8C,zQTZixsAAAAJ,2025-02-15,leopardandspottedhyenadensitiesinthelakemburonationalparksouthwesternuganda
letterofappreciationtoour2021reviewers-2022,Letter of Appreciation to Our 2021 Reviewers.,"AR Desai, MA Xenopoulos, D Huntzinger",Journal of Geophysical Research. Biogeosciences,127 (4),2022,1,D Huntzinger,,,false,true,,ZfRJV9d4-WMC,e4XX478AAAAJ,2025-02-15,letterofappreciationtoour2021reviewers
middlemiocenefaultingandbasinevolutiondu-2022,"Middle Miocene faulting and basin evolution during central Basin and Range extension: A detailed record from the upper Horse Spring Formation and red sandstone unit, Lake Mead …","MA Lamb, TA Hickson, PJ Umhoefer, ZW Anderson, C Pomerleau, K Souders, L Lee, N Dunbar, W McIntosh",Geosphere,"18 (5), 1394-1434",2022,2,P Umhoefer,Zachary Anderson,,false,true,,Ug5p-4gJ2f0C,ZLMsh8MAAAAJ,2025-02-15,middlemiocenefaultingandbasinevolutionduringcentralbasinandrangeextensionadetailedrecordfromtheupperhorsespringformationandredsandstoneunitlakemead
mixedeolianlongshoresedimenttransportint-2022,"Mixed eolian–longshore sediment transport in the late Paleozoic Arizona shelf and Pedregosa basin, USA: A case study in grain-size analysis of detrital-zircon datasets","RJ Leary, ME Smith, P Umhoefer",Journal of Sedimentary Research,"92 (8), 676-694",2022,2,M Smith; P Umhoefer,,,true,true,,V8JMcbNWlSUC,CBG7OuAAAAAJ,2025-02-15,mixedeolianlongshoresedimenttransportinthelatepaleozoicarizonashelfandpedregosabasinusaacasestudyingrainsizeanalysisofdetritalzircondatasets
multiscalethreatassessmentofriverineecos-2022,Multi-scale threat assessment of riverine ecosystems in the Colorado River Basin,"L Comte, JD Olden, S Lischka, BG Dickson",Ecological Indicators,"138, 108840",2022,38,B Dickson,,,false,true,,LjlpjdlvIbIC,TZcEU1QAAAAJ,2025-02-15,multiscalethreatassessmentofriverineecosystemsinthecoloradoriverbasin
multisensormodelsforassessingrecurrentfi-2022,Multisensor models for assessing recurrent fire compatibility with habitat recovery for a critically endangered species,"SE Sesnie, L Johnson, E Yurcich, TD Sisk, J Goodwin, R Chester",Remote Sensing of Environment,"269, 112824",2022,7,T Sisk,Emily Yurcich,,false,true,,hbz17DqrwuEC,2ZA_zeIAAAAJ,2025-02-15,multisensormodelsforassessingrecurrentfirecompatibilitywithhabitatrecoveryforacriticallyendangeredspecies
newhandsinuspubliclandsmanagementtherole-2022,New hands in US public lands management: The role and influence of nonagency partners in Forest Service stewardship agreements,"ER Cowan, KE Grimm, EJ Davis, EA Nielsen, AEM Waltz",Journal of Forestry,"120 (3), 302-315",2022,5,K Grimm; E Nielsen,Emery Cowan,,false,true,,bEWYMUwI8FkC,vAflpUkAAAAJ,2025-02-15,newhandsinuspubliclandsmanagementtheroleandinfluenceofnonagencypartnersinforestservicestewardshipagreements
pastandfuturewarmingdirectcomparisononmu-2022,Past and future warming–direct comparison on multi-century timescales,"DS Kaufman, NP McKay",Climate of the Past,"18 (4), 911-917",2022,10,D Kaufman; N McKay,,,true,true,,WIXB4To3Tx4C,KpeykKsAAAAJ,2025-02-15,pastandfuturewarmingdirectcomparisononmulticenturytimescales
pasttopresentanupdatetotheaimsandscopeof-2022,Past to Present: An Update to the Aims and Scope of JGR: Biogeosciences.,"MA Xenopoulos, AR Desai, D Huntzinger",Journal of Geophysical Research. Biogeosciences,127 (6),2022,1,D Huntzinger,,,false,true,,2KloaMYe4IUC,e4XX478AAAAJ,2025-02-15,pasttopresentanupdatetotheaimsandscopeofjgrbiogeosciences
pingmapperopensourcesoftwareforautomated-2022,PING‐Mapper: Open‐Source Software for Automated Benthic Imaging and Mapping Using Recreation‐Grade Sonar,"CS Bodine, D Buscombe, RJ Best, JA Redner, AJ Kaeser",Earth and Space Science,"9 (9), e2022EA002469",2022,8,R Best,,,true,true,,e9bUPLv0EjcC,MS9xVqIAAAAJ,2025-02-15,pingmapperopensourcesoftwareforautomatedbenthicimagingandmappingusingrecreationgradesonar
protectinganiconjavanrhinocerosfrontline-2022,Protecting an icon: Javan rhinoceros frontline management and conservation,"SG Wilson, D Biggs, S Kark",Oryx,"56 (1), 101-107",2022,3,D Biggs,,,false,true,,eflP2zaiRacC,zQTZixsAAAAJ,2025-02-15,protectinganiconjavanrhinocerosfrontlinemanagementandconservation
reconstructingholocenetemperaturesintime-2022,Reconstructing Holocene temperatures in time and space using paleoclimate data assimilation,"MP Erb, NP McKay, N Steiger, S Dee, C Hancock, RF Ivanovic, LJ Gregoire, P Valdes",Climate of the Past,"18 (12), 2599-2629",2022,55,M Erb; N McKay,Chris Hancock,,true,true,,mel-f30kHHgC,6w5ZNo4AAAAJ,2025-02-15,reconstructingholocenetemperaturesintimeandspaceusingpaleoclimatedataassimilation
reconstructingpostglacialhydrologicanden-2022,Reconstructing postglacial hydrologic and environmental change in the eastern Kenai Peninsula lowlands using proxy data and mass balance modeling,"E Broadman, DS Kaufman, RS Anderson, S Bogle, M Ford, D Fortin, ACG Henderson, JH Lacey, MJ Leng, NP McKay, SE Muñoz",Quaternary Research,"107, 1-26",2022,10,R Anderson; D Kaufman; N McKay,Ellie Broadman,,true,true,,K4-iKlO5MD4C,KpeykKsAAAAJ,2025-02-15,reconstructingpostglacialhydrologicandenvironmentalchangeintheeasternkenaipeninsulalowlandsusingproxydataandmassbalancemodeling
recreationmattersestimatingmillennialspr-2022,Recreation matters: Estimating millennials’ preferences for native American cultural tourism,"RA Fitch, JM Mueller, R Ruiz, W Rousse",Sustainability,"14 (18), 11513",2022,9,J Mueller,,,false,true,,hC7cP41nSMkC,brG-UpsAAAAJ,2025-02-15,recreationmattersestimatingmillennialspreferencesfornativeamericanculturaltourism
recurringlacustrinedepositionalsuccessio-2022,"Recurring lacustrine depositional successions in the Wilkins Peak Member, Green River Formation: The basin-center evaporite perspective","E Klonowski, T Lowenstein, A Carroll, ME Smith, M Paperini, J Pietras",Utah Geological Association Publication,"50, 1-23",2022,3,M Smith,,,true,true,,_cFkbNEifk0C,CBG7OuAAAAAJ,2025-02-15,recurringlacustrinedepositionalsuccessionsinthewilkinspeakmembergreenriverformationthebasincenterevaporiteperspective
remotesensingandtheunoceandecadehighexpe-2022,"Remote sensing and the UN Ocean Decade: high expectations, big opportunities","V Lecours, M Disney, K He, N Pettorelli, JM Rowcliffe, T Sankey, K Scales",Remote Sensing in Ecology and Conservation,"8 (3), 267-271",2022,5,T Sankey,,,false,true,,yJjnfzR0HrkC,3zszVGYAAAAJ,2025-02-15,remotesensingandtheunoceandecadehighexpectationsbigopportunities
restoringclosedtrailsinthesonorandeserti-2022,"Restoring closed trails in the Sonoran Desert: interactions of seed timing, seed source, and ripping","HI Rowe, TA Sprague, B Ball, D Langenfeld, L Rivera",Restoration Ecology,"30 (2), e13532",2022,5,H Rowe,,,false,true,,4TOpqqG69KYC,NRUIqxcAAAAJ,2025-02-15,restoringclosedtrailsinthesonorandesertinteractionsofseedtimingseedsourceandripping
seismologicalevidenceforgirdledolivinela-2022,Seismological evidence for girdled olivine lattice‐preferred orientation in oceanic lithosphere and implications for mantle deformation processes during seafloor spreading,"JB Russell, JB Gaherty, HF Mark, G Hirth, LN Hansen, D Lizarralde, JA Collins, RL Evans","Geochemistry, Geophysics, Geosystems","23 (10), e2022GC010542",2022,9,J Gaherty,Lindsay Hansen,,true,true,,ClCfbGk0d_YC,uglQirIAAAAJ,2025-02-15,seismologicalevidenceforgirdledolivinelatticepreferredorientationinoceaniclithosphereandimplicationsformantledeformationprocessesduringseafloorspreading
sharedpretensesforcollectiveinactionthee-2022,"Shared pretenses for collective inaction: the economic growth imperative, COVID-19, and climate change","D Stuart, B Petersen, R Gunderson",Post-Covid Transformations,40-57,2022,37,D Stuart,,,true,true,,1yQoGdGgb4wC,cc0d2WUAAAAJ,2025-02-15,sharedpretensesforcollectiveinactiontheeconomicgrowthimperativecovid19andclimatechange
snapshotusa2020asecondcoordinatednationa-2022,SNAPSHOT USA 2020: A second coordinated national camera trap survey of the United States during the COVID‐19 pandemic,"R Kays, MV Cove, J Diaz, K Todd, C Bresnan, M Snider, TEL Jr, JG Jasper, B Douglas, AP Crupi, KCB Weiss, H Rowe, T Sprague, J Schipper, CA Lepczyk, JE Fantle‐Lepczyk, J Davenport, M Zimova, Z Farris, J Williamson, MC Fisher‐Reid, D Rezendes, SM King, P Chrysafis, AJ Jensen, DS Jachowski, KC King, DJ Herrera, S Moore, Mvd Merwe, JV Lombardi, M Sergeyev, ME Tewes, RVH III, MS Rentz, A Driver, LRSE Brandt, C Nagy, P Alexander, SP Maher, AK Darracq, EG Barr, G Hess, SL Webb, MD Proctor, JP Vanek, DJR Lafferty, T Hubbard, JE Jiménez, C McCain, J Favreau, J Fogarty, J Hill, S Hammerich, M Gray, CC Rega‐Brodsky, C Durbin, EA Flaherty, J Brooke, SS Coster, RG Lathrop, K Russell, DA Bogan, H Shamon, B Rooney, A Rockhill, RC Lonsinger, MT O'Mara, JA Compton, EL Barthelmess, KE Andy, JL Belant, T Petroelje, NH Wehr, DEB Jr, DG Scognamillo, C Schalk, K Day, CN Ellison, C Ruthven, B Nunley, S Fritts, CA Whittier, SA Neiswenter, R Pelletier, BA DeGregorio, EK Kuprewicz, ML Davis, C Baruzzi, MA Lashley, B McDonald, D Mason, DR Risch, ML Allen, LS Whipple, JH Sperry, E Alexander, PJ Wolff, RH Hagen, A Mortelliti, A Bolinjcar, AM Wilson, SV Norman, C Powell, H Coletto, M Schauss, H Bontrager, J Beasley, SN Ellis‐Felege, SR Wehr, ST Giery, CE Pekins, SH LaRose, RS Revord, CP Hansen, L Hansen, JJ Millspaugh, A Zorn, BD Gerber, K Rezendes, J Adley, J Sevin, AM Green, ÇağaH Şekercioğlu, ME Pendergast, K Mullen, T Bird, AJ Edelman, A Romero, BJ O'Neill, N Schmitz, RA Vandermus, JM Alston, KM Kuhn, SC Hasstedt, DB Lesmeister, CL Appel, C Rota, JL Stenglein, C Anhalt‐Depies, CL Nelson, RA Long, KR Remine, MJ Jordan, LM Elbroch, D Bergman, S Cendejas‐Zarelli, K Sager‐Fradkin, M Conner, G Morris",Ecology,"103 (10), e3775",2022,33,H Rowe,Lindsay Hansen; Miranda Gray,,false,true,,qxL8FJ1GzNcC,NRUIqxcAAAAJ,2025-02-15,snapshotusa2020asecondcoordinatednationalcameratrapsurveyoftheunitedstatesduringthecovid19pandemic
soilcharacteristicsandbaregroundcoverdif-2022,Soil characteristics and bare ground cover differ among jurisdictions and disturbance histories in Western US protected area-centered ecosystems,"CE Aslan, L Zachmann, RS Epanchin-Niell, MW Brunson, S Veloz, BA Sikes",Frontiers in Ecology and Evolution,"10, 1053548",2022,1,C Aslan,,,true,true,,70eg2SAEIzsC,OQcWVAoAAAAJ,2025-02-15,soilcharacteristicsandbaregroundcoverdifferamongjurisdictionsanddisturbancehistoriesinwesternusprotectedareacenteredecosystems
soilmoistureresponsetoseasonaldroughtcon-2022,Soil moisture response to seasonal drought conditions and post-thinning forest structure,"A Belmonte, T Sankey, J Biederman, J Bradford, T Kolb",Ecohydrology,"1, https://doi.org/10.1002/eco.2406",2022,20,T Sankey,,,false,true,,hefNtdE4IMkC,3zszVGYAAAAJ,2025-02-15,soilmoistureresponsetoseasonaldroughtconditionsandpostthinningforeststructure
statementofcontributiontodiversityequity-2022,"Statement of Contribution to Diversity, Equity, and Inclusion for JGR: Biogeosciences","MA Xenopoulos, A Desai, D Huntzinger, A Bastos, S Fawcett, D Sahagian, C Santin, R Vargas",Journal of Geophysical Research: Biogeosciences,"127 (2), e2022JG006791",2022,8,D Huntzinger,,,false,true,,kzcrU_BdoSEC,e4XX478AAAAJ,2025-02-15,statementofcontributiontodiversityequityandinclusionforjgrbiogeosciences
structuralandmetamorphichistoryoftheleec-2022,"Structural and metamorphic history of the Leech River shear zone, Vancouver Island, British Columbia","CE Seyler, JD Kirkpatrick, C Faber, A Licht, D Šilerová, C Regalla",Tectonics,"41 (11), e2021TC007132",2022,8,C Regalla,,,true,true,,ymY9cBF3mdcC,PdHBgEUAAAAJ,2025-02-15,structuralandmetamorphichistoryoftheleechrivershearzonevancouverislandbritishcolumbia
sublithosphericsmallscaleconvectiontomog-2022,Sub‐lithospheric small‐scale convection tomographically imaged beneath the Pacific plate,"ZC Eilon, L Zhang, JB Gaherty, DW Forsyth, JB Russell",Geophysical Research Letters,"49 (18), e2022GL100351",2022,13,J Gaherty,,,true,true,,PVjk1bu6vJQC,uglQirIAAAAJ,2025-02-15,sublithosphericsmallscaleconvectiontomographicallyimagedbeneaththepacificplate
tensionsbetweenindividualandsystemchange-2022,Tensions between individual and system change in the climate movement: an analysis of Extinction Rebellion,D Stuart,New political economy,"27 (5), 806-819",2022,31,D Stuart,,,true,true,,XD-gHx7UXLsC,cc0d2WUAAAAJ,2025-02-15,tensionsbetweenindividualandsystemchangeintheclimatemovementananalysisofextinctionrebellion
testingtheeffectofoxidizingpretreatments-2022,Testing the effect of oxidizing pre-treatments on amino acids in benthic and planktic foraminifera tests,"E Millman, L Wheeler, K Billups, D Kaufman, KEH Penkman",Quaternary Geochronology,"73, 101401",2022,7,D Kaufman,,,false,true,,QKtdBID3u5MC,KpeykKsAAAAJ,2025-02-15,testingtheeffectofoxidizingpretreatmentsonaminoacidsinbenthicandplankticforaminiferatests
thebiogeochemicalbalanceofoceanicnickelc-2022,The biogeochemical balance of oceanic nickel cycling,"SG John, RL Kelly, X Bian, F Fu, MI Smith, NT Lanning, H Liang, Bît Pasquier, EA Seelen, M Holzer, L Wasylenki, TM Conway, JN Fitzsimmons, DA Hutchins, S-C Yang",Nature Geoscience,"15 (11), 906-912",2022,39,L Wasylenki,,,true,true,,dfsIfKJdRG4C,QVFkTAgAAAAJ,2025-02-15,thebiogeochemicalbalanceofoceanicnickelcycling
thecoralhydro2kdatabaseaglobalactivelycu-2022,"The CoralHydro2k Database: a global, actively curated compilation of coral δ18O and Sr / Ca proxy records of tropical ocean hydrology and temperature for the …","RM Walter, HR Sayani, T Felis, KM Cobb, NJ Abram, AK Arzey, AR Atwood, LD Brenner, ÉmP Dassié, KL DeLong, B Ellis, MJ Fischer, NF Goodkin, JA Hargreaves, KH Kilbourne, H Krawczyk, NP McKay, SA Murty, RD Ramos, EV Reed, D Samanta, SC Sanchez, J Zinke",Earth System Science Data Discussions,"2022, 1-56",2022,17,N McKay,,,true,true,,6VlyvFCUEfcC,j8_CgoEAAAAJ,2025-02-15,thecoralhydro2kdatabaseaglobalactivelycuratedcompilationofcoral18oandsrcaproxyrecordsoftropicaloceanhydrologyandtemperatureforthe
theimpactofadministrativepartitioningont-2022,The impact of administrative partitioning on the regional effectiveness of forest pest management in protected area-centered ecosystems,"B Tiffany, T Chaudhry, RW Hofstetter, C Aslan",Forests,"13 (3), 395",2022,4,C Aslan,Briana Tiffany,,true,true,,ns9cj8rnVeAC,OQcWVAoAAAAJ,2025-02-15,theimpactofadministrativepartitioningontheregionaleffectivenessofforestpestmanagementinprotectedareacenteredecosystems
theinteractionbetweenadministrativejuris-2022,The interaction between administrative jurisdiction and disturbance on public lands: Emerging socioecological feedbacks and dynamics,"C Aslan, S Souther",Journal of Environmental Management,"319, 115682",2022,2,C Aslan; S Souther,,,true,true,,J_g5lzvAfSwC,OQcWVAoAAAAJ,2025-02-15,theinteractionbetweenadministrativejurisdictionanddisturbanceonpubliclandsemergingsocioecologicalfeedbacksanddynamics
themalawiactivefaultdatabaseanonshoreoff-2022,The Malawi active fault database: An onshore‐offshore database for regional assessment of seismic hazard and tectonic evolution,"JN Williams, LNJ Wedmore, CA Scholz, F Kolawole, LJM Wright, DJ Shillington, Åk Fagereng, J Biggs, H Mdala, Z Dulanya, F Mphepo, PRN Chindandali, MJ Werner","Geochemistry, Geophysics, Geosystems","23 (5), e2022GC010425",2022,32,D Shillington,,,true,true,,l7t_Zn2s7bgC,bDSq2ksAAAAJ,2025-02-15,themalawiactivefaultdatabaseanonshoreoffshoredatabaseforregionalassessmentofseismichazardandtectonicevolution
thepacificobsresearchintoconvectingasthe-2022,The Pacific OBS research into convecting asthenosphere (ORCA) experiment,"ZC Eilon, JB Gaherty, L Zhang, J Russell, S McPeak, J Phillips, DW Forsyth, Gör Ekström",Seismological Society of America,"93 (1), 477-493",2022,13,J Gaherty,Joseph Phillips,,true,true,,PoWvk5oyLR8C,uglQirIAAAAJ,2025-02-15,thepacificobsresearchintoconvectingasthenosphereorcaexperiment
thetaphonomicclockinfishotoliths-2022,The taphonomic clock in fish otoliths,"K Agiadi, M Azzarone, Q Hua, DS Kaufman, D Thivaiou, PG Albano",Paleobiology,"48 (1), 154-170",2022,19,D Kaufman,,,false,true,,3vbIHxFL9FgC,KpeykKsAAAAJ,2025-02-15,thetaphonomicclockinfishotoliths
theterrestrialbiospheremodelfarm-2022,The terrestrial biosphere model farm,"JB Fisher, M Sikka, GL Block, CR Schwalm, NC Parazoo, HR Kolus, M Sok, A Wang, A Gagne‐Landmann, S Lawal, A Guillaume, A Poletti, KM Schaefer, BE Masri, PE Levy, Y Wei, MC Dietze, DN Huntzinger",Journal of advances in modeling earth systems,"14 (2), e2021MS002676",2022,8,D Huntzinger,Hannah Kolus,,false,true,,NJ774b8OgUMC,e4XX478AAAAJ,2025-02-15,theterrestrialbiospheremodelfarm
thinningincreasesforestresiliencyduringu-2022,Thinning increases forest resiliency during unprecedented drought,"T Sankey, J Tatum",Scientific Reports,"12 (1), 9041",2022,42,T Sankey,,,false,true,,j5aT6aphRxQC,3zszVGYAAAAJ,2025-02-15,thinningincreasesforestresiliencyduringunprecedenteddrought
thisvolumeretroarcjurassicburialandexhum-2022,"this volume, Retroarc Jurassic burial and exhumation of Barrovian metamorphic rocks dated by monazite petrochronology, Funeral Mountains, California","SC Affinati, TD Hoisch, ML Wells, S Wright","Tectonic Evolution of the Sevier-Laramide Hinterland, Thrust Belt, and …",,2022,8,T Hoisch,Suzanne Affinati; Samuel Wright,,false,true,,qjMakFHDy7sC,kARu5JoAAAAJ,2025-02-15,thisvolumeretroarcjurassicburialandexhumationofbarrovianmetamorphicrocksdatedbymonazitepetrochronologyfuneralmountainscalifornia
topdowncontrolonwatersubduction-2022,Top-down control on water subduction,DJ Shillington,Nature Geoscience,"15 (2), 94-95",2022,2,D Shillington,,,true,true,,8AbLer7MMksC,bDSq2ksAAAAJ,2025-02-15,topdowncontrolonwatersubduction
treeringsrevealunmatched2ndcenturydrough-2022,Tree rings reveal unmatched 2nd century drought in the Colorado River Basin,"S Gangopadhyay, CA Woodhouse, GJ McCabe, CC Routson, DM Meko",Geophysical Research Letters,"49 (11), e2022GL098781",2022,40,C Routson,,,false,true,,blknAaTinKkC,TQAQTl0AAAAJ,2025-02-15,treeringsrevealunmatched2ndcenturydroughtinthecoloradoriverbasin
understandingbarriersandopportunitiesfor-2022,Understanding barriers and opportunities for diffusion of an agricultural decision-support tool: An organizational perspective,"P Ranjan, EM Usher, HT Bates, EK Zimmerman, JC Tyndall, CJ Morris, TM Koontz, LS Prokopy",Journal of Hydrology,"607, 127584",2022,9,P Ranjan,,,true,true,,7PzlFSSx8tAC,UsiCVxYAAAAJ,2025-02-15,understandingbarriersandopportunitiesfordiffusionofanagriculturaldecisionsupporttoolanorganizationalperspective
understandingtherelationshipbetweenlandt-2022,Understanding the relationship between land tenure and conservation behavior: Recommendations for social science research,"P Ranjan, JG Arbuckle, SP Church, FR Eanes, K Floress, Y Gao, BM Gramig, AS Singh, LS Prokopy",Land Use Policy,"120, 106161",2022,30,P Ranjan,,,true,true,,IWHjjKOFINEC,UsiCVxYAAAAJ,2025-02-15,understandingtherelationshipbetweenlandtenureandconservationbehaviorrecommendationsforsocialscienceresearch
upperplatestructureandmegathrustproperti-2022,Upper plate structure and megathrust properties in the Shumagin Gap near the July 2020 M7. 8 Simeonof event,"DJ Shillington, A Bécel, MR Nedimović","Geophysical Research Letters, e",e2021GL096974,2022,16,D Shillington,,,true,true,,B3FOqHPlNUQC,bDSq2ksAAAAJ,2025-02-15,upperplatestructureandmegathrustpropertiesintheshumagingapnearthejuly2020m78simeonofevent
valuingimpactsofproximitytosaguaronation-2022,Valuing impacts of proximity to Saguaro National Park on house prices,"JM Mueller, JB Loomis, L Richardson, RA Fitch",Applied Economic Perspectives and Policy,"44 (3), 1359-1372",2022,5,J Mueller,,,false,true,,dhFuZR0502QC,brG-UpsAAAAJ,2025-02-15,valuingimpactsofproximitytosaguaronationalparkonhouseprices
westantarcticicesheetdynamicsintheamunds-2022,West Antarctic Ice Sheet Dynamics in the Amundsen Sea Sector since the Late Miocene—Tying IODP Expedition 379 Results to Seismic Data,"J Gille-Petzoldt, K Gohl, G Uenzelmann-Neben, J Grützner, JP Klages, IODPE379 Scientists",Frontiers in Earth Science,10 (976703),2022,2,J Fegyveresi,,,false,true,,NaGl4SEjCO4C,y6CEvEMAAAAJ,2025-02-15,westantarcticicesheetdynamicsintheamundsenseasectorsincethelatemiocenetyingiodpexpedition379resultstoseismicdata
14000yearcarbonaccumulationdynamicsinasi-2021,"14,000-year carbon accumulation dynamics in a siberian lake reveal catchment and lake productivity changes","L Hughes-Allen, Fédér Bouchard, C Hatté, H Meyer, LA Pestryakova, B Diekmann, DA Subetto, BK Biskaborn",Frontiers in Earth Science,"9, 710257",2021,9,D Kaufman,,,false,true,,BW2nPTmhBn4C,KpeykKsAAAAJ,2025-02-15,14000yearcarbonaccumulationdynamicsinasiberianlakerevealcatchmentandlakeproductivitychanges
a2300yearrecordofglacierfluctuationsatsk-2021,"A 2300-year record of glacier fluctuations at Skilak and Eklutna Lakes, south-central Alaska","JE Thomas, DS Kaufman, N Praet, NP McKay, MV Daele, BJL Jensen, MD Batist",Quaternary Science Reviews,"272, 107215",2021,1,D Kaufman; N McKay,,,true,true,,Gpwnp1kGG20C,KpeykKsAAAAJ,2025-02-15,a2300yearrecordofglacierfluctuationsatskilakandeklutnalakessouthcentralalaska
ageandmantlesourcesofquaternarybasaltsas-2021,"Age and mantle sources of Quaternary basalts associated with"" leaky"" transform faults of 1 the migrating Anatolia-Arabia-Africa triple junction","MA Cosca, M Reid, JR Delph, GGçağl Kuşcu, J Blichert-Toft, W Premo, DL Whitney, C Teyssier, B Rojay",Geosphere,"17 (1), 69-94",2021,11,M Reid,,,false,true,,UHK10RUVsp4C,pg-HuIIAAAAJ,2025-02-15,ageandmantlesourcesofquaternarybasaltsassociatedwithleakytransformfaultsof1themigratinganatoliaarabiaafricatriplejunction
aglobalbayesiantemperaturecalibrationfor-2021,A global Bayesian temperature calibration for lacustrine brGDGTs,"P Martínez-Sosa, JE Tierney, IC Stefanescu, ED Crampton-Flood, BN Shuman, C Routson",Geochimica et Cosmochimica Acta,"305, 87-105",2021,134,C Routson,,,false,true,,TQgYirikUcIC,TQAQTl0AAAAJ,2025-02-15,aglobalbayesiantemperaturecalibrationforlacustrinebrgdgts
ahybridcorrelativemechanisticapproachfor-2021,A hybrid correlative-mechanistic approach for modeling and mapping winter distributions of western bat species.,"ML McClure, CG Haase, CR Hranac, DTS Hayman, BG Dickson, LP McGuire, D Crowley, NW Fuller, CL Lausen, RK Plowright, SH Olson",Journal of Biogeography,,2021,10,B Dickson,,,false,true,,eMMeJKvmdy0C,TZcEU1QAAAAJ,2025-02-15,ahybridcorrelativemechanisticapproachformodelingandmappingwinterdistributionsofwesternbatspecies
amechanisticframeworkforunderstandingthe-2021,A mechanistic framework for understanding the effects of climate change on the link between flowering and fruiting phenology,"ME Sandor, CE Aslan, L Pejchar, JL Bronstein",Frontiers in Ecology and Evolution,"9, 752110",2021,19,C Aslan,,,true,true,,NMxIlDl6LWMC,OQcWVAoAAAAJ,2025-02-15,amechanisticframeworkforunderstandingtheeffectsofclimatechangeonthelinkbetweenfloweringandfruitingphenology
amultiproxydatabaseofwesternnorthamerica-2021,A multiproxy database of western North American Holocene paleoclimate records,"CC Routson, DS Kaufman, NP McKay, MP Erb, SépH Arcusa, KJ Brown, ME Kirby, JP Marsicek, RS Anderson, G Jiménez-Moreno, JR Rodysill, MS Lachniet, SC Fritz, JR Bennett, MF Goman, SE Metcalfe, JM Galloway, G Schoups, DB Wahl, JL Morris, F Staines-Urías, A Dawson, BN Shuman, DG Gavin, JS Munroe, BF Cumming",Earth System Science Data,"13 (4), 1613-1632",2021,21,R Anderson; M Erb; D Kaufman; N McKay; C Routson,Stephanie Arcusa,,true,true,,EsEWqaRxkBgC,6w5ZNo4AAAAJ,2025-02-15,amultiproxydatabaseofwesternnorthamericanholocenepaleoclimaterecords
amundsenseawestantarcticicesheethistoryp-2021,"Amundsen Sea West Antarctic Ice Sheet History, Proceedings of the International Ocean Discovery Program, Expedition 379","K Gohl, J Wellner, A Klaus, E379 Scientists",Proceedings of the International Ocean Discovery Program,379,2021,4,J Fegyveresi,,,false,true,,4JMBOYKVnBMC,y6CEvEMAAAAJ,2025-02-15,amundsenseawestantarcticicesheethistoryproceedingsoftheinternationaloceandiscoveryprogramexpedition379
analysisofbiasedlanguageinpeerreviewedsc-2021,Analysis of biased language in peer-reviewed scientific literature on genetically modified crops,"BM Stevens, R Reppen, M Linhart, K Gibson, A Parafiniuk, A Roberts, R Sanford, NC Johnson",Environmental Research Letters,"16 (8), 084035",2021,1,N Johnson; R Sanford,Aradhana Roberts; Bo Stevens,,false,true,,K3LRdlH-MEoC,mMGsnC8AAAAJ,2025-02-15,analysisofbiasedlanguageinpeerreviewedscientificliteratureongeneticallymodifiedcrops
antarcticsurfacetemperatureandelevationd-2021,Antarctic surface temperature and elevation during the Last Glacial Maximum,"C Buizert, TJ Fudge, WHG Roberts, EJ Steig, S Sherriff-Tadano, C Ritz, E Lefebvre, J Edwards, K Kawamura, I Oyabu, H Motoyama, EC Kahle, TR Jones, A Abe-Ouchi, T Obase, C Martin, H Corr, JP Severinghaus, R Beaudette, JA Epifanio, EJ Brook, K Martin, Jérôm Chappellaz, S Aoki, T Nakazawa, TA Sowers, RB Alley, J Ahn, M Sigl, M Severi, NW Dunbar, A Svensson, JM Fegyveresi, C He, Z Liu, J Zhu, BL Otto-Bliesner, VY Lipenkov, M Kageyama, J Schwander",Science,"372 (6546), 1097-1101",2021,111,J Fegyveresi,,,false,true,,iH-uZ7U-co4C,y6CEvEMAAAAJ,2025-02-15,antarcticsurfacetemperatureandelevationduringthelastglacialmaximum
apandemictreatyandwildlifetrade-2021,A pandemic treaty and wildlife trade,"E Gallo-Cajiao, S Lieberman, N Dolšak, A Prakash, R Labonté, D Biggs, T Morrison, AM Viens, RA Fuller, R Aguiar, P Fidelman, JEM Watson, Céc Aenishaenslin, M Wiktorowicz",Available at SSRN,3966292,2021,1,D Biggs,,,false,true,,BrmTIyaxlBUC,zQTZixsAAAAJ,2025-02-15,apandemictreatyandwildlifetrade
assessingtheroleofwaterinalaskanflatslab-2021,Assessing the role of water in Alaskan flat‐slab subduction,"SE Petersen, TD Hoisch, RC Porter","Geochemistry, Geophysics, Geosystems","22 (5), e2021GC009734",2021,6,T Hoisch; R Porter,SE Petersen,,true,true,,LGlY6t8CeOMC,VrFY4scAAAAJ,2025-02-15,assessingtheroleofwaterinalaskanflatslabsubduction
asurveyoftraditionalchinesemedicineconsu-2021,A survey of traditional Chinese medicine consumers to investigate the impact of China's legalization of rhino horn trade on stigmatization and likelihood of use,"H Cheung, L Mazerolle, HP Possingham, D Biggs",Conservation Science and Practice,"3 (11), e536",2021,3,D Biggs,,,false,true,,fQNAKQ3IYiAC,zQTZixsAAAAJ,2025-02-15,asurveyoftraditionalchinesemedicineconsumerstoinvestigatetheimpactofchinaslegalizationofrhinohorntradeonstigmatizationandlikelihoodofuse
bathymetricsignaturesofsubmarineforearcd-2021,Bathymetric signatures of submarine forearc deformation: A case study in the Nankai accretionary prism,"ER Schottenfels, CA Regalla","Geochemistry, Geophysics, Geosystems","22 (11), e2021GC010050",2021,5,C Regalla,Emily Schottenfels,,true,true,,qmtmRrLr0tkC,PdHBgEUAAAAJ,2025-02-15,bathymetricsignaturesofsubmarineforearcdeformationacasestudyinthenankaiaccretionaryprism
biocrustandthesoilsurfaceinfluenceofclim-2021,"Biocrust and the soil surface: influence of climate, disturbance, and biocrust recovery on soil surface roughness","J Caster, TT Sankey, JB Sankey, MA Bowker, D Buscombe, MC Duniway, N Barger, A Faist, T Joyal",Geoderma,"403, 115369",2021,32,T Joyal; T Sankey,Joshua Caster,,false,true,,hqOjcs7Dif8C,LUAnXfsAAAAJ,2025-02-15,biocrustandthesoilsurfaceinfluenceofclimatedisturbanceandbiocrustrecoveryonsoilsurfaceroughness
birdsandbioenergywithintheamericasacross-2021,"Birds and bioenergy within the americas: A cross-national, social–ecological study of ecosystem service tradeoffs","JL Knowlton, KE Halvorsen, DJ Flaspohler, CR Webster, J Abrams, SM Almeida, SL Arriaga-Weiss, B Barnett, MírR Cardoso, PV Cerqueira, D Córdoba, MP Dantas-Santos, JL Dunn, A Eastmond, GM Jarvi, JA Licata, E Mata-Zayas, R Medeiros, MA Mesa-Jurado, LízY Moo-Culebro, C Moseley, E Nielsen, CC Phifer, EC Pischke, C Schelly, T Selfa, CA Silva, T Souza, SR Sweitz, CésJ Vázquez-Navarrete",Land,"10 (3), 258",2021,7,E Nielsen,Cole Webster; Chelsea Silva,,false,true,,R3hNpaxXUhUC,vAflpUkAAAAJ,2025-02-15,birdsandbioenergywithintheamericasacrossnationalsocialecologicalstudyofecosystemservicetradeoffs
carbonandecohydrologicalprioritiesinmana-2021,Carbon and ecohydrological priorities in managing woody encroachment: UAV perspective 63 years after a control treatment,"TT Sankey, J Leonard, MM Moore, JB Sankey, A Belmonte",Environmental Research Letters,"16 (12), 124053",2021,9,T Sankey,,,false,true,,qCpRzq7zkD8C,3zszVGYAAAAJ,2025-02-15,carbonandecohydrologicalprioritiesinmanagingwoodyencroachmentuavperspective63yearsafteracontroltreatment
caveandkarstofthegrandcanyonworldheritag-2021,Cave and karst of the Grand Canyon World Heritage Site; Cave and karst of the Grand Canyon World Heritage Site,"BW Tobin, AE Springer, J Ballensky, A Armstrong",Zeitschrift fur Geomorphologie Supplement,"62 (3), 125-144",2021,12,A Springer,,,true,true,,q3oQSFYPqjQC,X53gmAQAAAAJ,2025-02-15,caveandkarstofthegrandcanyonworldheritagesitecaveandkarstofthegrandcanyonworldheritagesite
changingstateoftheclimatesystem-2021,Changing state of the climate system,"SK Gulev, PW Thorne, J Ahn, FJ Dentener, CM Domingues, S Gerland, D Gong, DS Kaufman, HC Nnamchi, J Quaas, JA Rivera, S Sathyendranath, SL Smith, B Trewin, Kv Schuckmann, RS Vose, R Allan, B Collins, A Turner, E Hawkins",Cambridge University Press,,2021,701,D Kaufman,,,false,true,,NU-BerS4NX4C,KpeykKsAAAAJ,2025-02-15,changingstateoftheclimatesystem
chinaslegalizationofdomesticrhinohorntra-2021,China's legalization of domestic rhino horn trade: Traditional Chinese medicine practitioner perspectives and the likelihood of prescription,"H Cheung, L Mazerolle, HP Possingham, D Biggs",Frontiers in Ecology and Evolution,"9, 607660",2021,18,D Biggs,,,false,true,,geHnlv5EZngC,zQTZixsAAAAJ,2025-02-15,chinaslegalizationofdomesticrhinohorntradetraditionalchinesemedicinepractitionerperspectivesandthelikelihoodofprescription
circuitscapeinjuliaempoweringdynamicappr-2021,Circuitscape in Julia: empowering dynamic approaches to connectivity assessment,"KR Hall, R Anantharaman, VA Landau, M Clark, BG Dickson, A Jones, J Platt, A Edelman, VB Shah",Land,"10 (3), 301",2021,105,B Dickson,Alyson Jones,,false,true,,XiVPGOgt02cC,TZcEU1QAAAAJ,2025-02-15,circuitscapeinjuliaempoweringdynamicapproachestoconnectivityassessment
climateandecologyintherockymountaininter-2021,Climate and ecology in the Rocky Mountain interior after the early Eocene Climatic Optimum,"RA Stein, ND Sheldon, SE Allen, ME Smith, RM Dzombak, BR Jicha",Climate of the Past,"17 (6), 2515-2536",2021,7,M Smith,,,true,true,,yBJCJstOu-sC,CBG7OuAAAAAJ,2025-02-15,climateandecologyintherockymountaininterioraftertheearlyeoceneclimaticoptimum
climatechange2021thephysicalsciencebasis-2021,Climate change 2021: The physical science basis. Contribution of working group I to the sixth assessment report of the intergovernmental panel on climate change,"SK Gulev, PW Thorne, J Ahn, F Dentener, CM Domingues, S Gerland, D Gong, DS Kaufman, HC Nnamchi, J Quaas, JA Rivera, S Sathyendranath, SL Smith, B Trewin",Chap. Changing state of the climate system,,2021,211,D Kaufman,,,false,true,,I2jIoRS3jIgC,KpeykKsAAAAJ,2025-02-15,climatechange2021thephysicalsciencebasiscontributionofworkinggroupitothesixthassessmentreportoftheintergovernmentalpanelonclimatechange
comparingdirectcarbonateandstandardgraph-2021,Comparing direct carbonate and standard graphite 14C determinations of biogenic carbonates,"J Bright, C Ebert, MA Kosnik, JR Southon, K Whitacre, PG Albano, C Flores, TK Frazer, Q Hua, M Kowalewski, JC Martinelli, D Oakley, WG Parker, M Retelle, MdN Ritter, MM Rivadeneira, D Scarponi, Y Yanes, M Zuschin, DS Kaufman",Radiocarbon,"63 (2), 387-403",2021,12,D Kaufman,,,false,true,,bXQfdp6S9ecC,KpeykKsAAAAJ,2025-02-15,comparingdirectcarbonateandstandardgraphite14cdeterminationsofbiogeniccarbonates
constraintsonthedepththicknessandstrengt-2021,"Constraints on the depth, thickness, and strength of the G discontinuity in the central Pacific from S receiver functions","HF Mark, JA Collins, D Lizarralde, G Hirth, JB Gaherty, RL Evans, MD Behn",Journal of Geophysical Research: Solid Earth,"126 (4), e2019JB019256",2021,18,J Gaherty,,,true,true,,LI9QrySNdTsC,uglQirIAAAAJ,2025-02-15,constraintsonthedepththicknessandstrengthofthegdiscontinuityinthecentralpacificfromsreceiverfunctions
corehandlingtransportationandprocessingf-2021,"Core handling, transportation and processing for the South Pole ice core (SPICEcore) project","JM Souney, MS Twickler, M Aydin, EJ Steig, TJ Fudge, LV Street, MR Nicewonger, EC Kahle, JA Johnson, TW Kuhl, KA Casey, JM Fegyveresi, RM Nunn, GM Hargreaves",Annals of Glaciology,"62 (84), 118-130",2021,14,J Fegyveresi,Julia Johnson,,false,true,,qUcmZB5y_30C,y6CEvEMAAAAJ,2025-02-15,corehandlingtransportationandprocessingforthesouthpoleicecorespicecoreproject
coupledecologicalandmanagementconnectivi-2021,Coupled ecological and management connectivity across administrative boundaries in undeveloped landscapes,"CE Aslan, MW Brunson, BA Sikes, RS Epanchin‐Niell, S Veloz, DM Theobald, BG Dickson",Ecosphere,"12 (1), e03329",2021,26,C Aslan; B Dickson,,,true,true,,k_IJM867U9cC,OQcWVAoAAAAJ,2025-02-15,coupledecologicalandmanagementconnectivityacrossadministrativeboundariesinundevelopedlandscapes
damremovalprioritizationinthewestanoptim-2021,Dam Removal Prioritization in the West: An Optimization Approach for River Restoration and Conservation,"Guetz, K., Joyal, T., Dickson, B., Perry, D.",Restoration Ecology,,2021,0,D Perry; T Joyal,Katie Guetz,,true,true,,,,,damremovalprioritizationinthewestanoptimizationapproachforriverrestorationandconservation
doesinformationanddeliberationaffectecos-2021,Does Information and Deliberation Affect Ecosystem Service Judgments? Evidence from Tree Plantation Expansion in Argentina,"AR Sanders, EA Nielsen, J Abrams",Society & Natural Resources,"34 (11), 1433-1448",2021,1,E Nielsen,Ashley Sanders,,false,true,,e5wmG9Sq2KIC,vAflpUkAAAAJ,2025-02-15,doesinformationanddeliberationaffectecosystemservicejudgmentsevidencefromtreeplantationexpansioninargentina
dominancedeterminesfishcommunitybiomassi-2021,Dominance determines fish community biomass in a temperate seagrass ecosystem,"AM Eger, RJ Best, JK Baum",Ecology and evolution,"11 (15), 10489-10501",2021,8,R Best,,,true,true,,GiYFt9mpioMC,MS9xVqIAAAAJ,2025-02-15,dominancedeterminesfishcommunitybiomassinatemperateseagrassecosystem
effectsofclimatesmartagriculturalpractic-2021,"Effects of climate-smart agricultural practices on crop yields, soil carbon, and nitrogen pools in Africa: a meta-analysis","E Kichamu-Wachira, Z Xu, K Reardon-Smith, D Biggs, G Wachira, N Omidvar",Journal of Soils and Sediments,"21, 1587-1597",2021,42,D Biggs,,,false,true,,sSrBHYA8nusC,zQTZixsAAAAJ,2025-02-15,effectsofclimatesmartagriculturalpracticesoncropyieldssoilcarbonandnitrogenpoolsinafricaametaanalysis
estimatingsocialecologicalresiliencefire-2021,Estimating social‐ecological resilience: fire management futures in the Sonoran Desert,"CE Aslan, M Sandor, M Sample, S Stortz, S Souther, C Levine, L Samberg, M Gray, B Dickson",Ecological applications,"31 (4), e02303",2021,6,C Aslan; B Dickson; S Souther,Martha Sample; Sasha Stortz; Miranda Gray,,true,true,,M3NEmzRMIkIC,OQcWVAoAAAAJ,2025-02-15,estimatingsocialecologicalresiliencefiremanagementfuturesinthesonorandesert
estimatingthecontributionoftributarysand-2021,"Estimating the contribution of tributary sand inputs to controlled flood deposits for sandbar restoration using elemental tracers, Colorado River, Grand Canyon National Park …","KA Chapman, RJ Best, ME Smith, ER Mueller, PE Grams, RA Parnell",GSA Bulletin,"133 (5-6), 1141-1156",2021,9,R Best; R Parnell; M Smith,Katherine Chapman,,true,true,,_5tno0g5mFcC,MS9xVqIAAAAJ,2025-02-15,estimatingthecontributionoftributarysandinputstocontrolledflooddepositsforsandbarrestorationusingelementaltracerscoloradorivergrandcanyonnationalpark
etvosers2021-2021,"et Vose, RS, 2021","SK Gulev, PW Thorne, J Ahn, FJ Dentener, CM Domingues, S Gerland, D Gong, DS Kaufman, HC Nnamchi, J Quaas, JA Rivera, S Sathyendranath, SL Smith, B Trewin, Kv Shuckmann",Changing State of the Climate System in Climate Change,,2021,5,D Kaufman,,,false,true,,koF6b02d8EEC,KpeykKsAAAAJ,2025-02-15,etvosers2021
evidenceforahighlydynamicwestantarcticic-2021,Evidence for a highly dynamic West Antarctic ice sheet during the Pliocene,"K Gohl, G Uenzelmann‐Neben, J Gille‐Petzoldt, C‐D Hillenbrand, JP Klages, SM Bohaty, S Passchier, T Frederichs, JS Wellner, R Lamb, G Leitchenkov, IODPE379 Scientists",Geophysical Research Letters,"48 (14), e2021GL093103",2021,23,J Fegyveresi,,,false,true,,k_IJM867U9cC,y6CEvEMAAAAJ,2025-02-15,evidenceforahighlydynamicwestantarcticicesheetduringthepliocene
extendexistingfoodsafetysystemstotheglob-2021,Extend existing food safety systems to the global wildlife trade,"D Biggs, H Caceres-Escobar, R Kock, G Thomson, J Compton",The Lancet Planetary Health,"5 (7), e402-e403",2021,10,D Biggs,,,false,true,,5Ul4iDaHHb8C,zQTZixsAAAAJ,2025-02-15,extendexistingfoodsafetysystemstotheglobalwildlifetrade
fiveyearsofvariabilityintheglobalcarbonc-2021,Five years of variability in the global carbon cycle: comparing an estimate from the Orbiting Carbon Observatory-2 and process-based models,"Z Chen, DN Huntzinger, J Liu, S Piao, X Wang, S Sitch, P Friedlingstein, P Anthoni, A Arneth, V Bastrikov, DS Goll, V Haverd, AK Jain, E Joetzjer, E Kato, S Lienert, DL Lombardozzi, PC McGuire, JR Melton, JEMS Nabel, J Pongratz, B Poulter, H Tian, AJ Wiltshire, Sön Zaehle, SM Miller",Environmental Research Letters,"16 (5), 054041",2021,15,D Huntzinger,,,false,true,,JQOojiI6XY0C,e4XX478AAAAJ,2025-02-15,fiveyearsofvariabilityintheglobalcarboncyclecomparinganestimatefromtheorbitingcarbonobservatory2andprocessbasedmodels
fluvialsuspendedsedimenttransferandlacus-2021,"Fluvial suspended sediment transfer and lacustrine sedimentation of recent flood turbidites in proglacial Eklutna Lake, western Chugach Mountains, Alaska","E Schiefer, J Geck, JS Ostman, NP McKay, N Praet, MG Loso, DS Kaufman",Hydrological processes,"35 (10), e14375",2021,3,D Kaufman; N McKay,,,true,true,,nWoA1JPTheMC,KpeykKsAAAAJ,2025-02-15,fluvialsuspendedsedimenttransferandlacustrinesedimentationofrecentfloodturbiditesinproglacialeklutnalakewesternchugachmountainsalaska
futureglobalclimatescenariobasedprojecti-2021,Future global climate: scenario-based projections and near-term information,"J-Y Lee, J Marotzke, G Bala, L Cao, S Corti, JP Dunne, F Engelbrecht, E Fischer, JC Fyfe, C Jones, A Maycock, J Mutemi, O Ndiaye, S Panickal, T Zhou",Climate change,2021: The physical science basis. Contribution of working …,2021,1010,D Kaufman,,,false,true,,adHtZc2wMuEC,KpeykKsAAAAJ,2025-02-15,futureglobalclimatescenariobasedprojectionsandnearterminformation
geochemicalevolutionofeocenelakesinthene-2021,Geochemical evolution of Eocene lakes in the Nevada hinterland of the North American Cordillera,"AS Canada, EJ Cassel, ME Smith","Geochemistry, Geophysics, Geosystems","22 (10), e2021GC009863",2021,4,M Smith,,,true,true,,9mnZQYLiiboC,CBG7OuAAAAAJ,2025-02-15,geochemicalevolutionofeocenelakesinthenevadahinterlandofthenorthamericancordillera
geochronranrpackagetomodelanalyzeandvisu-2021,"geoChronR–an R package to model, analyze, and visualize age-uncertain data","NP McKay, J Emile-Geay, D Khider",Geochronology,"3 (1), 149-169",2021,59,N McKay,,,true,true,,aDl3D7KC1E4C,j8_CgoEAAAAJ,2025-02-15,geochronranrpackagetomodelanalyzeandvisualizeageuncertaindata
geomorphichistoryoflakemanixmojavedesert-2021,"Geomorphic history of Lake Manix, Mojave Desert, California: Evolution of a complex terminal lake basin","MC Reheis, DM Miller, JB Paces, CG Oviatt, JR Redwine, DS Kaufman, J Bright, E Wan",Geomorphology,"392, 107901",2021,3,D Kaufman,,,false,true,,G36d5HCDkJYC,KpeykKsAAAAJ,2025-02-15,geomorphichistoryoflakemanixmojavedesertcaliforniaevolutionofacomplexterminallakebasin
globalanalysisofdurablepoliciesforfreefl-2021,Global analysis of durable policies for free-flowing river protections,"Perry, D., Harrison, I., Fernandes, S., Burnham, S., Nichols, A",Sustainability,"13 (4), 2347",2021,36,D Perry; I Harrison,Stephannie Fernandes,Sarah Burnham; Alana Nichols,true,true,,LkGwnXOMwfcC,eQIGxvsAAAAJ,2025-02-15,globalanalysisofdurablepoliciesforfreeflowingriverprotections
globalclimategoesregionalandviceversaref-2021,"Global climate goes regional, and vice versa: reflecting on 14 years of the PaGes 2k Network","O Bothe, K Rehfeld, B Konecky, L Jonkers",Past Global Changes Magazine,"29 (1), 16-17",2021,2,D Kaufman,,,false,true,,cRMvf6lLvU8C,KpeykKsAAAAJ,2025-02-15,globalclimategoesregionalandviceversareflectingon14yearsofthepages2knetwork
globalcroplandextentproductat30mresoluti-2021,Global cropland-extent product at 30-m resolution (GCEP30) derived from Landsat satellite time-series data for the year 2015 using multiple machine-learning algorithms on …,"PS Thenkabail, PG Teluguntla, J Xiong, A Oliphant, RG Congalton, M Ozdogan, MK Gumma, JC Tilton, C Giri, C Milesi, A Phalke, R Massey, K Yadav, T Sankey, Y Zhong, I Aneece, D Foley",Professional Paper,,2021,52,T Sankey,Richard Massey,,false,true,,AFmTUeZ1pmEC,3zszVGYAAAAJ,2025-02-15,globalcroplandextentproductat30mresolutiongcep30derivedfromlandsatsatellitetimeseriesdatafortheyear2015usingmultiplemachinelearningalgorithmson
greatplainsstormintensitysincethelastgla-2021,Great Plains storm intensity since the last glacial controlled by spring surface warming,"C Sun, TM Shanahan, PN DiNezio, NP McKay, PD Roy",Nature Geoscience,"14 (12), 912-917",2021,6,N McKay,,,true,true,,R-LXmdHK_14C,j8_CgoEAAAAJ,2025-02-15,greatplainsstormintensitysincethelastglacialcontrolledbyspringsurfacewarming
heavymetalconcentrationsinmojavedesertto-2021,"Heavy metal concentrations in mojave desert tortoises (Gopherus agassizii) related to a mitigation translocation project, Ivanpah Valley, California, USA","B Cohn, B Wallace, C Grouios, B Dickson, R Scherer, A Kissel, ME Gray, TG Jackson",Herpetological Conservation and Biology,"16 (1), 128-141",2021,3,B Dickson,Miranda Gray,,false,true,,WA5NYHcadZ8C,TZcEU1QAAAAJ,2025-02-15,heavymetalconcentrationsinmojavedeserttortoisesgopherusagassiziirelatedtoamitigationtranslocationprojectivanpahvalleycaliforniausa
husbandryandherdingacommunitybasedapproa-2021,Husbandry and herding: a community-based approach to addressing illegal wildlife trade in northern Botswana,"B Heermans, JV Rooyen, R Fynn, D Biggs, M Lewis, J McNutt",Frontiers in Conservation Science,"2, 675493",2021,12,D Biggs,,,false,true,,LPZeul_q3PIC,zQTZixsAAAAJ,2025-02-15,husbandryandherdingacommunitybasedapproachtoaddressingillegalwildlifetradeinnorthernbotswana
hydrologicandgeomorphiceffectsonriparian-2021,Hydrologic and geomorphic effects on riparian plant species occurrence and encroachment: Remote sensing of 360 km of the Colorado River in Grand Canyon,"LE Durning, JB Sankey, CB Yackulic, PE Grams, BJ Butterfield, TT Sankey",Ecohydrology,"14 (8), e2344",2021,11,T Sankey,,,false,true,,PVqtIyvKoSUC,3zszVGYAAAAJ,2025-02-15,hydrologicandgeomorphiceffectsonriparianplantspeciesoccurrenceandencroachmentremotesensingof360kmofthecoloradoriveringrandcanyon
identifyinggapsinprotectedareastoexpandi-2021,Identifying gaps in protected areas to expand integrated riverine ecosystem conservation,"J Major, D Perry, C Aslan, R McManamay",Conservation Science and Practice,"3 (8), e470",2021,7,D Perry; C Aslan,James Major,,true,true,,hMod-77fHWUC,eQIGxvsAAAAJ,2025-02-15,identifyinggapsinprotectedareastoexpandintegratedriverineecosystemconservation
improvinginferencesaboutprivatelandconse-2021,Improving inferences about private land conservation by accounting for incomplete reporting,"MA Williamson, BG Dickson, MB Hooten, RA Graves, MN Lubell, MW Schwartz",Conservation Biology,"35 (4), 1174-1185",2021,10,B Dickson,,,false,true,,J-pR_7NvFogC,TZcEU1QAAAAJ,2025-02-15,improvinginferencesaboutprivatelandconservationbyaccountingforincompletereporting
indicatorsofhydroecologicalalterationfor-2021,Indicators of hydro-ecological alteration for the rivers of the United States,"George, R., McManamay, R., Perry, D., Sabo, J., & Ruddell, B. L.",Ecological Indicators,"120, 106908",2021,35,D Perry,Robert George,,true,true,,eQOLeE2rZwMC,eQIGxvsAAAAJ,2025-02-15,indicatorsofhydroecologicalalterationfortheriversoftheunitedstates
inputindustryinfluenceonfarmerdecisionma-2021,Input industry influence on farmer decision-making: an example of negative impacts to the environment and farmers,D Stuart,Handbook on the human impact of agriculture,51-64,2021,9,D Stuart,,,true,true,,ZuybSZzF8UAC,cc0d2WUAAAAJ,2025-02-15,inputindustryinfluenceonfarmerdecisionmakinganexampleofnegativeimpactstotheenvironmentandfarmers
insearchofplanetbirrationalrationalityca-2021,"In search of plan (et) B: Irrational rationality, capitalist realism, and space colonization","R Gunderson, D Stuart, B Petersen",Futures,"134, 102857",2021,17,D Stuart,,,true,true,,j8SEvjWlNXcC,cc0d2WUAAAAJ,2025-02-15,insearchofplanetbirrationalrationalitycapitalistrealismandspacecolonization
insightsintotherestorationandsustainable-2021,Insights into the restoration and sustainable management of Emory oak: A southwestern cultural keystone species,"S Souther, N Lyndon, D Randall",Forest Ecology and Management,"483, 118900",2021,12,S Souther,,,true,true,,qxL8FJ1GzNcC,zzM06IcAAAAJ,2025-02-15,insightsintotherestorationandsustainablemanagementofemoryoakasouthwesternculturalkeystonespecies
integratingairborneandmobilelidardatawit-2021,Integrating airborne and mobile lidar data with UAV photogrammetry for rapid assessment of changing forest snow depth and cover,"J Donager, TT Sankey, AJSán Meador, JB Sankey, A Springer",Science of Remote Sensing,"4, 100029",2021,18,T Sankey; A Springer,Jonathon Donager,,false,true,,tBlTYpvFGQIC,3zszVGYAAAAJ,2025-02-15,integratingairborneandmobilelidardatawithuavphotogrammetryforrapidassessmentofchangingforestsnowdepthandcover
kandvoser2021changingstateoftheclimatesy-2021,"K and Vose, R.(2021),“Changing State of the Climate System”","SK Gulev, PW Thorne, J Ahn, F Dentener, CM Domingues, S Gerland, D Gong, DS Kaufman, HC Nnamchi, J Quaas, J Rivera, S Sathyendranath, S Smith, KS Trevin","IPCC (Ed.), Climate Change",,2021,5,D Kaufman,,,false,true,,Oj-SLI0tZTcC,KpeykKsAAAAJ,2025-02-15,kandvoser2021changingstateoftheclimatesystem
keycompetenciesinsustainabilityinhighere-2021,Key competencies in sustainability in higher education—toward an agreed-upon reference framework,"K Brundiers, M Barth, G Cebrián, M Cohen, L Diaz, S Doucette-Remington, W Dripps, G Habron, N Harré, M Jarchow, K Losch, J Michel, Y Mochizuki, M Rieckmann, R Parnell, P Walker, M Zint",Sustainability Science,"16, 13-29",2021,916,R Parnell,,,false,true,,k_IJM867U9cC,IoVNx7IAAAAJ,2025-02-15,keycompetenciesinsustainabilityinhighereducationtowardanagreeduponreferenceframework
landmanagementobjectivesandactivitiesint-2021,Land management objectives and activities in the face of projected fire regime change in the Sonoran desert,"CE Aslan, S Souther, S Stortz, M Sample, M Sandor, C Levine, L Samberg, M Gray, B Dickson",Journal of Environmental Management,111644 (https://doi.org/10.1016/j …,2021,17,C Aslan; B Dickson; S Souther,Martha Sample; Sasha Stortz; Miranda Gray,,true,true,,TFP_iSt0sucC,OQcWVAoAAAAJ,2025-02-15,landmanagementobjectivesandactivitiesinthefaceofprojectedfireregimechangeinthesonorandesert
landownerssocioculturalvaluationofecosys-2021,Landowners’ socio-cultural valuation of ecosystem services provided by trees in Costa Rican agricultural landscapes,"J Leary, K Grimm, C Aslan, M Mark, S Frey, R Bath-Rosenfeld",Environmental Management,"67, 974-987",2021,16,C Aslan; K Grimm,John Leary; R Bath-Rosenfeld,,true,true,,JV2RwH3_ST0C,OQcWVAoAAAAJ,2025-02-15,landownerssocioculturalvaluationofecosystemservicesprovidedbytreesincostaricanagriculturallandscapes
largescalereductionsinterrestrialcarbonu-2021,Large‐scale reductions in terrestrial carbon uptake following central Pacific El Niño,"MP Dannenberg, WK Smith, Y Zhang, C Song, DN Huntzinger, DJP Moore",Geophysical Research Letters,"48 (7), e2020GL092367",2021,17,D Huntzinger,,,false,true,,dQ2og3OwTAUC,e4XX478AAAAJ,2025-02-15,largescalereductionsinterrestrialcarbonuptakefollowingcentralpacificelnio
lateholocenecryptotephrafromcascadelakea-2021,"Late Holocene cryptotephra from Cascade Lake, Alaska: supporting data for a 21,000-year multi-chronometer Bayesian age model","LJ Davies, BJL Jensen, DS Kaufman",Geochronology Discussions,"2021, 1-35",2021,2,D Kaufman,,,false,true,,hfzGNhXhx5MC,KpeykKsAAAAJ,2025-02-15,lateholocenecryptotephrafromcascadelakealaskasupportingdatafora21000yearmultichronometerbayesianagemodel
legibleriversresilientriverslessonsforcl-2021,"Legible rivers, resilient rivers: Lessons for climate adaptation policy from the Wild and Scenic Rivers Act","Perry, D.",Nature-based solutions and water security,149-176,2021,18,D Perry,,,true,true,,0EnyYjriUFMC,eQIGxvsAAAAJ,2025-02-15,legibleriversresilientriverslessonsforclimateadaptationpolicyfromthewildandscenicriversact
linkingglobalterrestrialcofluxesandenvir-2021,Linking global terrestrial CO fluxes and environmental drivers: inferences from the Orbiting Carbon Observatory 2 satellite and terrestrial biospheric models,"Z Chen, J Liu, DK Henze, DN Huntzinger, KC Wells, S Sitch, P Friedlingstein, E Joetzjer, V Bastrikov, DS Goll, V Haverd, AK Jain, E Kato, S Lienert, DL Lombardozzi, PC McGuire, JR Melton, JEMS Nabel, B Poulter, H Tian, AJ Wiltshire, Sön Zaehle, SM Miller",Atmospheric Chemistry and Physics,"21 (9), 6663-6680",2021,21,D Huntzinger,,,false,true,,SdhP9T11ey4C,e4XX478AAAAJ,2025-02-15,linkingglobalterrestrialcofluxesandenvironmentaldriversinferencesfromtheorbitingcarbonobservatory2satelliteandterrestrialbiosphericmodels
lithospherestructureandseismicanisotropy-2021,Lithosphere structure and seismic anisotropy offshore eastern North America: Implications for continental breakup and ultra‐slow spreading dynamics,"JB Russell, JB Gaherty",Journal of Geophysical Research: Solid Earth,"126 (12), e2021JB022955",2021,13,J Gaherty,,,true,true,,-FonjvnnhkoC,uglQirIAAAAJ,2025-02-15,lithospherestructureandseismicanisotropyoffshoreeasternnorthamericaimplicationsforcontinentalbreakupandultraslowspreadingdynamics
mappingthethermallithosphereandmeltingac-2021,Mapping the thermal lithosphere and melting across the continental US,"R Porter, M Reid",Geophysical Research Letters,"48 (7), e2020GL092197",2021,14,R Porter; M Reid,,,true,true,,hGdtkIFZdKAC,VrFY4scAAAAJ,2025-02-15,mappingthethermallithosphereandmeltingacrossthecontinentalus
marketingproductswithwildlifehowtomakeit-2021,Marketing products with wildlife: How to make it benefit conservation,"A Braczkowski, JR Allan, KR Jones, M Natali, D Biggs, M Maron",Frontiers in Conservation Science,"2, 649686",2021,7,D Biggs,Kimberly Jones,,false,true,,8AbLer7MMksC,zQTZixsAAAAJ,2025-02-15,marketingproductswithwildlifehowtomakeitbenefitconservation
microscaledynamicsbetweendustandmicroorg-2021,Microscale dynamics between dust and microorganisms in alpine snowpack,"AK Thurston, ZR Courville, LB Farnsworth, RM Lieblappen, SA Rosten, JM Fegyveresi, SJ Doherty, RM Jones, RA Barbato",Cold Regions Research and Engineering Laboratory (US),,2021,1,J Fegyveresi,,,false,true,,j3f4tGmQtD8C,y6CEvEMAAAAJ,2025-02-15,microscaledynamicsbetweendustandmicroorganismsinalpinesnowpack
monitoringtamarixchangesusingworldview2s-2021,"Monitoring Tamarix Changes Using WorldView-2 Satellite Imagery in Grand Canyon National Park, Arizona","N Bransky, T Sankey, JB Sankey, M Johnson, L Jamison",Remote Sensing,"13 (5), 958",2021,8,T Sankey,Nathaniel Bransky,,false,true,,u3T1itk59dMC,3zszVGYAAAAJ,2025-02-15,monitoringtamarixchangesusingworldview2satelliteimageryingrandcanyonnationalparkarizona
narcotraffickingandlandcontrolinguatemal-2021,Narcotrafficking and land control in Guatemala and Honduras,"B Tellman, K McSweeney, L Manak, JA Devine, S Sesnie, E Nielsen, A Dávila",LSE Press,,2021,30,E Nielsen,Leah Manak,,false,true,,4JMBOYKVnBMC,vAflpUkAAAAJ,2025-02-15,narcotraffickingandlandcontrolinguatemalaandhonduras
nativebiodiversitycollapseintheeasternme-2021,Native biodiversity collapse in the eastern Mediterranean,"PG Albano, J Steger, M Bošnjak, B Dunne, Z Guifarro, E Turapova, Q Hua, DS Kaufman, G Rilov, M Zuschin",Proceedings of the Royal Society B,"288 (1942), 20202469",2021,167,D Kaufman,,,false,true,,ukw-9cB-YDkC,KpeykKsAAAAJ,2025-02-15,nativebiodiversitycollapseintheeasternmediterranean
nickelisotopeslinksiberiantrapsaerosolpa-2021,Nickel isotopes link Siberian Traps aerosol particles to the end-Permian mass extinction,"M Li, SE Grasby, S-J Wang, X Zhang, LE Wasylenki, Y Xu, M Sun, B Beauchamp, D Hu, Y Shen",Nature Communications,"12 (1), 2024",2021,34,L Wasylenki,,,false,true,,pqnbT2bcN3wC,QVFkTAgAAAAJ,2025-02-15,nickelisotopeslinksiberiantrapsaerosolparticlestotheendpermianmassextinction
overcomingracisminthetwinspheresofconser-2021,Overcoming racism in the twin spheres of conservation science and practice,"LF Rudd, S Allred, JGB Ross, D Hare, MN Nkomo, K Shanker, T Allen, D Biggs, A Dickman, M Dunaway, R Ghosh, NT González, T Kepe, MM Mbizah, SL Middleton, MA Oommen, K Paudel, C Sillero-Zubiri, A Dávalos",Proceedings of the Royal Society B,"288 (1962), 20211871",2021,88,D Biggs,,,false,true,,D_sINldO8mEC,zQTZixsAAAAJ,2025-02-15,overcomingracisminthetwinspheresofconservationscienceandpractice
palaeogenestratigraphyandchronologyofthe-2021,"Palaeogene stratigraphy and chronology of the western Sivas Basin, central Anatolia (Turkey): Tectono‐sedimentary evolution of a well‐preserved basin along the northern …","MH Darin, PJ Umhoefer",Basin Research,"33 (2), 903-932",2021,9,P Umhoefer,Michael Darin,,false,true,,hMsQuOkrut0C,ZLMsh8MAAAAJ,2025-02-15,palaeogenestratigraphyandchronologyofthewesternsivasbasincentralanatoliaturkeytectonosedimentaryevolutionofawellpreservedbasinalongthenorthern
paleomagneticsecularvariationfora21000ye-2021,"Paleomagnetic secular variation for a 21,000-year sediment sequence from Cascade Lake, north-central Brooks Range, Arctic Alaska","DP Steen, JS Stoner, JP Briner, DS Kaufman",Geochronology Discussions,"2021, 1-23",2021,1,D Kaufman,Douglas Steen,,false,true,,8uzoZH4hB9AC,KpeykKsAAAAJ,2025-02-15,paleomagneticsecularvariationfora21000yearsedimentsequencefromcascadelakenorthcentralbrooksrangearcticalaska
paleoseismictrenchingrevealslatequaterna-2021,Paleoseismic trenching reveals Late Quaternary kinematics of the Leech River fault: Implications for forearc strain accumulation in northern Cascadia,"N Harrichhausen, KD Morell, C Regalla, SEK Bennett, LJ Leonard, EM Lynch, E Nissen",Bulletin of the Seismological Society of America,"111 (2), 1110-1138",2021,10,C Regalla,Emerson Lynch,,true,true,,ji7lAbPyDbYC,PdHBgEUAAAAJ,2025-02-15,paleoseismictrenchingrevealslatequaternarykinematicsoftheleechriverfaultimplicationsforforearcstrainaccumulationinnortherncascadia
pandswavevelocitiesofexhumedmetasediment-2021,P‐and S‐wave velocities of exhumed metasediments from the Alaskan subduction zone: Implications for the in situ conditions along the megathrust,"PK Miller, DM Saffer, GA Abers, DJ Shillington, A Bécel, J Li, C Bate",Geophysical Research Letters,"48 (20), e2021GL094511",2021,16,D Shillington,,,true,true,,738O_yMBCRsC,bDSq2ksAAAAJ,2025-02-15,pandswavevelocitiesofexhumedmetasedimentsfromthealaskansubductionzoneimplicationsfortheinsituconditionsalongthemegathrust
pastabruptchangestippingpointsandcascadi-2021,"Past abrupt changes, tipping points and cascading impacts in the Earth system","V Brovkin, E Brook, JW Williams, S Bathiany, TM Lenton, M Barton, RM DeConto, JF Donges, A Ganopolski, J McManus, S Praetorius, Ad Vernal, A Abe-Ouchi, H Cheng, M Claussen, M Crucifix, G Gallopín, V Iglesias, DS Kaufman, T Kleinen, F Lambert, Svd Leeuw, H Liddy, M-F Loutre, D McGee, K Rehfeld, R Rhodes, AWR Seddon, MH Trauth, L Vanderveken, Z Yu",Nature Geoscience,"14 (8), 550-558",2021,161,D Kaufman,,,false,true,,Nw_I7GeUguwC,KpeykKsAAAAJ,2025-02-15,pastabruptchangestippingpointsandcascadingimpactsintheearthsystem
photogrammetryofsequenceandbiohermmorpho-2021,"Photogrammetry of sequence and bioherm morphology in the Paradox Formation, Utah, USA: A test of the coherence of Pennsylvanian (Moscovian) glacio-eustatic sea-level change","EA Johnson, ME Smith, GL Gianniny, PJ Umhoefer",Journal of Sedimentary Research,"91 (8), 833-846",2021,1,M Smith; P Umhoefer,Elizabeth Johnson,,true,true,,csTP5AdqY_wC,CBG7OuAAAAAJ,2025-02-15,photogrammetryofsequenceandbiohermmorphologyintheparadoxformationutahusaatestofthecoherenceofpennsylvanianmoscovianglacioeustaticsealevelchange
plasticresponsestohottemperatureshomogen-2021,"Plastic responses to hot temperatures homogenize riparian leaf litter, speed decomposition, and reduce detritivores","JR Jeplawy, HF Cooper, J Marks, RL Lindroth, MI Andrews, ZG Compson, C Gehring, KR Hultine, K Grady, TG Whitham, GJ Allan, RJ Best",Ecology,"102 (10), e03461",2021,11,R Best,Joann Jeplawy,Morgan Andrews,true,true,,tz746QTLzJkC,MS9xVqIAAAAJ,2025-02-15,plasticresponsestohottemperatureshomogenizeriparianleaflitterspeeddecompositionandreducedetritivores
projectingthecompoundeffectsofclimatecha-2021,Projecting the compound effects of climate change and white-nose syndrome on North American bat species.,"M McClure, CR Hranac, CG Haase, S McGinnis, BG Dickson, DTS Hayman, LP McGuire, CL Lausen, RK Plowright, N Fuller, SH. Olson",Climate Change Ecology,,2021,22,B Dickson,,,false,true,,dTyEYWd-f8wC,TZcEU1QAAAAJ,2025-02-15,projectingthecompoundeffectsofclimatechangeandwhitenosesyndromeonnorthamericanbatspecies
quaas780j-2021,"Quaas, 780 J","SK Gulev, PW Thorne, J Ahn, FJ Dentener, CM Domingues, S Gerland, D Gong, DS Kaufman, HC Nnamchi","Rivera, JA, Sathyendranath, S., Smith, SL, Trewin, B., von Shuckmann, K …",,2021,5,D Kaufman,,,false,true,,nroGzMJTTpEC,KpeykKsAAAAJ,2025-02-15,quaas780j
quantifyingecologicalvariationacrossjuri-2021,Quantifying ecological variation across jurisdictional boundaries in a management mosaic landscape,"CE Aslan, L Zachmann, M McClure, BA Sikes, S Veloz, MW Brunson, RS Epanchin-Niell, BG Dickson",Landscape Ecology,"36, 1215-1233",2021,8,C Aslan; B Dickson,,,true,true,,maZDTaKrznsC,OQcWVAoAAAAJ,2025-02-15,quantifyingecologicalvariationacrossjurisdictionalboundariesinamanagementmosaiclandscape
quantifyingplantsoilnutrientdynamicsinra-2021,"Quantifying plant-soil-nutrient dynamics in rangelands: Fusion of UAV hyperspectral-LiDAR, UAV multispectral-photogrammetry, and ground-based LiDAR-digital photography in a …","JB Sankey, TT Sankey, J Li, S Ravi, G Wang, J Caster, A Kasprak",Remote Sensing of Environment,"253, 112223",2021,121,T Sankey,Joshua Caster,,false,true,,DQNrXyjhriIC,3zszVGYAAAAJ,2025-02-15,quantifyingplantsoilnutrientdynamicsinrangelandsfusionofuavhyperspectrallidaruavmultispectralphotogrammetryandgroundbasedlidardigitalphotographyina
quartzhostedmeltinclusionsaswindowsintom-2021,Quartz‐Hosted Melt Inclusions as Windows Into Magma Assembly and Storage Processes in the Youngest Toba Tuff,"CR Tierney, MR Reid","Geochemistry, Geophysics, Geosystems","22 (8), e2020GC009564",2021,6,M Reid; C Tierney,Casey Tierney,,true,true,,W5xh706n7nkC,pg-HuIIAAAAJ,2025-02-15,quartzhostedmeltinclusionsaswindowsintomagmaassemblyandstorageprocessesintheyoungesttobatuff
reconceivingthebiologicalinvasionofnorth-2021,Reconceiving the Biological Invasion of North American Beavers (Castor canadensis) in Southern Patagonia as a Socio-ecological Problem: Implications and …,"FánM Jaksic, SA Castro, CB Anderson, JCób Pizarro, AEJ Valenzuela, N Ader, Sán Ballari, JéLC Cabalín, V Car, M Dicenta, EA Nielsen, C Roulier, PV Aert",Biological invasions in the South American Anthropocene: global causes and …,,2021,4,E Nielsen,,,false,true,,_Qo2XoVZTnwC,vAflpUkAAAAJ,2025-02-15,reconceivingthebiologicalinvasionofnorthamericanbeaverscastorcanadensisinsouthernpatagoniaasasocioecologicalproblemimplicationsand
reconceivingthebiologicalinvasionofnorth-2021-2,Reconceiving the biological invasion of North American beavers (Castor canadensis) in southern Patagonia (Chile-Argentina) as a socio-ecological phenomena: implications for …,"CB Anderson, Cób Pizzaro, AEJ Valenzuela, NE Ader, SánA Ballari, JéLC Cabalín, V Car, M Dicenta, E Nielsen, CS Roulier, PLPV Aert",Springer Nature Switzerland AG,,2021,1,E Nielsen,,,false,true,,u_35RYKgDlwC,vAflpUkAAAAJ,2025-02-15,reconceivingthebiologicalinvasionofnorthamericanbeaverscastorcanadensisinsouthernpatagoniachileargentinaasasocioecologicalphenomenaimplicationsfor
regionalscaleforestrestorationeffectsone-2021,Regional‐scale forest restoration effects on ecosystem resiliency to drought: a synthesis of vegetation and moisture trends on Google Earth Engine,"T Sankey, A Belmonte, R Massey, J Leonard",Remote Sensing in Ecology and Conservation,"7 (2), 259-274",2021,31,T Sankey,Richard Massey,,false,true,,EBV337fEn3EC,3zszVGYAAAAJ,2025-02-15,regionalscaleforestrestorationeffectsonecosystemresiliencytodroughtasynthesisofvegetationandmoisturetrendsongoogleearthengine
rhinohornusebyconsumersoftraditionalchin-2021,Rhino horn use by consumers of traditional Chinese medicine in China,"H Cheung, L Mazerolle, HP Possingham, D Biggs",Conservation Science and Practice,"3 (5), e365",2021,28,D Biggs,,,false,true,,B3FOqHPlNUQC,zQTZixsAAAAJ,2025-02-15,rhinohornusebyconsumersoftraditionalchinesemedicineinchina
sathyen340dranath-2021,Sathyen-340 dranath,"S Gulev, P Thorne, J Ahn, F Dentener, C Domingues, S Gerland, D Gong, D Kaufman, H Nnamchi, J Quaas, J Rivera","S., Smith, S., Trewin, B., von Schuckmann, K., and Vose, R.: Changing State …",,2021,7,D Kaufman,,,false,true,,IExZWSxeYXUC,KpeykKsAAAAJ,2025-02-15,sathyen340dranath
seismicmonitoringofpostwildfiredebrisflo-2021,"Seismic monitoring of post-wildfire debris flows following the 2019 Museum Fire, Arizona","R Porter, T Joyal, R Beers, J Loverich, A LaPlante, J Spruell, A Youberg, E Schenk, PR Robichaud, AE Springer",Frontiers in Earth Science,"9, 649938",2021,9,T Joyal; R Porter; A Springer,John Spruell; Rebecca Beers; A LaPlante,,true,true,,LkGwnXOMwfcC,LUAnXfsAAAAJ,2025-02-15,seismicmonitoringofpostwildfiredebrisflowsfollowingthe2019museumfirearizona
seismicstructuregravityanomaliesandflexu-2021,"Seismic structure, gravity anomalies and flexure along the Emperor Seamount chain","AB Watts, I Grevemeyer, DJ Shillington, RA Dunn, B Boston, LGómdL Peña",Journal of Geophysical Research: Solid Earth,"126 (3), e2020JB021109",2021,24,D Shillington,,,true,true,,Tiz5es2fbqcC,bDSq2ksAAAAJ,2025-02-15,seismicstructuregravityanomaliesandflexurealongtheemperorseamountchain
shakinginthesoutheasternunitedstatesexam-2021,Shaking in the southeastern United States: examining earthquakes and blasts in the Central Georgia–South Carolina seismic region,"RE Marzen, JB Gaherty, DJ Shillington, W‐Y Kim",Seismological Research Letters,"92 (5), 3145-3164",2021,4,J Gaherty; D Shillington,,,true,true,,WZBGuue-350C,uglQirIAAAAJ,2025-02-15,shakinginthesoutheasternunitedstatesexaminingearthquakesandblastsinthecentralgeorgiasouthcarolinaseismicregion
snapshotusa2019acoordinatednationalcamer-2021,SNAPSHOT USA 2019: a coordinated national camera trap survey of the United States,"MV Cove, R Kays, H Bontrager, C Bresnan, M Lasky, T Frerichs, R Klann, TEL Jr, SC Crockett, AP Crupi, KCB Weiss, H Rowe, T Sprague, J Schipper, C Tellez, CA Lepczyk, JE Fantle‐Lepczyk, S LaPoint, J Williamson, MC Fisher‐Reid, SM King, AJ Bebko, P Chrysafis, AJ Jensen, DS Jachowski, J Sands, KA MacCombie, DJ Herrera, Mvd Merwe, TW Knowles, RVH III, MS Rentz, LRSE Brandt, C Nagy, BT Barton, WC Thompson, SP Maher, AK Darracq, G Hess, AW Parsons, B Wells, GW Roemer, CJ Hernandez, ME Gompper, SL Webb, JP Vanek, DJR Lafferty, AM Bergquist, T Hubbard, T Forrester, D Clark, C Cincotta, J Favreau, AN Facka, M Halbur, S Hammerich, M Gray, CC Rega‐Brodsky, C Durbin, EA Flaherty, JM Brooke, SS Coster, RG Lathrop, K Russell, DA Bogan, R Cliché, H Shamon, MTR Hawkins, SB Marks, RC Lonsinger, MT O'Mara, JA Compton, M Fowler, EL Barthelmess, KE Andy, JL Belant, DEB Jr, TM Kautz, DG Scognamillo, CM Schalk, MS Leslie, SL Nasrallah, CN Ellison, C Ruthven, S Fritts, J Tleimat, M Gay, CA Whittier, SA Neiswenter, R Pelletier, BA DeGregorio, EK Kuprewicz, ML Davis, A Dykstra, DS Mason, C Baruzzi, MA Lashley, DR Risch, MR Price, ML Allen, LS Whipple, JH Sperry, RH Hagen, A Mortelliti, BE Evans, CE Studds, APK Sirén, J Kilborn, C Sutherland, P Warren, T Fuller, NC Harris, NH Carter, E Trout, M Zimova, ST Giery, F Iannarilli, SD Higdon, RS Revord, CP Hansen, JJ Millspaugh, A Zorn, JF Benson, NH Wehr, JN Solberg, BD Gerber, JC Burr, J Sevin, AM Green, ÇağaH Şekercioğlu, M Pendergast, KA Barnick, AJ Edelman, JR Wasdin, A Romero, BJ O'Neill, N Schmitz, JM Alston, KM Kuhn, DB Lesmeister, MA Linnell, CL Appel, C Rota, JL Stenglein, C Anhalt‐Depies, C Nelson, RA Long, KJ Jaspers, KR Remine, MJ Jordan",Ecology,"102 (6), e03353",2021,70,H Rowe,Miranda Gray; Bax Barton,,false,true,,ULOm3_A8WrAC,NRUIqxcAAAAJ,2025-02-15,snapshotusa2019acoordinatednationalcameratrapsurveyoftheunitedstates
springsecosystemclassification-2021,Springs ecosystem classification,"LE Stevens, ER Schenk, AE Springer",Ecological Applications,"31 (1), e2218",2021,119,A Springer,,,true,true,,sSrBHYA8nusC,X53gmAQAAAAJ,2025-02-15,springsecosystemclassification
stratigraphyageandprovenanceoftheeocenec-2021,"Stratigraphy, age, and provenance of the Eocene Chumstick basin, Washington Cascades; implications for paleogeography, regional tectonics, and development of strike-slip basins …","EE Donaghy, PJ Umhoefer, MP Eddy, RB Miller, T LaCasse",GSA Bulletin,"133 (11-12), 2418-2438",2021,7,P Umhoefer,Erin Donaghy; Roy Miller,,false,true,,b1wdh0AR-JQC,ZLMsh8MAAAAJ,2025-02-15,stratigraphyageandprovenanceoftheeocenechumstickbasinwashingtoncascadesimplicationsforpaleogeographyregionaltectonicsanddevelopmentofstrikeslipbasins
technicalsummary-2021,Technical summary,"PA Arias, N Bellouin, E Coppola, RG Jones, G Krinner, J Marotzke, V Naik, MD Palmer, G-K Plattner, J Rogelj, M Rojas, J Sillmann, T Storelvmo, PW Thorne, B Trewin, KA Rao, B Adhikary, RP Allan, K Armour, G Bala, R Barimalala, S Berger, JG Canadell, C Cassou, A Cherchi, W Collins, WD Collins, SL Connors, S Corti, F Cruz, FJ Dentener, C Dereczynski, AD Luca, AD Niang, FJ Doblas-Reyes, A Dosio, Hé Douville, F Engelbrecht, V Eyring, E Fischer, P Forster, B Fox-Kemper, JS Fuglestvedt, JC Fyfe, NP Gillett, L Goldfarb, I Gorodetskaya, JM Gutierrez, R Hamdi, E Hawkins, HT Hewitt, P Hope, AS Islam, C Jones, DS Kaufman, RE Kopp, Y Kosaka, J Kossin, S Krakovska, J-Y Lee, J Li, T Mauritsen, TK Maycock, M Meinshausen, S-K Min, P Monteiro, T Ngo-Duc, F Otto, I Pinto, A Pirani, K Raghavan, R Ranasinghe, AC Ruane, L Ruiz, J-B Sallée, BH Samset, S Sathyendranath, SI Seneviratne, AA Sörensson, S Szopa, I Takayabu, A-M Tréguier, Bvd Hurk, R Vautard, KV Schuckmann, S Zaehle, X Zhang",Cambridge University Press,,2021,19094,D Kaufman,,,false,true,,eAUscmXIlQ8C,KpeykKsAAAAJ,2025-02-15,technicalsummary
technicalsummaryinclimatechange2021theph-2021,Technical summary. In ‘Climate Change 2021: The Physical Science Basis. Contribution of Working Group I to the Sixth Assessment Report of the Intergovernmental Panel on Climate …,"PA Arias, N Bellouin, E Coppola, RG Jones, G Krinner, J Marotzke, V Naik, M Palmer, GK Plattner, J Rogelj, M Rojas, J Sillmann, T Storelvmo, P Thorne, B Trewin, K Achutarao, B Adhikary, R Allan, K Armour, G Bala, R Barimalala, S Berger, JG Canadell, C Cassou, A Cherchi, WD Collins, WJ Collins, S Connors, S Corti, F Cruz, FJ Dentener, C Dereczynski, AD Luca, AD Niang, P Doblas-Reyes, A Dosio, H Douville, F Engelbrecht, V Eyring, EM Fischer, P Forster, B Fox-Kemper, J Fuglestvedt, J Fyfe, N Gillett, L Goldfarb, I Gorodetskaya, JM Gutierrez, R Hamdi, E Hawkins, H Hewitt, P Hope, AS Islam, C Jones, D Kaufmann, R Kopp, Y Kosaka, J Kossin, S Krakovska, J Li, JY Lee, V Masson-Delmotte, T Mauritsen, T Maycock, M Meinshausen, S Min, TN Duc, F Otto, I Pinto, A Pirani, K Raghavan, R Ranasighe, A Ruane, L Ruiz, JB Sallée, BH Samset, S Sathyendranath, PS Monteiro, SI Seneviratne, AA Sörensson, S Szopa, I Takayabu, AM Treguier, Bvd Hurk, R Vautard, KV Schuckmann, S Zaehle, X Zhang, K Zickfeld","Cambridge University Press, Cambridge. doi","10 (9781009157896.002), 33-144",2021,59,D Kaufman,Charles Jones; Caron Jones,,false,true,,IvSMUa3B7yYC,KpeykKsAAAAJ,2025-02-15,technicalsummaryinclimatechange2021thephysicalsciencebasiscontributionofworkinggroupitothesixthassessmentreportoftheintergovernmentalpanelonclimate
theecologicalintegrityofspringecosystems-2021,The ecological integrity of spring ecosystems: A global review,"LE Stevens, AA Aly, SM Arpin, I Apostolova, GM Ashley, PQ Barba, J Barquín, A Beauger, L Benaabidate, SU Bhat, L Bouchaou, M Cantonati, TM Carroll, R Death, KA Dwire, MF Felippe, RJ Fensham, AE Fryar, RPi Garsaball, V Gjoni, DS Glazier, N Goldscheider, JT Gurrieri, R Guðmundsdóttir, AR Guzman, M Hájek, K Hassel, T Heartsill-Scalley, JSéi Herce, D Hinterlang, JH Holway, J Ilmonen, J Jenness, J Kapfer, I Karaouzas, RL Knight, A-K Kreiling, CH Lameli, JD Ledbetter, N Levine, MD Lyons, RE Mace, A Mentzafou, P Marle, N Moosdorf, MK Norton, A Pentecost, GGía Pérez, B Perla, AA Saber, D Sada, S Segadelli, K Skaalsveen, AE Springer, SK Swanson, BF Schwartz, P Sprouse, M Tekere, BW Tobin, EA Tshibalo, O Voldoire","Earth Systems and Environmental Sciences, Reference Module, Elsevier",2021,2021,28,A Springer,,,true,true,,J-pR_7NvFogC,X53gmAQAAAAJ,2025-02-15,theecologicalintegrityofspringecosystemsaglobalreview
thepermianmonosformationstratigraphicand-2021,The Permian Monos Formation: Stratigraphic and detrital zircon evidence for Permian Cordilleran arc development along the southwestern margin of Laurentia (northwestern Sonora …,"SC Dobbs, NR Riggs, KM Marsaglia, CM González-León, MR Cecil, ME Smith",Geosphere,"17 (2), 520-537",2021,19,M Smith,Stephen Dobbs,,true,true,,DoBzxrgsGIIC,CBG7OuAAAAAJ,2025-02-15,thepermianmonosformationstratigraphicanddetritalzirconevidenceforpermiancordilleranarcdevelopmentalongthesouthwesternmarginoflaurentianorthwesternsonora
thereasonswomenchooseandstayinageologyma-2021,The reasons women choose and stay in a geology major: a qualitative multi-case analysis,"RE Gray, AT Riche, IJ Shinnick-Gordon, JC Sample",Innovation and Education,"3 (1), 1-14",2021,6,J Sample,Alexis Riche,,false,true,,OU6Ihb5iCvQC,JL2daQcAAAAJ,2025-02-15,thereasonswomenchooseandstayinageologymajoraqualitativemulticaseanalysis
theuseofcitizensciencetoachievemultivari-2021,The use of citizen science to achieve multivariate management goals on public lands,"S Souther, V Randall, N Lyndon",Diversity,"13 (7), 293",2021,10,S Souther,,,true,true,,4DMP91E08xMC,zzM06IcAAAAJ,2025-02-15,theuseofcitizensciencetoachievemultivariatemanagementgoalsonpubliclands
trainingfuturegenerationstodelivereviden-2021,Training future generations to deliver evidence‐based conservation and ecosystem management,"H Downey, T Amano, M Cadotte, CN Cook, SJ Cooke, NR Haddaway, JPG Jones, N Littlewood, JC Walsh, MI Abrahams, G Adum, M Akasaka, JA Alves, RE Antwis, EC Arellano, J Axmacher, H Barclay, L Batty, A Benítez‐López, JR Bennett, MJ Berg, S Bertolino, D Biggs, FC Bolam, T Bray, BW Brook, JW Bull, Z Burivalova, M Cabeza, ALM Chauvenet, AP Christie, L Cole, AJ Cotton, S Cotton, SAO Cousins, D Craven, W Cresswell, JJ Cusack, SE Dalrymple, ZG Davies, A Diaz, JA Dodd, A Felton, E Fleishman, CJ Gardner, R Garside, A Ghoddousi, JJ Gilroy, DA Gill, JA Gill, L Glew, MJ Grainger, AA Grass, S Greshon, J Gundry, T Hart, CR Hopkins, C Howe, A Johnson, KW Jones, NR Jordan, T Kadoya, D Kerhoas, J Koricheva, TM Lee, S Lengyel, SW Livingstone, A Lyons, Gái McCabe, J Millett, CëM Strevens, A Moolna, HL Mossman, N Mukherjee, Aés Muñoz‐Sáez, N Negrões, O Norfolk, T Osawa, S Papworth, KJ Park, Jérôm Pellet, AD Phillott, JM Plotnik, D Priatna, AG Ramos, N Randall, RM Richards, EG Ritchie, DL Roberts, R Rocha, JP Rodríguez, R Sanderson, T Sasaki, S Savilaakso, C Sayer, C Sekercioglu, M Senzaki, G Smith, RJ Smith, M Soga, CD Soulsbury, MD Steer, G Stewart, EF Strange, AJ Suggitt, RRJ Thompson, S Thompson, I Thornhill, RJ Trevelyan, HO Usieta, O Venter, AD Webber, RL White, MJ Whittingham, A Wilby, RW Yarnell, V Zamora‐Gutierrez, WJ Sutherland",Ecological Solutions and Evidence,"2 (1), e12032",2021,33,R Anderson; D Biggs; M Smith,Heather Downey; Joshua Jones; Jeff Bennett; Kimberly Jones,,false,true,,Tiz5es2fbqcC,zQTZixsAAAAJ,2025-02-15,trainingfuturegenerationstodeliverevidencebasedconservationandecosystemmanagement
uavbasedestimateofsnowcoverdynamicsoptim-2021,UAV-based estimate of snow cover dynamics: Optimizing semi-arid forest structure for snow persistence,"A Belmonte, T Sankey, J Biederman, J Bradford, S Goetz, T Kolb",Remote Sensing,"13 (5), 1036",2021,24,T Sankey,,,false,true,,l6Q3WhenKVUC,3zszVGYAAAAJ,2025-02-15,uavbasedestimateofsnowcoverdynamicsoptimizingsemiaridforeststructureforsnowpersistence
uavthermalimagedetectsgenetictraitdiffer-2021,"UAV thermal image detects genetic trait differences among populations and genotypes of Fremont cottonwood (Populus fremontii, Salicaceae)","T Sankey, K Hultine, D Blasini, D Koepke, N Bransky, K Grady, H Cooper, C Gehring, G Allan",Remote Sensing in Ecology and Conservation,"7 (2), 245-258",2021,15,T Sankey,Nathaniel Bransky,,false,true,,oqD4_j7ulsYC,3zszVGYAAAAJ,2025-02-15,uavthermalimagedetectsgenetictraitdifferencesamongpopulationsandgenotypesoffremontcottonwoodpopulusfremontiisalicaceae
understandingtraditionalchinesemedicinet-2021,Understanding Traditional Chinese Medicine to strengthen conservation outcomes,"H Cheung, H Doughty, A Hinsley, E Hsu, TM Lee, EJ Milner‐Gulland, HP Possingham, D Biggs",People and Nature,"3 (1), 115-128",2021,67,D Biggs,,,false,true,,738O_yMBCRsC,zQTZixsAAAAJ,2025-02-15,understandingtraditionalchinesemedicinetostrengthenconservationoutcomes
urgentpleaforglobalprotectionofsprings-2021,Urgent plea for global protection of springs,"M Cantonati, RJ Fensham, LE Stevens, R Gerecke, DS Glazier, N Goldscheider, RL Knight, JS Richardson, AE Springer, K Tockner",Conservation Biology,"35 (1), 378-382",2021,69,A Springer,,,true,true,,8AbLer7MMksC,X53gmAQAAAAJ,2025-02-15,urgentpleaforglobalprotectionofsprings
valuinguserpreferencesforgeospatialfirem-2021,Valuing User Preferences for Geospatial Fire Monitoring in Guatemala,"J Berenter, I Morrison, JM Mueller",Sustainability,"13 (21), 12077",2021,1,J Mueller,,,false,true,,7PzlFSSx8tAC,brG-UpsAAAAJ,2025-02-15,valuinguserpreferencesforgeospatialfiremonitoringinguatemala
vegetationstructurecontrolsonsnowandsoil-2021,Vegetation structure controls on snow and soil moisture in restored ponderosa pine forests,"FC O'Donnell, J Donager, T Sankey, SM Lopez, AE Springer",Hydrological Processes,"35 (11), e14432",2021,15,T Sankey; A Springer,Jonathon Donager,,false,true,,w2UhwfzvF0QC,3zszVGYAAAAJ,2025-02-15,vegetationstructurecontrolsonsnowandsoilmoistureinrestoredponderosapineforests
whatinfluencesandinhibitsreductionofdefo-2021,What influences and inhibits reduction of deforestation in the soy supply chain? A mental model perspective,"AM Guerrero, NA Jones, H Ross, M Virah-Sawmy, D Biggs",Environmental Science & Policy,"115, 125-132",2021,24,D Biggs,,,false,true,,l7t_Zn2s7bgC,zQTZixsAAAAJ,2025-02-15,whatinfluencesandinhibitsreductionofdeforestationinthesoysupplychainamentalmodelperspective
whatisenvironmentalsociology-2021,What is environmental sociology?,D Stuart,John Wiley & Sons,,2021,16,D Stuart,,,true,true,,NJ774b8OgUMC,cc0d2WUAAAAJ,2025-02-15,whatisenvironmentalsociology
wheretostartanewcitizenscienceremotesens-2021,"Where to start? A new citizen science, remote sensing approach to map recreational disturbance and other degraded areas for restoration planning","HI Rowe, D Gruber, M Fastiggi",Restoration Ecology,"29 (6), e13454",2021,4,H Rowe,,,false,true,,YOwf2qJgpHMC,NRUIqxcAAAAJ,2025-02-15,wheretostartanewcitizenscienceremotesensingapproachtomaprecreationaldisturbanceandotherdegradedareasforrestorationplanning
wildlifeimpactsandchangingclimateposecom-2021,Wildlife impacts and changing climate pose compounding threats to human food security,"J Salerno, FR Stevens, AE Gaughan, T Hilton, K Bailey, T Bowles, L Cassidy, P Mupeta-Muyamwa, D Biggs, N Pricope, AW Mosimane, LM Henry, M Drake, A Weaver, S Kosmas, K Woodward, N Kolarik, J Hartter",Current Biology,"31 (22), 5077-5085. e6",2021,33,D Biggs,,,false,true,,VOx2b1Wkg3QC,zQTZixsAAAAJ,2025-02-15,wildlifeimpactsandchangingclimateposecompoundingthreatstohumanfoodsecurity
acceleratingexhumationintheeocenenortham-2020,Accelerating exhumation in the Eocene North American Cordilleran hinterland: Implications from detrital zircon (U-Th)/(He-Pb) double dating,"A.S. Canada, EJ Cassel, DF Stockli, ME Smith, BR Jicha, BS Singer",GSA Bulletin,"132 (1-2), 198-214",2020,14,M Smith,,,true,true,,K1AqHrCRkPsC,CBG7OuAAAAAJ,2025-02-15,acceleratingexhumationintheeocenenorthamericancordilleranhinterlandimplicationsfromdetritalzirconuthhepbdoubledating
aconfluenceofanticolonialpathwaysforindi-2020,A confluence of anticolonial pathways for indigenous sacred site protection,"Ellis, R., & Perry, D.",Journal of Contemporary Water Research & Education,"169 (1), 8-26",2020,25,D Perry,,,false,true,,Tyk-4Ss8FVUC,eQIGxvsAAAAJ,2025-02-15,aconfluenceofanticolonialpathwaysforindigenoussacredsiteprotection
adaptivecapacityinthefoundationtreespeci-2020,Adaptive capacity in the foundation tree species Populus fremontii: implications for resilience to climate change and non-native species invasion in the American …,"KR Hultine, GJ Allan, D Blasini, HM Bothwell, A Cadmus, HF Cooper, CE Doughty, CA Gehring, AR Gitlin, KC Grady, JB Hull, AR Keith, DF Koepke, L Markovchick, JMC Parker, TT Sankey, TG Whitham",Conservation Physiology,"8 (1), coaa061",2020,42,T Sankey,,,false,true,,fPk4N6BV_jEC,3zszVGYAAAAJ,2025-02-15,adaptivecapacityinthefoundationtreespeciespopulusfremontiiimplicationsforresiliencetoclimatechangeandnonnativespeciesinvasionintheamerican
advancinganinterdisciplinaryframeworktos-2020,Advancing an interdisciplinary framework to study seed dispersal ecology,"NG Beckman, CE Aslan, HS Rogers, O Kogan, JL Bronstein, JM Bullock, F Hartig, J HilleRisLambers, Y Zhou, D Zurell, JF Brodie, EM Bruna, RS Cantrell, RR Decker, E Efiom, EC Fricke, K Gurski, A Hastings, JS Johnson, BA Loiselle, MN Miriti, MG Neubert, L Pejchar, JR Poulsen, G Pufal, OH Razafindratsima, ME Sandor, K Shea, S Schreiber, EW Schupp, RS Snell, C Strickland, J Zambrano",AoB Plants,"12 (2), plz048",2020,59,C Aslan,,,true,true,,hC7cP41nSMkC,OQcWVAoAAAAJ,2025-02-15,advancinganinterdisciplinaryframeworktostudyseeddispersalecology
aglobaldatabaseofholocenepaleotemperatur-2020,A global database of Holocene paleotemperature records,"D Kaufman, N McKay, C Routson, M Erb, B Davis, O Heiri, S Jaccard, J Tierney, C Dätwyler, Y Axford, T Brussel, O Cartapanis, B Chase, A Dawson, AD Vernal, S Engels, L Jonkers, J Marsicek, P Moffa-Sánchez, C Morrill, A Orsi, K Rehfeld, K Saunders, PS Sommer, E Thomas, M Tonello, Món Tóth, R Vachula, A Andreev, S Bertrand, B Biskaborn, M Bringué, S Brooks, M Caniupán, M Chevalier, L Cwynar, J Emile-Geay, J Fegyveresi, A Feurdean, W Finsinger, M-C Fortin, L Foster, M Fox, K Gajewski, M Grosjean, S Hausmann, M Heinrichs, N Holmes, B Ilyashuk, E Ilyashuk, S Juggins, D Khider, K Koinig, P Langdon, I Larocque-Tobler, J Li, Aé Lotter, T Luoto, A Mackay, E Magyari, S Malevich, B Mark, J Massaferro, V Montade, L Nazarova, E Novenko, P Pařil, E Pearson, M Peros, R Pienitz, M Płóciennik, D Porinchu, A Potito, A Rees, S Reinemann, S Roberts, N Rolland, S Salonen, A Self, H Seppä, S Shala, J-M St-Jacques, B Stenni, L Syrykh, P Tarrats, K Taylor, Vvd Bos, G Velle, E Wahl, I Walker, J Wilmshurst, E Zhang, S Zhilich",Scientific data,"7 (1), 1-34",2020,303,M Erb; J Fegyveresi; D Kaufman; N McKay; C Routson,,,true,true,,T_ojBgVMvoEC,6w5ZNo4AAAAJ,2025-02-15,aglobaldatabaseofholocenepaleotemperaturerecords
aglobalmeanseasurfacetemperaturedatasetf-2020,A global mean sea-surface temperature dataset for the Last Interglacial (129–116 kyr) and contribution of thermal expansion to sea-level change,"CSM Turney, R Jones, NP McKay, EV Sebille, ZëA Thomas, C-D Hillenbrand, CJ Fogwill",Earth System Science Data Discussions,"2020, 1-21",2020,48,N McKay,,,true,true,,SxCCDk4iOpsC,j8_CgoEAAAAJ,2025-02-15,aglobalmeanseasurfacetemperaturedatasetforthelastinterglacial129116kyrandcontributionofthermalexpansiontosealevelchange
ahalfcenturyofholisticmanagementwhatdoes-2020,A half century of Holistic Management: what does the evidence reveal?,"H Gosnell, K Grimm, BE Goldstein",Agriculture and Human Values,"37 (3), 849-867",2020,116,K Grimm,,,false,true,,hFOr9nPyWt4C,B0yY-3YAAAAJ,2025-02-15,ahalfcenturyofholisticmanagementwhatdoestheevidencereveal
anacceleratingtreadmillandanoverlookedco-2020,An accelerating treadmill and an overlooked contradiction in industrial agriculture: Climate change and nitrogen fertilizer,"M Houser, D Stuart",Journal of Agrarian Change,"20 (2), 215-237",2020,78,D Stuart,,,true,true,,isC4tDSrTZIC,cc0d2WUAAAAJ,2025-02-15,anacceleratingtreadmillandanoverlookedcontradictioninindustrialagricultureclimatechangeandnitrogenfertilizer
analysisofthedisparitiesinnaturelossanda-2020,Analysis of the disparities in nature loss and access to nature,"VA Landau, ML McClure, BG Dickson",Conservation Science Partners,,2020,27,B Dickson,,,false,true,,5awf1xo2G04C,TZcEU1QAAAAJ,2025-02-15,analysisofthedisparitiesinnaturelossandaccesstonature
apoliticaleconomictheoryofrelevanceexpla-2020,A political‐economic theory of relevance: Explaining climate change inaction,"R Gunderson, D Stuart, M Houser",Journal for the Theory of Social Behaviour,"50 (1), 42-63",2020,39,D Stuart,,,true,true,,r0BpntZqJG4C,cc0d2WUAAAAJ,2025-02-15,apoliticaleconomictheoryofrelevanceexplainingclimatechangeinaction
areviewofecologicalrestorationresearchin-2020,A review of ecological restoration research in the global south and north to promote knowledge dialogue,"SánA Ballari, C Roulier, EA Nielsen, JCól Pizarro, CB Anderson",Conservation and Society,"18 (3), 298-310",2020,21,E Nielsen,,,false,true,,hC7cP41nSMkC,vAflpUkAAAAJ,2025-02-15,areviewofecologicalrestorationresearchintheglobalsouthandnorthtopromoteknowledgedialogue
atmosphericdynamicsdrivemostinterannualu-2020,Atmospheric dynamics drive most interannual US droughts over the last millennium,"MP Erb, J Emile-Geay, GJ Hakim, N Steiger, EJ Steig",Science advances,"6 (32), eaay7268",2020,30,M Erb,,,false,true,,c1e4I3QdEKYC,6w5ZNo4AAAAJ,2025-02-15,atmosphericdynamicsdrivemostinterannualusdroughtsoverthelastmillennium
automationtoolsforrotorcraftanalysisonhi-2020,Automation Tools for Rotorcraft Analysis on High-Performance Computing Centers,"RB Haehnel, AM Wissink, G George, D Hardin, JM Fegyveresi",AIAA Scitech,"2020 Forum, 1756",2020,4,J Fegyveresi,,,false,true,,Wp0gIr-vW9MC,y6CEvEMAAAAJ,2025-02-15,automationtoolsforrotorcraftanalysisonhighperformancecomputingcenters
calcitetwinningfabricsalongthemiddleamer-2020,"Calcite twinning fabrics along the Middle America trench, Costa Rica and the Motagua sinistral fault, Honduras and Jamaica: Tectonic implications for the Caribbean plate","JP Craddock, K Neilson, C Petersen, R Porter, DH Malone",Journal of South American Earth Sciences,"104, 102816",2020,1,R Porter,Cameron Petersen,,true,true,,SxCCDk4iOpsC,VrFY4scAAAAJ,2025-02-15,calcitetwinningfabricsalongthemiddleamericatrenchcostaricaandthemotaguasinistralfaulthondurasandjamaicatectonicimplicationsforthecaribbeanplate
calcitetwinningstrainsfromsynfaultingcal-2020,"Calcite twinning strains from syn-faulting calcite gouge: Small-offset strike-slip, normal and thrust faults","JP Craddock, DH Malone, J Wartman, MJ Kelly, L Junlai, M Bussolotto, C Invernizzi, J Knott, R Porter",International Journal of Earth Sciences,"109, 1-42",2020,11,R Porter,,,true,true,,8dzOF9BpDQoC,VrFY4scAAAAJ,2025-02-15,calcitetwinningstrainsfromsynfaultingcalcitegougesmalloffsetstrikeslipnormalandthrustfaults
carbongeoengineeringandthemetabolicrifts-2020,Carbon geoengineering and the metabolic rift: Solution or social reproduction?,"D Stuart, R Gunderson, B Petersen",Critical Sociology,"46 (7-8), 1233-1249",2020,20,D Stuart,,,true,true,,vV6vV6tmYwMC,cc0d2WUAAAAJ,2025-02-15,carbongeoengineeringandthemetabolicriftsolutionorsocialreproduction
cenozoictectonicevolutionoftheecemifault-2020,"Cenozoic tectonic evolution of the Ecemiş fault zone and adjacent basins, central Anatolia, Turkey, during the transition from Arabia-Eurasia collision to escape tectonics","PJ Umhoefer, SN Thomson, Côm Lefebvre, MA Cosca, C Teyssier, DL Whitney",Geosphere,"16 (6), 1358-1384",2020,15,P Umhoefer,,,false,true,,g3aElNc5_aQC,ZLMsh8MAAAAJ,2025-02-15,cenozoictectonicevolutionoftheecemifaultzoneandadjacentbasinscentralanatoliaturkeyduringthetransitionfromarabiaeurasiacollisiontoescapetectonics
climatechangesolutionsbeyondthecapitalcl-2020,Climate change solutions: Beyond the capital-climate contradiction,"D Stuart, R Gunderson, B Petersen",University of Michigan Press,,2020,38,D Stuart,,,true,true,,XiSMed-E-HIC,cc0d2WUAAAAJ,2025-02-15,climatechangesolutionsbeyondthecapitalclimatecontradiction
climatedrivenriskstotheclimatemitigation-2020,Climate-driven risks to the climate mitigation potential of forests,"WRL Anderegg, AT Trugman, G Badgley, CM Anderson, A Bartuska, P Ciais, D Cullenward, CB Field, J Freeman, SJ Goetz, JA Hicke, D Huntzinger, RB Jackson, J Nickerson, S Pacala, JT Randerson",Science,"368 (6497), eaaz7005",2020,733,R Anderson; D Huntzinger,,,false,true,,dTyEYWd-f8wC,e4XX478AAAAJ,2025-02-15,climatedrivenriskstotheclimatemitigationpotentialofforests
controlsonriftfaultinginthenorthbasinoft-2020,"Controls on rift faulting in the north basin of the Malawi (Nyasa) Rift, East Africa","DJ Shillington, CA Scholz, PRN Chindandali, JB Gaherty, NJ Accardo, E Onyango, CJ Ebinger, AA Nyblade",Tectonics,"39 (3), e2019TC005633",2020,43,J Gaherty; D Shillington,,,true,true,,vDijr-p_gm4C,uglQirIAAAAJ,2025-02-15,controlsonriftfaultinginthenorthbasinofthemalawinyasarifteastafrica
cordilleransubductioninitiationretroarct-2020,"Cordilleran Subduction Initiation: Retroarc Timing and Basinal Response in the Inyo Mountains, Eastern California","E Lodes, NR Riggs, ME Smith, P Stone, TS Abu-Alam",Lithosphere,2020 (1),2020,12,M Smith,Emma Lodes,,true,true,,OKy9v0bssVUC,CBG7OuAAAAAJ,2025-02-15,cordilleransubductioninitiationretroarctimingandbasinalresponseintheinyomountainseasterncalifornia
coupledimpactsofseaicevariabilityandnort-2020,Coupled impacts of sea ice variability and North Pacific atmospheric circulation on Holocene hydroclimate in Arctic Alaska,"E Broadman, DS Kaufman, ACG Henderson, I Malmierca-Vallet, MJ Leng, JH Lacey",Proceedings of the National Academy of Sciences,"117 (52), 33034-33042",2020,20,D Kaufman,Ellie Broadman,,false,true,,e84hm74t-eoC,KpeykKsAAAAJ,2025-02-15,coupledimpactsofseaicevariabilityandnorthpacificatmosphericcirculationonholocenehydroclimateinarcticalaska
differentialbehavioroftungstenstableisot-2020,Differential behavior of tungsten stable isotopes during sorption to Fe versus Mn oxyhydroxides at low ionic strength,"LE Wasylenki, AT Schaefer, P Chanda, JC Farmer",Chemical Geology,"558, 119836",2020,25,L Wasylenki,,,false,true,,g5m5HwL7SMYC,QVFkTAgAAAAJ,2025-02-15,differentialbehavioroftungstenstableisotopesduringsorptiontofeversusmnoxyhydroxidesatlowionicstrength
dissolveduraniumandarsenicinunregulatedg-2020,Dissolved uranium and arsenic in unregulated groundwater sources–Western Navajo Nation,"L Jones, J Credo, R Parnell, JC Ingram",Journal of Contemporary Water Research & Education,"169 (1), 27-43",2020,40,R Parnell,Lindsey Jones; Lawrence Jones,,false,true,,isC4tDSrTZIC,IoVNx7IAAAAJ,2025-02-15,dissolveduraniumandarsenicinunregulatedgroundwatersourceswesternnavajonation
droughtexacerbatesnegativeconsequencesof-2020,Drought exacerbates negative consequences of high‐intensity cattle grazing in a semiarid grassland,"S Souther, M Loeser, TE Crews, T Sisk",Ecological Applications,"30 (3), e02048",2020,72,T Sisk; S Souther,,,true,true,,P7PM_jyRRcwC,2ZA_zeIAAAAJ,2025-02-15,droughtexacerbatesnegativeconsequencesofhighintensitycattlegrazinginasemiaridgrassland
dustdroughtinteractionsoverthelast15000y-2020,"Dust-drought interactions over the last 15,000 years: A network of lake sediment records from the San Juan Mountains, Colorado","SH Arcusa, NP McKay, CC Routson, SE Munoz",The Holocene,"30 (4), 559-574",2020,30,N McKay; C Routson,Stephanie Arcusa,,true,true,,unp9ATQDT5gC,j8_CgoEAAAAJ,2025-02-15,dustdroughtinteractionsoverthelast15000yearsanetworkoflakesedimentrecordsfromthesanjuanmountainscolorado
dustdroughtnexusinthesouthwesternuniteds-2020,Dust‐drought nexus in the southwestern United States: A proxy‐model comparison approach,"SH Arcusa, NP McKay, CM Carrillo, TR Ault",Paleoceanography and Paleoclimatology,"35 (12), e2020PA004046",2020,13,N McKay,Stephanie Arcusa,,true,true,,TaaCk18tZOkC,j8_CgoEAAAAJ,2025-02-15,dustdroughtnexusinthesouthwesternunitedstatesaproxymodelcomparisonapproach
earlylastinterglacialoceanwarmingdrovesu-2020,Early Last Interglacial ocean warming drove substantial ice mass loss from Antarctica,"CSM Turney, CJ Fogwill, NR Golledge, NP McKay, Ev Sebille, RT Jones, D Etheridge, M Rubino, DP Thornton, SM Davies, CB Ramsey, ZëA Thomas, MI Bird, NC Munksgaard, M Kohno, J Woodward, K Winter, LS Weyrich, CM Rootes, H Millman, PG Albert, A Rivera, Tv Ommen, M Curran, A Moy, S Rahmstorf, K Kawamura, C-D Hillenbrand, ME Weber, CJ Manning, J Young, A Cooper",Proceedings of the National Academy of Sciences,"117 (8), 3996-4006",2020,107,N McKay,,,true,true,,1tZ8xJnm2c8C,j8_CgoEAAAAJ,2025-02-15,earlylastinterglacialoceanwarmingdrovesubstantialicemasslossfromantarctica
ecohydrogeologytheinterdisciplinaryconve-2020,"Ecohydrogeology: The interdisciplinary convergence needed to improve the study and stewardship of springs and other groundwater-dependent habitats, biota, and ecosystems","M Cantonati, LE Stevens, S Segadelli, AE Springer, N Goldscheider, F Celico, M Filippini, K Ogata, A Gargini",Ecological Indicators,"110, 105803",2020,109,A Springer,,,true,true,,uWQEDVKXjbEC,X53gmAQAAAAJ,2025-02-15,ecohydrogeologytheinterdisciplinaryconvergenceneededtoimprovethestudyandstewardshipofspringsandothergroundwaterdependenthabitatsbiotaandecosystems
estudiossocialesysocioecolgicossobrerest-2020,Estudios sociales y socioecológicos sobre restauración ecológica: Una revisión de la literatura a escala global e iberoamericana,"C Roulier, CB Anderson, SánA Ballari, EA Nielsen",Ecología austral,"30 (1), 19-32",2020,21,E Nielsen,,,false,true,,qUcmZB5y_30C,vAflpUkAAAAJ,2025-02-15,estudiossocialesysocioecolgicossobrerestauracinecolgicaunarevisindelaliteraturaaescalaglobaleiberoamericana
evaluationofshipboardandsatellitederived-2020,Evaluation of shipboard and satellite‐derived bathymetry and gravity data over seamounts in the northwest Pacific Ocean,"AB Watts, B Tozer, H Harper, B Boston, DJ Shillington, R Dunn",Journal of Geophysical Research: Solid Earth,"125 (10), e2020JB020396",2020,28,D Shillington,,,true,true,,XiSMed-E-HIC,bDSq2ksAAAAJ,2025-02-15,evaluationofshipboardandsatellitederivedbathymetryandgravitydataoverseamountsinthenorthwestpacificocean
evaluationofsimulatedsoilcarbondynamicsi-2020,Evaluation of simulated soil carbon dynamics in Arctic-Boreal ecosystems,"DN Huntzinger, K Schaefer, C Schwalm, JB Fisher, D Hayes, E Stofferahn, J Carey, AM Michalak, Y Wei, AK Jain, H Kolus, J Mao, B Poulter, X Shi, J Tang, H Tian",Environmental Research Letters,"15 (2), 025005",2020,38,D Huntzinger,Hannah Kolus,,false,true,,eMMeJKvmdy0C,e4XX478AAAAJ,2025-02-15,evaluationofsimulatedsoilcarbondynamicsinarcticborealecosystems
expedition358summary-2020,Expedition 358 summary,"H Tobin, T Hirose, M Ikari, K Kanagawa, G Kimura, M Kinoshita, H Kitajima, D Saffer, A Yamaguchi, N Eguchi, L Maeda, S Toczko, J Bedford, S Chiyonobu, TA Colson, M Conin, PH Cornard, A Dielforder, ML Doan, J Dutilleul, DR Faulkner, R Fukuchi, G Guérin, Y Hamada, M Hamahashi, WL Hong, A Ijiri, D Jaeger, T Jeppson, Z Jin, BE John, M Kitamura, A Kopf, H Masuda, A Matsuoka, GF Moore, M Otsubo, C Regalla, A Sakaguchi, J Sample, A Schleicher, H Sone, K Stanislowski, M Strasser, T Toki, T Tsuji, K Ujiie, MB Underwood, S Yabe, Y Yamamoto, J Zhang, Y Sanada, Y Kido, EL Ber, S Saito",Proceedings of the International Ocean Discovery Program,"348, 1-46",2020,30,C Regalla; J Sample,,,true,true,,sfnaS5RM6jYC,PdHBgEUAAAAJ,2025-02-15,expedition358summary
geochemicalvariabilityinkarstsiliciclast-2020,"Geochemical variability in karst-siliciclastic aquifer spring discharge, Kaibab Plateau, Grand Canyon","AJ Wood, AE Springer, BW Tobin",Environmental & Engineering Geoscience,"26 (3), 367-381",2020,5,A Springer,Alex Wood,,true,true,,vRqMK49ujn8C,X53gmAQAAAAJ,2025-02-15,geochemicalvariabilityinkarstsiliciclasticaquiferspringdischargekaibabplateaugrandcanyon
globalvegetationbiomassproductionefficie-2020,Global vegetation biomass production efficiency constrained by models and observations,"Y He, S Peng, Y Liu, X Li, K Wang, P Ciais, MA Arain, Y Fang, JB Fisher, D Goll, D Hayes, DN Huntzinger, A Ito, AK Jain, IA Janssens, J Mao, C Matteo, AM Michalak, C Peng, J Peñuelas, B Poulter, D Qin, DM Ricciuto, K Schaefer, CR Schwalm, X Shi, H Tian, S Vicca, Y Wei, N Zeng, Q Zhu",Global change biology,"26 (3), 1474-1484",2020,20,D Huntzinger,,,false,true,,mvPsJ3kp5DgC,e4XX478AAAAJ,2025-02-15,globalvegetationbiomassproductionefficiencyconstrainedbymodelsandobservations
grainsizecontrolondetritalzirconcyclopro-2020,"Grain‐Size Control on Detrital Zircon Cycloprovenance in the Late Paleozoic Paradox and Eagle Basins, USA","R. Leary, M.E. Smith, P.J. Umhoefer",Journal of Geophysical Research: Solid Earth,"125 (7), e2019JB019226",2020,35,M Smith; P Umhoefer,,,true,true,,hwlm9Y4obscC,CBG7OuAAAAAJ,2025-02-15,grainsizecontrolondetritalzirconcycloprovenanceinthelatepaleozoicparadoxandeaglebasinsusa
holoceneglobalmeansurfacetemperatureamul-2020,"Holocene global mean surface temperature, a multi-method reconstruction approach","D Kaufman, N McKay, C Routson, M Erb, C Dätwyler, PS Sommer, O Heiri, B Davis",Scientific data,"7 (1), 201",2020,363,M Erb; D Kaufman; N McKay; C Routson,,,true,true,,A8cqit5AE6sC,6w5ZNo4AAAAJ,2025-02-15,holoceneglobalmeansurfacetemperatureamultimethodreconstructionapproach
holoceneprecipitationseasonalityinnorthe-2020,Holocene precipitation seasonality in northern Svalbard: Influence of sea ice and regional ocean surface conditions,"SE Kjellman, A Schomacker, EK Thomas, L Håkansson, S Duboscq, AA Cluett, WR Farnsworth, L Allaart, OC Cowling, NP McKay, S Brynjólfsson, Ól Ingólfsson",Quaternary Science Reviews,"240, 106388",2020,26,N McKay,,,true,true,,s9ia6_kGH2AC,j8_CgoEAAAAJ,2025-02-15,holoceneprecipitationseasonalityinnorthernsvalbardinfluenceofseaiceandregionaloceansurfaceconditions
humananimalrelationsinthecapitaloceneenv-2020,Human-animal relations in the capitalocene: environmental impacts and alternatives,"D Stuart, R Gunderson",Environmental Sociology,"6 (1), 68-81",2020,27,D Stuart,,,true,true,,TFP_iSt0sucC,cc0d2WUAAAAJ,2025-02-15,humananimalrelationsinthecapitaloceneenvironmentalimpactsandalternatives
illicitdriversoflandusechangenarcotraffi-2020,Illicit drivers of land use change: Narcotrafficking and forest loss in Central America,"BTG Carter, EA Nielsen",Global Environmental Change,"63, 102092",2020,77,E Nielsen,,,false,true,,mB3voiENLucC,vAflpUkAAAAJ,2025-02-15,illicitdriversoflandusechangenarcotraffickingandforestlossincentralamerica
impactsoflandusechangeandelevatedco2onth-2020,Impacts of land use change and elevated CO2 on the interannual variations and seasonal cycles of gross primary productivity in China,"B Jia, X Luo, X Cai, A Jain, DN Huntzinger, Z Xie, N Zeng, J Mao, X Shi, A Ito, Y Wei, H Tian, B Poulter, D Hayes, K Schaefer",Earth System Dynamics,"11 (1), 235-249",2020,23,D Huntzinger,,,false,true,,D_sINldO8mEC,e4XX478AAAAJ,2025-02-15,impactsoflandusechangeandelevatedco2ontheinterannualvariationsandseasonalcyclesofgrossprimaryproductivityinchina
integratingpalaeoclimatetimeserieswithri-2020,Integrating palaeoclimate time series with rich metadata for uncertainty modelling: strategy and documentation of the PALMOD 130k marine palaeoclimate data synthesis,"M.} Jonkers, L.a Cartapanis, O.a Langner, M.a McKay, N.P.a Mulitza, S.a Strack, A.a Kucera",Earth System Science Data,"12, 1053-1081",2020,32,N McKay,,,true,true,,nPT8s1NX_-sC,j8_CgoEAAAAJ,2025-02-15,integratingpalaeoclimatetimeserieswithrichmetadataforuncertaintymodellingstrategyanddocumentationofthepalmod130kmarinepalaeoclimatedatasynthesis
intrariftfaultfabricsegmentationandbasin-2020,"Intrarift fault fabric, segmentation, and basin evolution of the Lake Malawi (Nyasa) Rift, East Africa","CA Scholz, DJ Shillington, LJM Wright, N Accardo, JB Gaherty, P Chindandali",Geosphere,"16 (5), 1293-1311",2020,55,J Gaherty; D Shillington,,,true,true,,ILKRHgRFtOwC,uglQirIAAAAJ,2025-02-15,intrariftfaultfabricsegmentationandbasinevolutionofthelakemalawinyasarifteastafrica
introductiontothespecialissuetheroleofse-2020,Introduction to the special issue: the role of seed dispersal in plant populations: perspectives and advances in a changing world,"NG Beckman, CE Aslan, HS Rogers",AoB Plants,"12 (2), plaa010",2020,23,C Aslan,,,true,true,,e5wmG9Sq2KIC,OQcWVAoAAAAJ,2025-02-15,introductiontothespecialissuetheroleofseeddispersalinplantpopulationsperspectivesandadvancesinachangingworld
largescalefeaturesandevaluationofthepmip-2020,Large-scale features and evaluation of the PMIP4-CMIP6 midHolocene simulations,"CM Brierley, A Zhao, SP Harrison, P Braconnot, CJR Williams, DJR Thornalley, X Shi, J-Y Peterschmitt, R Ohgaito, DS Kaufman, M Kageyama, JC Hargreaves, MP Erb, J Emile-Geay, R d'Agostino, D Chandan, M Carré, PJ Bartlein, W Zheng, Z Zhang, Q Zhang, H Yang, EM Volodin, RA Tomas, C Routson, WR Peltier, B Otto-Bliesner, PA Morozova, NP McKay, G Lohmann, AN Legrande, C Guo, J Cao, E Brady, JD Annan, A Abe-Ouchi",Climate of the Past,"16 (5), 1847-1872",2020,161,M Erb; D Kaufman; N McKay; C Routson,,,true,true,,CNPyR2KL9-0C,6w5ZNo4AAAAJ,2025-02-15,largescalefeaturesandevaluationofthepmip4cmip6midholocenesimulations
lateholocenetephrostratigraphyfromcajasn-2020,"Late holocene tephrostratigraphy from cajas national park, southern ecuador","SH Arcusa, T Schneider, PV Mosquera, H Vogel, D Kaufman, Sön Szidat, M Grosjean",Andean geology,"47 (3), 508-528",2020,9,D Kaufman,Stephanie Arcusa,,false,true,,KI9T_ytC6pkC,KpeykKsAAAAJ,2025-02-15,lateholocenetephrostratigraphyfromcajasnationalparksouthernecuador
lessonslearned5yearsaftertransplantingan-2020,"Lessons learned 5+ years after transplanting and seeding restoration sites in the Sonoran Desert, USA","HI Rowe, TA Sprague, J Broatch, D Gruber, D Langenfeld, L Rivera",The American Midland Naturalist,"184 (2), 129-148",2020,6,H Rowe,,,false,true,,Zph67rFs4hoC,NRUIqxcAAAAJ,2025-02-15,lessonslearned5yearsaftertransplantingandseedingrestorationsitesinthesonorandesertusa
limitedandlocalizedmagmatisminthecentral-2020,Limited and localized magmatism in the Central Atlantic Magmatic Province,"RE Marzen, DJ Shillington, D Lizarralde, JH Knapp, DM Heffner, JK Davis, SH Harder",Nature Communications,"11 (1), 3397",2020,36,D Shillington,,,true,true,,p2g8aNsByqUC,bDSq2ksAAAAJ,2025-02-15,limitedandlocalizedmagmatisminthecentralatlanticmagmaticprovince
linkingsurfaceandsubterraneanclimateimpl-2020,Linking surface and subterranean climate: implications for the study of hibernating bats and other cave dwellers.,"ML McClure, D Crowley, CG Haase, LP McGuire, NW Fuller, DTS Hayman, CL Lausen, RK Plowright, BG Dickson, SH Olson",Ecosphere,11 (10:e03274),2020,37,B Dickson,,,false,true,,V3AGJWp-ZtQC,TZcEU1QAAAAJ,2025-02-15,linkingsurfaceandsubterraneanclimateimplicationsforthestudyofhibernatingbatsandothercavedwellers
machinelearningclassifiersforattributing-2020,Machine learning classifiers for attributing tephra to source volcanoes: an evaluation of methods for Alaska tephras,"MSM Bolton, BJL Jensen, K Wallace, N Praet, D Fortin, D Kaufman, MD Batist",Journal of Quaternary Science,"35 (1-2), 81-92",2020,49,D Kaufman,Kristi Wallace,,false,true,,WWeOtg8bX_EC,KpeykKsAAAAJ,2025-02-15,machinelearningclassifiersforattributingtephratosourcevolcanoesanevaluationofmethodsforalaskatephras
managingforresilienceexaminingmanagement-2020,Managing for resilience? Examining management implications of resilience in southwestern national forests,"SM Greiner, KE Grimm, AEM Waltz",Journal of Forestry,"118 (4), 433-443",2020,23,K Grimm,,,false,true,,mB3voiENLucC,B0yY-3YAAAAJ,2025-02-15,managingforresilienceexaminingmanagementimplicationsofresilienceinsouthwesternnationalforests
materializedideologyandenvironmentalprob-2020,Materialized ideology and environmental problems: The cases of solar geoengineering and agricultural biotechnology,"R Gunderson, D Stuart, B Petersen",European Journal of Social Theory,"23 (3), 389-410",2020,15,D Stuart,,,true,true,,4JMBOYKVnBMC,cc0d2WUAAAAJ,2025-02-15,materializedideologyandenvironmentalproblemsthecasesofsolargeoengineeringandagriculturalbiotechnology
microorganismsassociatedwithdustonalpine-2020,Microorganisms Associated with Dust on Alpine Snow,"Z Courville, RM Lieblappen, AK Thurston, RA Barbato, JM Fegyveresi, LB Farnsworth, J Derry, SL Doherty, SA Rosten",Frontiers in Earth Science,"8 (122), 1-14",2020,12,J Fegyveresi,,,false,true,,QIV2ME_5wuYC,y6CEvEMAAAAJ,2025-02-15,microorganismsassociatedwithdustonalpinesnow
miniatureradiocarbonmeasurements150gcfro-2020,"Miniature radiocarbon measurements (< 150 µ g C) from sediments of Lake Żabińskie, Poland: effect of precision and dating density on age–depth models","PD Zander, Sön Szidat, DS Kaufman, M Żarczyński, AI Poraj-Górska, P Boltshauser-Kaltenrieder, M Grosjean",Geochronology,"2 (1), 63-79",2020,15,D Kaufman,Paul Zander,,false,true,,aDl3D7KC1E4C,KpeykKsAAAAJ,2025-02-15,miniatureradiocarbonmeasurements150gcfromsedimentsoflakeabiskiepolandeffectofprecisionanddatingdensityonagedepthmodels
modelingsuggestsfossilfuelemissionshaveb-2020,Modeling suggests fossil fuel emissions have been driving increased land carbon uptake since the turn of the 20th Century,"CR Schwalm, DN Huntzinger, AM Michalak, K Schaefer, JB Fisher, Y Fang, Y Wei",Scientific Reports,"10 (1), 9059",2020,21,D Huntzinger,,,false,true,,tkaPQYYpVKoC,e4XX478AAAAJ,2025-02-15,modelingsuggestsfossilfuelemissionshavebeendrivingincreasedlandcarbonuptakesincetheturnofthe20thcentury
modellingsuspendedsedimentdischargeinagl-2020,"Modelling suspended sediment discharge in a glaciated Arctic catchment–Lake Peters, northeast Brooks Range, Alaska","LL Thurston, E Schiefer, NP McKay, DS Kaufman",Hydrological Processes,"34 (19), 3910-3927",2020,3,D Kaufman; N McKay,Lorna Thurston,,true,true,,xyvS_IvSCKsC,KpeykKsAAAAJ,2025-02-15,modellingsuspendedsedimentdischargeinaglaciatedarcticcatchmentlakepetersnortheastbrooksrangealaska
multiproxyevidenceformillennialscalechan-2020,"Multi-proxy evidence for millennial-scale changes in North Pacific Holocene hydroclimate from the Kenai Peninsula lowlands, south-central Alaska","E Broadman, DS Kaufman, ACG Henderson, EE Berg, RS Anderson, MJ Leng, SA Stahnke, SE Muñoz",Quaternary Science Reviews,"241, 106420",2020,19,R Anderson; D Kaufman,Ellie Broadman,,false,true,,RXiHnyRawswC,KpeykKsAAAAJ,2025-02-15,multiproxyevidenceformillennialscalechangesinnorthpacificholocenehydroclimatefromthekenaipeninsulalowlandssouthcentralalaska
nonhumananimalsasfictitiouscommoditiesex-2020,Nonhuman animals as fictitious commodities: Exploitation and consequences in industrial agriculture,"D Stuart, R Gunderson",Society & Animals,"28 (3), 291-310",2020,33,D Stuart,,,true,true,,-f6ydRqryjwC,cc0d2WUAAAAJ,2025-02-15,nonhumananimalsasfictitiouscommoditiesexploitationandconsequencesinindustrialagriculture
nonnativeplantsexertstrongbutunderstudie-2020,Non-native plants exert strong but under-studied influence on fire dynamics,"CE Aslan, BG Dickson",NeoBiota,"61, 47-64",2020,14,C Aslan; B Dickson,,,true,true,,bEWYMUwI8FkC,OQcWVAoAAAAJ,2025-02-15,nonnativeplantsexertstrongbutunderstudiedinfluenceonfiredynamics
oasesofthefuturespringsaspotentialhydrol-2020,Oases of the future? Springs as potential hydrologic refugia in drying climates,"JM Cartwright, KA Dwire, Z Freed, SJ Hammer, B McLaughlin, LW Misztal, ER Schenk, JR Spence, AE Springer, LE Stevens",Frontiers in Ecology and the Environment,"18 (5), 245-253",2020,87,A Springer,,,true,true,,4fKUyHm3Qg0C,X53gmAQAAAAJ,2025-02-15,oasesofthefuturespringsaspotentialhydrologicrefugiaindryingclimates
overconsumptionasideologyimplicationsfor-2020,Overconsumption as ideology: Implications for addressing global climate change,"D Stuart, R Gunderson, B Petersen",Nature and Culture,"15 (2), 199-223",2020,65,D Stuart,,,true,true,,p2g8aNsByqUC,cc0d2WUAAAAJ,2025-02-15,overconsumptionasideologyimplicationsforaddressingglobalclimatechange
paleoenvironmentalimplicationsoftimeaver-2020,"Paleoenvironmental implications of time-averaging and taphonomic variation of shell beds in Lake Tanganyika, Africa","EK Ryan, MJ Soreghan, MM McGlue, JA Todd, E Michel, DS Kaufman, I Kimirei",Palaios,"35 (2), 49-66",2020,14,D Kaufman,,,false,true,,Y9VhQm-5nPIC,KpeykKsAAAAJ,2025-02-15,paleoenvironmentalimplicationsoftimeaveragingandtaphonomicvariationofshellbedsinlaketanganyikaafrica
preferentiallocalizedthinningoflithosphe-2020,Preferential localized thinning of lithospheric mantle in the melt-poor Malawi Rift,"E Hopper, JB Gaherty, DJ Shillington, NJ Accardo, AA Nyblade, BK Holtzman, C Havlin, CA Scholz, PRN Chindandali, RW Ferdinand, GD Mulibo, G Mbogoni",Nature Geoscience,"13 (8), 584-589",2020,39,J Gaherty; D Shillington,,,true,true,,KUbvn5osdkgC,uglQirIAAAAJ,2025-02-15,preferentiallocalizedthinningoflithosphericmantleinthemeltpoormalawirift
provenanceofpennsylvanianpermiansediment-2020,Provenance of Pennsylvanian–Permian sedimentary rocks associated with the Ancestral Rocky Mountains orogeny in southwestern Laurentia: Implications for continental-scale …,"RJ Leary, P Umhoefer, ME Smith, TM Smith, JE Saylor, N Riggs, G Burr, E Lodes, D Foley, A Licht, MA Mueller, C Baird",Lithosphere,"12 (1), 88-121",2020,65,M Smith; P Umhoefer,Emma Lodes; Gregory Burr,,true,true,,7LLGAk_PBK4C,CBG7OuAAAAAJ,2025-02-15,provenanceofpennsylvanianpermiansedimentaryrocksassociatedwiththeancestralrockymountainsorogenyinsouthwesternlaurentiaimplicationsforcontinentalscale
quantifyingratesofriftingwhiledriftingin-2020,Quantifying rates of “rifting while drifting” in the southern Gulf of California: The role of the southern Baja California microplate and its eastern boundary zone,"PJ Umhoefer, C Plattner, R Malservisi",Lithosphere,"12 (1), 122-132",2020,14,P Umhoefer,,,false,true,,zLWjf1WUPmwC,ZLMsh8MAAAAJ,2025-02-15,quantifyingratesofriftingwhiledriftinginthesoutherngulfofcaliforniatheroleofthesouthernbajacaliforniamicroplateanditseasternboundaryzone
quantifyingthebaseflowofthecoloradoriver-2020,Quantifying the base flow of the Colorado River: its importance in sustaining perennial flow in northern Arizona and 4 southern Utah 5,"Swanson, R., Springer, A., Kreamer, D. Tobin, B., Perry. D.",Hydrogeology Journal,,2020,16,D Perry; A Springer,Riley Swanson,,false,true,,WF5omc3nYNoC,eQIGxvsAAAAJ,2025-02-15,quantifyingthebaseflowofthecoloradoriveritsimportanceinsustainingperennialflowinnorthernarizonaand4southernutah5
radicalhopetruthvirtueandhopeforwhatisle-2020,"Radical hope: Truth, virtue, and hope for what is left in extinction rebellion",D Stuart,Journal of Agricultural and Environmental Ethics,"33 (3), 487-504",2020,88,D Stuart,,,true,true,,Y5dfb0dijaUC,cc0d2WUAAAAJ,2025-02-15,radicalhopetruthvirtueandhopeforwhatisleftinextinctionrebellion
radiocarbondatingsupportsbivalvefishagec-2020,Radiocarbon dating supports bivalve-fish age coupling along a bathymetric gradient in high-resolution paleoenvironmental studies,"PG Albano, Q Hua, DS Kaufman, A Tomašových, M Zuschin, K Agiadi",Geology,"48 (6), 589-593",2020,24,D Kaufman,,,false,true,,PuOEWVtPfzwC,KpeykKsAAAAJ,2025-02-15,radiocarbondatingsupportsbivalvefishagecouplingalongabathymetricgradientinhighresolutionpaleoenvironmentalstudies
scalemismatchinsocialecologicalsystemsac-2020,Scale mismatch in social–ecological systems: a Costa Rican case study of spring water management,"K Welsh, L Keesecker, Rée Hill, T Joyal, J Boll, NA Bosque-Pérez, B Cosens, AK Fremier",Sustainable Water Resources Management,"6 (3), 40",2020,5,T Joyal,,,false,true,,eQOLeE2rZwMC,LUAnXfsAAAAJ,2025-02-15,scalemismatchinsocialecologicalsystemsacostaricancasestudyofspringwatermanagement
shearattenuationandanelasticmechanismsin-2020,Shear attenuation and anelastic mechanisms in the central Pacific upper mantle,"Z Ma, CA Dalton, JB Russell, JB Gaherty, G Hirth, DW Forsyth",Earth and Planetary Science Letters,"536, 116148",2020,30,J Gaherty,,,true,true,,AvfA0Oy_GE0C,uglQirIAAAAJ,2025-02-15,shearattenuationandanelasticmechanismsinthecentralpacificuppermantle
silicateweatheringinanoxicmarinesediment-2020,Silicate weathering in anoxic marine sediment as a requirement for authigenic carbonate burial,"ME Torres, W-L Hong, EA Solomon, K Milliken, J-H Kim, JC Sample, BMA Teichert, K Wallmann",Earth-Science Reviews,"200, 102960",2020,109,J Sample,,,false,true,,KxtntwgDAa4C,JL2daQcAAAAJ,2025-02-15,silicateweatheringinanoxicmarinesedimentasarequirementforauthigeniccarbonateburial
sitec0002-2020,Site C0002,"H Kitajima, T Hirose, M Ikari, K Kanagawa, G Kimura, M Kinoshita, D Saffer, H Tobin, A Yamaguchi, N Eguchi, L Maeda, S Toczko, J Bedford, S Chiyonobu, TA Colson, M Conin, PH Cornard, A Dielforder, ML Doan, J Dutilleul, DR Faulkner, R Fukuchi, G Guérin, Y Hamada, M Hamahashi, WL Hong, A Ijiri, D Jaeger, T Jeppson, Z Jin, BE John, M Kitamura, A Kopf, H Masuda, A Matsuoka, GF Moore, M Otsubo, C Regalla, A Sakaguchi, J Sample, A Schleicher, H Sone, K Stanislowski, M Strasser, T Toki, T Tsuji, K Ujiie, MB Underwood, S Yabe, Y Yamamoto, J Zhang, Y Sanada, Y Kido, EL Ber, S Saito",Volume,358: NanTroSEIZE Plate Boundary Deep Riser 4: Nankai Seismogenic/Slow …,2020,11,C Regalla; J Sample,,,true,true,,4Yq6kJLCcecC,PdHBgEUAAAAJ,2025-02-15,sitec0002
submergedmacrophytesaffectthetemporalvar-2020,Submerged macrophytes affect the temporal variability of aquatic ecosystems,"MD Lürig, RJ Best, V Dakos, B Matthews",Freshwater Biology,,2020,19,R Best,,,true,true,,HhcuHIWmDEUC,MS9xVqIAAAAJ,2025-02-15,submergedmacrophytesaffectthetemporalvariabilityofaquaticecosystems
sustainingenvironmentalcapitalinitiative-2020,Sustaining Environmental Capital Initiative summary report,"C Huber, J Meldrum, R Schuster, ZH Ancona, KJ Bagstad, SM Beck, D Carlisle, PR Claggett, F Franco, HS Galbraith, M Haefele, KR Hoelting, DM Hogan, KG Hopkins, T Kern, CB Lawrence, S Lischka, JB Loomis, JM Mueller, G Noe, EJ Pindilli, B Quay, DJ Semmens, W Sinclair, DE Spooner, B Voigt, BSJ White",Open-File Report,,2020,1,J Mueller,Darius Semmens,,false,true,,HDshCWvjkbEC,brG-UpsAAAAJ,2025-02-15,sustainingenvironmentalcapitalinitiativesummaryreport
tectonicinfluencesontrenchslopebasindeve-2020,"Tectonic influences on trench slope basin development via structural restoration along the outer Nankai accretionary prism, southwest Japan","JK Lackey, CA Regalla, GF Moore","Geochemistry, Geophysics, Geosystems","21 (8), e2020GC009038",2020,9,C Regalla,,,true,true,,Og1tA8FjbJAC,PdHBgEUAAAAJ,2025-02-15,tectonicinfluencesontrenchslopebasindevelopmentviastructuralrestorationalongtheouternankaiaccretionaryprismsouthwestjapan
thealaskaamphibiouscommunityseismicexper-2020,The Alaska amphibious community seismic experiment,"G Barcheck, GA Abers, AN Adams, A Bécel, J Collins, JB Gaherty, PJ Haeussler, Z Li, G Moore, E Onyango, E Roland, DE Sampson, SY Schwartz, AF Sheehan, DJ Shillington, PJ Shore, S Webb, DA Wiens, LL Worthington",Seismological Society of America,"91 (6), 3054-3063",2020,45,J Gaherty; D Shillington,,,true,true,,tYavs44e6CUC,uglQirIAAAAJ,2025-02-15,thealaskaamphibiouscommunityseismicexperiment
theclimatecrisisasacatalystforemancipato-2020,The climate crisis as a catalyst for emancipatory transformation: An examination of the possible,"D Stuart, R Gunderson, B Petersen",International Sociology,"35 (4), 433-456",2020,67,D Stuart,,,true,true,,u9iWguZQMMsC,cc0d2WUAAAAJ,2025-02-15,theclimatecrisisasacatalystforemancipatorytransformationanexaminationofthepossible
thedegrowthalternativeapathtoaddressoure-2020,The degrowth alternative: A path to address our environmental crisis?,"D Stuart, R Gunderson, B Petersen",Routledge,,2020,54,D Stuart,,,true,true,,BrmTIyaxlBUC,cc0d2WUAAAAJ,2025-02-15,thedegrowthalternativeapathtoaddressourenvironmentalcrisis
theeasternnorthamericanmargincommunityse-2020,The eastern North American margin community seismic experiment: An amphibious active‐and passive‐source dataset,"C Lynner, HJAV Avendonk, A Bécel, GL Christeson, B Dugan, JB Gaherty, S Harder, MJ Hornbach, D Lizarralde, MD Long, MB Magnani, DJ Shillington, K Aderhold, ZC Eilon, LS Wagner",Seismological Research Letters,"91 (1), 533-540",2020,28,J Gaherty; D Shillington,,,true,true,,0KyAp5RtaNEC,uglQirIAAAAJ,2025-02-15,theeasternnorthamericanmargincommunityseismicexperimentanamphibiousactiveandpassivesourcedataset
theevolutionofcommunityassemblyinmarinef-2020,The evolution of community assembly in marine foundation species,RJ Best,Functional Ecology,"34 (10), 2012-2014",2020,1,R Best,,,true,true,,GtLg2Ama23sC,MS9xVqIAAAAJ,2025-02-15,theevolutionofcommunityassemblyinmarinefoundationspecies
thefossilfuelindustrysframingofcarboncap-2020,"The fossil fuel industry’s framing of carbon capture and storage: Faith in innovation, value instrumentalization, and status quo maintenance","R Gunderson, D Stuart, B Petersen",Journal of Cleaner Production,"252, 119767",2020,73,D Stuart,,,true,true,,M3NEmzRMIkIC,cc0d2WUAAAAJ,2025-02-15,thefossilfuelindustrysframingofcarboncaptureandstoragefaithininnovationvalueinstrumentalizationandstatusquomaintenance
theimpactsofcocainetraffickingonconserva-2020,The impacts of cocaine-trafficking on conservation governance in Central America,"DJ Wrathall, J Devine, B Aguilar-González, K Benessaiah, E Tellman, S Sesnie, E Nielsen, N Magliocca, K McSweeney, Z Pearson, J Ponstingel, AR Sosa, A Dávila",Global Environmental Change,"63, 102098",2020,79,E Nielsen,,,false,true,,hFOr9nPyWt4C,vAflpUkAAAAJ,2025-02-15,theimpactsofcocainetraffickingonconservationgovernanceincentralamerica
theimpactsoftreestandthinningongroundwat-2020,The impacts of tree stand thinning on groundwater recharge in aridland forests,"ER Schenk, F O'Donnell, AE Springer, LE Stevens",Ecological Engineering,"145, 105701",2020,26,A Springer,,,true,true,,tOudhMTPpwUC,X53gmAQAAAAJ,2025-02-15,theimpactsoftreestandthinningongroundwaterrechargeinaridlandforests
theiso2kdatabaseaglobalcompilationofpale-2020,The Iso2k database: a global compilation  of paleo- and  records to aid  understanding of Common Era climate,"BL Konecky, NP McKay, OV Churakova, L Comas-Bru, EP Dassié, KL Delong, GM Falster, MJ Fischer, MD Jones, L Jonkers, DS Kaufman, G Leduc, SR Managave, B Martrat, T Opel, AJ Orsi, JW Partin, HR Sayani, EK Thomas, DM Thompson, JJ Tyler, NJ Abram, AR Atwood, O Cartapanis, JL Conroy, MA Curran, SG Dee, M Deininger, DV Divine, Zán Kern, TJ Porter, SL Stevenson, LV Gunten",Earth System Science Data,"12 (3), 2261-2288",2020,74,D Kaufman; N McKay,,,true,true,,TGkaJS32XoUC,KpeykKsAAAAJ,2025-02-15,theiso2kdatabaseaglobalcompilationofpaleoandrecordstoaidunderstandingofcommoneraclimate
therelevanceofsocialimaginariestounderst-2020,The relevance of social imaginaries to understand and manage biological invasions in southern Patagonia,"JL Archibald, CB Anderson, M Dicenta, C Roulier, K Slutz, EA Nielsen",Biological invasions,"22 (11), 3307-3323",2020,41,E Nielsen,Jessica Archibald,,false,true,,HDshCWvjkbEC,vAflpUkAAAAJ,2025-02-15,therelevanceofsocialimaginariestounderstandandmanagebiologicalinvasionsinsouthernpatagonia
thermochemicalmodificationoftheuppermant-2020,Thermochemical modification of the upper mantle beneath the northern Malawi Rift constrained from shear velocity imaging,"NJ Accardo, JB Gaherty, DJ Shillington, E Hopper, AA Nyblade, CJ Ebinger, CA Scholz, PRN Chindandali, R Wambura‐Ferdinand, G Mbogoni, JB Russell, BK Holtzman, C Havlin, C Class","Geochemistry, Geophysics, Geosystems","21 (6), e2019GC008843",2020,33,J Gaherty; D Shillington,,,true,true,,Z5m8FVwuT1cC,uglQirIAAAAJ,2025-02-15,thermochemicalmodificationoftheuppermantlebeneaththenorthernmalawiriftconstrainedfromshearvelocityimaging
thestateofstressonthefaultbeforeduringan-2020,"The state of stress on the fault before, during, and after a major earthquake","EE Brodsky, JJ Mori, L Anderson, FM Chester, M Conin, EM Dunham, N Eguchi, PM Fulton, R Hino, T Hirose, MJ Ikari, T Ishikawa, T Jeppson, Y Kano, J Kirkpatrick, S Kodaira, W Lin, Y Nakamura, HS Rabinowitz, C Regalla, F Remitti, C Rowe, DM Saffer, S Saito, J Sample, Y Sanada, HM Savage, T Sun, S Toczko, K Ujiie, M Wolfson-Schwehr, T Yang",Annual Review of Earth and Planetary Sciences,"48 (1), 49-74",2020,89,C Regalla; J Sample,,,true,true,,QVtou7C4vgoC,PdHBgEUAAAAJ,2025-02-15,thestateofstressonthefaultbeforeduringandafteramajorearthquake
tippingelementsandamplifiedpolarwarmingd-2020,Tipping elements and amplified polar warming during the Last Interglacial,"ZëA Thomas, RT Jones, CSM Turney, N Golledge, C Fogwill, CJA Bradshaw, L Menviel, NP McKay, M Bird, J Palmer, P Kershaw, J Wilmshurst, R Muscheler",Quaternary Science Reviews,"233, 106222",2020,35,N McKay,,,true,true,,RuPIJ_LgqDgC,j8_CgoEAAAAJ,2025-02-15,tippingelementsandamplifiedpolarwarmingduringthelastinterglacial
towardanunderstandingofbroadscalepattern-2020,"Toward an understanding of broad-scale patterns of the habitat suitability of fountain grass (Cenchrus setaceus (Forssk.) Morrone, Poaceae)","Fáb Albuquerque, MÁ Macías-Rodríguez, A Búrquez, H Rowe",Plant Ecology,"221 (11), 1029-1043",2020,10,H Rowe,,,false,true,,KlAtU1dfN6UC,NRUIqxcAAAAJ,2025-02-15,towardanunderstandingofbroadscalepatternsofthehabitatsuitabilityoffountaingrasscenchrussetaceusforsskmorronepoaceae
uavderivedestimatesofforeststructuretoin-2020,UAV‐derived estimates of forest structure to inform ponderosa pine forest restoration,"A Belmonte, T Sankey, JA Biederman, J Bradford, SJ Goetz, T Kolb, T Woolley",Remote Sensing in Ecology and Conservation,"6 (2), 181-197",2020,66,T Sankey,,,false,true,,pqnbT2bcN3wC,3zszVGYAAAAJ,2025-02-15,uavderivedestimatesofforeststructuretoinformponderosapineforestrestoration
unlikelyalliancesandtheirimplicationsfor-2020,Unlikely alliances and their implications for resource management in the American West,"V Hillis, KA Berry, B Swette, C Aslan, S Barry, LM Porensky",Environmental Research Letters,"15 (4), 045002",2020,20,C Aslan,,,true,true,,_Qo2XoVZTnwC,OQcWVAoAAAAJ,2025-02-15,unlikelyalliancesandtheirimplicationsforresourcemanagementintheamericanwest
usingmovementtoinformconservationcorrido-2020,Using movement to inform conservation corridor design for Mojave desert tortoise,"SJ Hromada, TC Esque, AG Vandergast, KE Dutcher, CI Mitchell, ME Gray, T Chang, BG Dickson, KE Nussear",Movement Ecology,"8, 1-18",2020,29,B Dickson,Miranda Gray; Tony Chang; Tze-li Chang,,false,true,,mvPsJ3kp5DgC,TZcEU1QAAAAJ,2025-02-15,usingmovementtoinformconservationcorridordesignformojavedeserttortoise
usingultrasonicwavestodeterminethemicros-2020,Using Ultrasonic Waves to Determine the Microstructure of Snow,"R Lieblappen, JM. Fegyveresi, Z Courville, D Albert",Frontiers in Earth Science,"8, 34",2020,8,J Fegyveresi,,,false,true,,mVmsd5A6BfQC,y6CEvEMAAAAJ,2025-02-15,usingultrasonicwavestodeterminethemicrostructureofsnow
3ddevelopmentofdetachmentfaultingduringc-2019,3D development of detachment faulting during continental breakup,"Gël Lymer, DJF Cresswell, TJ Reston, JM Bull, DS Sawyer, JK Morgan, C Stevenson, A Causer, TA Minshull, DJ Shillington",Earth and Planetary Science Letters,"515, 90-99",2019,65,D Shillington,,,true,true,,abG-DnoFyZgC,bDSq2ksAAAAJ,2025-02-15,3ddevelopmentofdetachmentfaultingduringcontinentalbreakup
a16000yrlongsedimentarysequencefromlakes-2019,"A 16,000-yr-long sedimentary sequence from Lakes Peters and Schrader (Neruokpuk Lakes), northeastern Brooks Range, Alaska","CW Benson, DS Kaufman, NP McKay, E Schiefer, D Fortin",Quaternary Research,"92 (3), 609-625",2019,7,D Kaufman; N McKay,Christopher Benson,,true,true,,RMgMIBzvq-4C,KpeykKsAAAAJ,2025-02-15,a16000yrlongsedimentarysequencefromlakespetersandschraderneruokpuklakesnortheasternbrooksrangealaska
a4500yearlongrecordofsouthernrockymounta-2019,"A 4,500‐year‐long record of southern Rocky Mountain dust deposition","CC Routson, SépH Arcusa, NP McKay, JT Overpeck",Geophysical Research Letters,"46 (14), 8281-8288",2019,19,N McKay; C Routson,Stephanie Arcusa,,true,true,,MIg0yeAD4ggC,j8_CgoEAAAAJ,2025-02-15,a4500yearlongrecordofsouthernrockymountaindustdeposition
adeclineinmolluscancarbonateproductiondr-2019,A decline in molluscan carbonate production driven by the loss of vegetated habitats encoded in the Holocene sedimentary record of the Gulf of Trieste,"A Tomašových, I Gallmetzer, A Haselmair, DS Kaufman, B Mavrič, M Zuschin",Sedimentology,"66 (3), 781-807",2019,35,D Kaufman,,,false,true,,_AeoHAGD03cC,KpeykKsAAAAJ,2025-02-15,adeclineinmolluscancarbonateproductiondrivenbythelossofvegetatedhabitatsencodedintheholocenesedimentaryrecordofthegulfoftrieste
agedependenceandanisotropyofsurfacewavep-2019,Age dependence and anisotropy of surface-wave phase velocities in the Pacific,"CL Eddy, Gör Ekström, M Nettles, JB Gaherty",Geophysical Journal International,"216 (1), 640-658",2019,13,J Gaherty,,,true,true,,hkOj_22Ku90C,uglQirIAAAAJ,2025-02-15,agedependenceandanisotropyofsurfacewavephasevelocitiesinthepacific
aminoacidracemizationinquaternaryforamin-2019,"Amino acid racemization in Quaternary foraminifera from the Yermak Plateau, Arctic Ocean","G West, DS Kaufman, F Muschitiello, M Forwick, J Matthiessen, J Wollenburg, M O'Regan",Geochronology,"1 (1), 53-67",2019,20,D Kaufman,,,false,true,,TesyEGJKHF4C,KpeykKsAAAAJ,2025-02-15,aminoacidracemizationinquaternaryforaminiferafromtheyermakplateauarcticocean
aminochronologyandtimeaveragingofquatern-2019,"Aminochronology and time averaging of Quaternary land snail assemblages from colluvial deposits in the Madeira Archipelago, Portugal","E New, Y Yanes, RAD Cameron, JH Miller, D Teixeira, DS Kaufman",Quaternary Research,"92 (2), 483-496",2019,14,D Kaufman,,,false,true,,ndLnGcHYRF0C,KpeykKsAAAAJ,2025-02-15,aminochronologyandtimeaveragingofquaternarylandsnailassemblagesfromcolluvialdepositsinthemadeiraarchipelagoportugal
amphibioussurfacewavephasevelocitymeasur-2019,Amphibious surface-wave phase-velocity measurements of the Cascadia subduction zone,"HA Janiszewski, JB Gaherty, GA Abers, H Gao, ZC Eilon",Geophysical Journal International,"217 (3), 1929-1948",2019,71,J Gaherty,,,true,true,,uLbwQdceFCQC,uglQirIAAAAJ,2025-02-15,amphibioussurfacewavephasevelocitymeasurementsofthecascadiasubductionzone
anarcticwatershedobservatoryatlakepeters-2019,"An Arctic watershed observatory at Lake Peters, Alaska: weather–glacier–river–lake system data for 2015–2018","E Broadman, LL Thurston, E Schiefer, NP McKay, D Fortin, J Geck, MG Loso, M Nolan, SépH Arcusa, CW Benson, RA Ellerbroek, MP Erb, CC Routson, C Wiman, AJ Wong, DS Kaufman",Earth System Science Data,"11 (4), 1957-1970",2019,5,M Erb; D Kaufman; N McKay; C Routson,Ellie Broadman; Stephanie Arcusa; Charlotte Wiman; Ann Wong; Christopher Benson; Rebecca Ellerbroek; Lorna Thurston,,true,true,,tHtfpZlB6tUC,6w5ZNo4AAAAJ,2025-02-15,anarcticwatershedobservatoryatlakepetersalaskaweatherglacierriverlakesystemdatafor20152018
anevaluationoflocalnationalandinternatio-2019,"An evaluation of local, national and international perceptions of benefits and threats to nature in Tierra del Fuego National Park (Patagonia, Argentina)","A Mrotek, CB Anderson, AEJ Valenzuela, L Manak, A Weber, PV Aert, M Malizia, EA Nielsen",Environmental Conservation,"46 (4), 326-333",2019,19,E Nielsen,Leah Manak; Arron Motrek,Alana Weber,false,true,,IWHjjKOFINEC,vAflpUkAAAAJ,2025-02-15,anevaluationoflocalnationalandinternationalperceptionsofbenefitsandthreatstonatureintierradelfuegonationalparkpatagoniaargentina
anexperimentaltestofhowparasitesofpredat-2019,An experimental test of how parasites of predators can influence trophic cascades and ecosystem functioning,"JM Anaya‐Rojas, RJ Best, FS Brunner, C Eizaguirre, MC Leal, CJ Melián, O Seehausen, B Matthews",Ecology,"100 (8), e02744",2019,25,R Best,,,true,true,,rO6llkc54NcC,MS9xVqIAAAAJ,2025-02-15,anexperimentaltestofhowparasitesofpredatorscaninfluencetrophiccascadesandecosystemfunctioning
arangewidemodelofcontemporaryomnidirecti-2019,"A range-wide model of contemporary, omnidirectional connectivity for the threatened Mojave desert tortoise","ME Gray, BG Dickson, KE Nussear, TC Esque, T Chang",Ecosphere,"10 (9), e02847",2019,26,B Dickson,Miranda Gray; Tony Chang; Tze-li Chang,,false,true,,geHnlv5EZngC,TZcEU1QAAAAJ,2025-02-15,arangewidemodelofcontemporaryomnidirectionalconnectivityforthethreatenedmojavedeserttortoise
atributetoatrueconservationinnovatorbrad-2019,"A tribute to a true conservation innovator, Brad McRae, 1966–2017","J Lawler, P Beier, B Dickson, J Fargione, J Novembre, D Theobald",Conservation Biology,"33 (2), 480-482",2019,5,B Dickson,,,false,true,,OU6Ihb5iCvQC,TZcEU1QAAAAJ,2025-02-15,atributetoatrueconservationinnovatorbradmcrae19662017
azimuthalseismicanisotropyof70mapacificp-2019,Azimuthal seismic anisotropy of 70‐Ma Pacific‐plate upper mantle,"HF Mark, D Lizarralde, JA Collins, NC Miller, G Hirth, JB Gaherty, RL Evans",Journal of Geophysical Research: Solid Earth,"124 (2), 1889-1909",2019,21,J Gaherty,,,true,true,,JQOojiI6XY0C,uglQirIAAAAJ,2025-02-15,azimuthalseismicanisotropyof70mapacificplateuppermantle
benefitsandlimitationsofisolatedfloralpa-2019,Benefits and limitations of isolated floral patches in a pollinator restoration project in Arizona,"ML McCormick, CE Aslan, TA Chaudhry, KA Potter",Restoration Ecology,"27 (6), 1282-1290",2019,8,C Aslan,Molly Mccormick,,true,true,,IWHjjKOFINEC,OQcWVAoAAAAJ,2025-02-15,benefitsandlimitationsofisolatedfloralpatchesinapollinatorrestorationprojectinarizona
carbonandwateruseefficienciesacomparativ-2019,Carbon and water use efficiencies: A comparative analysis of ten terrestrial ecosystem models under changing climate,"BE Masri, C Schwalm, DN Huntzinger, J Mao, X Shi, C Peng, JB Fisher, AK Jain, H Tian, B Poulter, AM Michalak",Scientific Reports,"9 (1), 14680",2019,60,D Huntzinger,,,false,true,,kRWSkSYxWN8C,e4XX478AAAAJ,2025-02-15,carbonandwateruseefficienciesacomparativeanalysisoftenterrestrialecosystemmodelsunderchangingclimate
chimeraamultitaskrecurrentconvolutionaln-2019,Chimera: A multi-task recurrent convolutional neural network for forest classification and structural estimation,"T Chang, BP Rasmussen, BG Dickson, LJ Zachmann",Remote Sensing,"11 (7), 768",2019,47,B Dickson,Tony Chang; Tze-li Chang,,false,true,,vRqMK49ujn8C,TZcEU1QAAAAJ,2025-02-15,chimeraamultitaskrecurrentconvolutionalneuralnetworkforforestclassificationandstructuralestimation
circuittheoryapplicationstoconnectivitys-2019,Circuit‐theory applications to connectivity science and conservation,"BG Dickson, CM Albano, R Anantharaman, P Beier, ME Gray, ML McClure, J Fargione, TA Graves, KR Hall, JJ Lawler, PB Leonard, CE Littlefield, J Novembre, C Schloss, N Schumaker, VB Shah, DM Theobald",Conservation Biology,"33 (2), 239-249",2019,412,B Dickson,Miranda Gray,,false,true,,uWQEDVKXjbEC,TZcEU1QAAAAJ,2025-02-15,circuittheoryapplicationstoconnectivityscienceandconservation
climatechangeandthepolanyiancountermovem-2019,Climate change and the Polanyian counter-movement: Carbon markets or degrowth?,"D Stuart, R Gunderson, B Petersen",New political economy,"24 (1), 89-102",2019,82,D Stuart,,,true,true,,QIV2ME_5wuYC,cc0d2WUAAAAJ,2025-02-15,climatechangeandthepolanyiancountermovementcarbonmarketsordegrowth
climatemodelscancorrectlysimulatethecont-2019,Climate models can correctly simulate the continuum of global-average temperature variability,"F Zhu, J Emile-Geay, NP McKay, GJ Hakim, D Khider, TR Ault, EJ Steig, S Dee, JW Kirchner",Proceedings of the National Academy of Sciences,"116 (18), 8728-8733",2019,62,N McKay,,,true,true,,-6RzNnnwWf8C,j8_CgoEAAAAJ,2025-02-15,climatemodelscancorrectlysimulatethecontinuumofglobalaveragetemperaturevariability
complexresponseofvegetationtograzingsugg-2019,"Complex response of vegetation to grazing suggests need for coordinated, landscape-level approaches to grazing management","S Souther, M Loeser, TE Crews, T Sisk",Global Ecology and Conservation,"20, e00770",2019,57,T Sisk; S Souther,,,true,true,,rr29yNp9FasC,2ZA_zeIAAAAJ,2025-02-15,complexresponseofvegetationtograzingsuggestsneedforcoordinatedlandscapelevelapproachestograzingmanagement
conservationbiologistsandtherepresentati-2019,Conservation biologists and the representation of at-risk species: Navigating ethical tensions in an evolving discipline,"D Stuart, JB Rizzolo",Journal of Agricultural and Environmental Ethics,"32, 219-238",2019,3,D Stuart,,,true,true,,RHpTSmoSYBkC,cc0d2WUAAAAJ,2025-02-15,conservationbiologistsandtherepresentationofatriskspeciesnavigatingethicaltensionsinanevolvingdiscipline
consistentmultidecadalvariabilityingloba-2019,Consistent multidecadal variability in global temperature reconstructions and simulations over the Common Era,PAGES2k Consortium,Nature geoscience,"12 (8), 643-649",2019,380,M Erb; D Kaufman; N McKay; M Erb,,,false,true,,C33y2ycGS3YC,6w5ZNo4AAAAJ,2025-02-15,consistentmultidecadalvariabilityinglobaltemperaturereconstructionsandsimulationsoverthecommonera
constraintsonappalachianorogenesisandcon-2019,Constraints on Appalachian orogenesis and continental rifting in the southeastern United States from wide‐angle seismic data,"RE Marzen, DJ Shillington, D Lizarralde, SH Harder",Journal of Geophysical Research: Solid Earth,"124 (7), 6625-6652",2019,32,D Shillington,,,true,true,,nb7KW1ujOQ8C,bDSq2ksAAAAJ,2025-02-15,constraintsonappalachianorogenesisandcontinentalriftinginthesoutheasternunitedstatesfromwideangleseismicdata
cropgrowersadaptivecapacitytoclimatechan-2019,Crop growers’ adaptive capacity to climate change: A situated study of agriculture in Arizona’s Verde Valley,"E Douglass-Gallagher, D Stuart",Environmental management,"63, 94-109",2019,23,D Stuart,,,true,true,,HDshCWvjkbEC,cc0d2WUAAAAJ,2025-02-15,cropgrowersadaptivecapacitytoclimatechangeasituatedstudyofagricultureinarizonasverdevalley
divergenceinlandsurfacemodelinglinkingsp-2019,Divergence in land surface modeling: Linking spread to structure,"CR Schwalm, K Schaefer, JB Fisher, D Huntzinger, Y Elshorbany, Y Fang, D Hayes, E Jafarov, AM Michalak, M Piper, E Stofferahn, K Wang, Y Wei",Environmental Research Communications,"1 (11), 111004",2019,22,D Huntzinger,,,false,true,,V3AGJWp-ZtQC,e4XX478AAAAJ,2025-02-15,divergenceinlandsurfacemodelinglinkingspreadtostructure
diverselatestagecrystallizationandstorag-2019,Diverse late-stage crystallization and storage conditions in melt domains from the Youngest Toba Tuff revealed by age and compositional heterogeneity in the last increment of …,"CR Tierney, MR Reid, JA Vazquez, CA Chesner",Contributions to Mineralogy and Petrology,"174, 1-21",2019,19,M Reid; C Tierney,Casey Tierney; Jorge Vazquez,,true,true,,Mojj43d5GZwC,pg-HuIIAAAAJ,2025-02-15,diverselatestagecrystallizationandstorageconditionsinmeltdomainsfromtheyoungesttobatuffrevealedbyageandcompositionalheterogeneityinthelastincrementof
employingplantfunctionalgroupstoadvances-2019,Employing plant functional groups to advance seed dispersal ecology and conservation,"C Aslan, NG Beckman, HS Rogers, J Bronstein, D Zurell, F Hartig, K Shea, L Pejchar, M Neubert, J Poulsen, J HilleRisLambers, M Miriti, B Loiselle, E Effiom, J Zambrano, G Schupp, G Pufal, J Johnson, JM Bullock, J Brodie, E Bruna, RS Cantrell, R Decker, E Fricke, K Gurski, A Hastings, O Kogan, O Razafindratsima, M Sandor, S Schreiber, R Snell, C Strickland, Y Zhou",AoB Plants,"11 (2), plz006",2019,47,C Aslan,,,true,true,,dhFuZR0502QC,OQcWVAoAAAAJ,2025-02-15,employingplantfunctionalgroupstoadvanceseeddispersalecologyandconservation
eoceneexhumationandextensionalbasinforma-2019,"Eocene exhumation and extensional basin formation in the Copper Mountains, Nevada, USA","AS. Canada, EJ. Cassel, AJ. McGrew, M.E Smith, DF. Stockli, KA. Foland, BR. Jicha, BS. Singer",Geosphere,"15, 1-21",2019,8,M Smith,,,true,true,,AmQcmOVUwm0C,CBG7OuAAAAAJ,2025-02-15,eoceneexhumationandextensionalbasinformationinthecoppermountainsnevadausa
expedition381preliminaryreportcorinthact-2019,Expedition 381 preliminary report: Corinth active rift development,"DJ Shillington, LC McNeill, GDO Carter",International Ocean Discovery Program,,2019,6,D Shillington,,,true,true,,LPZeul_q3PIC,bDSq2ksAAAAJ,2025-02-15,expedition381preliminaryreportcorinthactiveriftdevelopment
farmersinformationandnutrientmanagementi-2019,"Farmers, information, and nutrient management in the US Midwest","M Houser, ST Marquart-Pyatt, RCH Denny, A Reimer, D Stuart",Journal of Soil and Water Conservation,"74 (3), 269-280",2019,39,D Stuart,,,true,true,,e5wmG9Sq2KIC,cc0d2WUAAAAJ,2025-02-15,farmersinformationandnutrientmanagementintheusmidwest
farmersperceptionsofclimatechangeinconte-2019,Farmers’ perceptions of climate change in context: Toward a political economy of relevance,"M Houser, R Gunderson, D Stuart",Sociologia Ruralis,"59 (4), 789-809",2019,23,D Stuart,,,true,true,,j3f4tGmQtD8C,cc0d2WUAAAAJ,2025-02-15,farmersperceptionsofclimatechangeincontexttowardapoliticaleconomyofrelevance
faultingprocessesduringearlystagerifting-2019,Faulting processes during early-stage rifting: Seismic and geodetic analysis of the 2009–2010 Northern Malawi earthquake sequence,"JB Gaherty, W Zheng, DJ Shillington, ME Pritchard, ST Henderson, PRN Chindandali, H Mdala, A Shuler, N Lindsey, SJ Oliva, S Nooner, CA Scholz, D Schaff, G Ekström, M Nettles",Geophysical Journal International,"217 (3), 1767-1782",2019,35,J Gaherty; D Shillington,,,true,true,,j8SEvjWlNXcC,uglQirIAAAAJ,2025-02-15,faultingprocessesduringearlystageriftingseismicandgeodeticanalysisofthe20092010northernmalawiearthquakesequence
fieldexperimentconstraintsontheenhanceme-2019,Field-experiment constraints on the enhancement of the terrestrial carbon sink by CO2 fertilization,"Y Liu, S Piao, T Gasser, P Ciais, H Yang, H Wang, TF Keenan, M Huang, S Wan, J Song, K Wang, IA Janssens, J Peñuelas, C Huntingford, X Wang, MA Arain, Y Fang, JB Fisher, M Huang, DN Huntzinger, A Ito, AK Jain, J Mao, AM Michalak, C Peng, B Poulter, C Schwalm, X Shi, H Tian, Y Wei, N Zeng, Q Zhu, T Wang",Nature Geoscience,"12 (10), 809-814",2019,86,D Huntzinger,,,false,true,,q3oQSFYPqjQC,e4XX478AAAAJ,2025-02-15,fieldexperimentconstraintsontheenhancementoftheterrestrialcarbonsinkbyco2fertilization
generatingasupraglacialmeltlakeinventory-2019,"Generating a supraglacial melt-lake inventory near Jakobshavn, West Greenland, using a new semi-automated lake-mapping technique","NA Rowley, JM Fegyveresi",Polar Geography,"42 (2), 89-108",2019,3,J Fegyveresi,,,false,true,,ULOm3_A8WrAC,y6CEvEMAAAAJ,2025-02-15,generatingasupraglacialmeltlakeinventorynearjakobshavnwestgreenlandusinganewsemiautomatedlakemappingtechnique
genotypicvariationinphenologicalplastici-2019,Genotypic variation in phenological plasticity: Reciprocal common gardens reveal adaptive responses to warmer springs but not to fall frost,"HF Cooper, KC Grady, JA Cowan, RJ Best, GJ Allan, TG Whitham",Global change biology,"25 (1), 187-200",2019,127,R Best,,,true,true,,HoB7MX3m0LUC,MS9xVqIAAAAJ,2025-02-15,genotypicvariationinphenologicalplasticityreciprocalcommongardensrevealadaptiveresponsestowarmerspringsbutnottofallfrost
grazingandwildfireeffectsonsmallmammalsi-2019,Grazing and wildfire effects on small mammals inhabiting montane meadows,"VJ Horncastle, CL Chambers, BG Dickson",Journal of Wildlife Management,"83 (3), 534-543",2019,41,B Dickson,Claire Chambers,,false,true,,Tiz5es2fbqcC,TZcEU1QAAAAJ,2025-02-15,grazingandwildfireeffectsonsmallmammalsinhabitingmontanemeadows
highresolutionconstraintsonpacificupperm-2019,High‐resolution constraints on Pacific upper mantle petrofabric inferred from surface‐wave anisotropy,"JB Russell, JB Gaherty, P‐YP Lin, D Lizarralde, JA Collins, G Hirth, RL Evans",Journal of Geophysical Research: Solid Earth,"124 (1), 631-657",2019,74,J Gaherty,,,true,true,,UHK10RUVsp4C,uglQirIAAAAJ,2025-02-15,highresolutionconstraintsonpacificuppermantlepetrofabricinferredfromsurfacewaveanisotropy
highresolutionrecordrevealsclimatedriven-2019,High-resolution record reveals climate-driven environmental and sedimentary changes in an active rift,"LC McNeill, DJ Shillington, GDO Carter, JD Everest, RL Gawthorpe, C Miller, MP Phillips, REL Collier, A Cvetkoska, GD Gelder, P Diz, M-L Doan, M Ford, M Geraga, J Gillespie, R Hemelsdaël, E Herrero-Bervera, M Ismaiel, L Janikian, K Kouli, EL Ber, S Li, M Maffione, C Mahoney, ML Machlus, G Michas, CW Nixon, SA Oflaz, AP Omale, K Panagiotopoulos, S Pechlivanidou, S Sauer, J Seguin, S Sergiou, NV Zakharova, S Green",Scientific Reports,"9 (1), 3116",2019,61,D Shillington,,,true,true,,pyW8ca7W8N0C,bDSq2ksAAAAJ,2025-02-15,highresolutionrecordrevealsclimatedrivenenvironmentalandsedimentarychangesinanactiverift
implicationsofnonnativespeciesformutuali-2019,Implications of non-native species for mutualistic network resistance and resilience,CE Aslan,PloS one,"14 (6), e0217498",2019,29,C Aslan,,,true,true,,ZeXyd9-uunAC,OQcWVAoAAAAJ,2025-02-15,implicationsofnonnativespeciesformutualisticnetworkresistanceandresilience
importanceofnonnativehoneybeesapismellif-2019,Importance of Non-Native Honeybees (Apis mellifera) as Flower Visitors to the Hawaiian Tree ‘Ōhi ‘a Lehua (Metrosideros polymorpha) Across an Elevation Gradient1,"CA Cortina, CE Aslan, SJ Litson",Pacific Science,"73 (3), 345-355",2019,10,C Aslan,,SJ Litson,true,true,,qUcmZB5y_30C,OQcWVAoAAAAJ,2025-02-15,importanceofnonnativehoneybeesapismelliferaasflowervisitorstothehawaiiantreehialehuametrosiderospolymorphaacrossanelevationgradient1
incorporatingsocialecologicalconsiderati-2019,Incorporating social-ecological considerations into basin-wide responses to climate change in the Colorado River Basin,"Bair, L., Yackulic, C., Schmidt, J., Perry, D., Kirchoff, C., Chief, K., Colombi, B.",Current Opinion in Environmental Sustainability,"37, 14-19",2019,27,D Perry,,,false,true,,9yKSN-GCB0IC,eQIGxvsAAAAJ,2025-02-15,incorporatingsocialecologicalconsiderationsintobasinwideresponsestoclimatechangeinthecoloradoriverbasin
increaseinnonnativeunderstoreyvegetation-2019,Increase in nonnative understorey vegetation cover after nonnative conifer removal and passive restoration,"M Sample, CE Aslan, N Policelli, RL Sanford, E Nielsen, MínA Nuñez",Austral Ecology,"44 (8), 1384-1397",2019,15,C Aslan; E Nielsen; R Sanford,Martha Sample,,true,true,,hFOr9nPyWt4C,OQcWVAoAAAAJ,2025-02-15,increaseinnonnativeunderstoreyvegetationcoverafternonnativeconiferremovalandpassiverestoration
instrumentsandmethodsacasestudyoficecore-2019,Instruments and methods: a case study of ice core bubbles as strain indicators,"JM Fegyveresi, RB Alley, DE Voigt, JJ Fitzpatrick, LA Wilen",Annals of Glaciology,"60 (78), 8-19",2019,7,J Fegyveresi,,,false,true,,Zph67rFs4hoC,y6CEvEMAAAAJ,2025-02-15,instrumentsandmethodsacasestudyoficecorebubblesasstrainindicators
intrinsicandextrinsicdriversofintraspeci-2019,Intrinsic and extrinsic drivers of intraspecific variation in seed dispersal are diverse and pervasive,"EW Schupp, R Zwolak, LR Jones, RS Snell, NG Beckman, C Aslan, BR Cavazos, E Effiom, EC Fricke, F Montaño-Centellas, J Poulsen, OH Razafindratsima, ME Sandor, K Shea",AoB Plants,"11 (6), plz067",2019,84,C Aslan,,,true,true,,mB3voiENLucC,OQcWVAoAAAAJ,2025-02-15,intrinsicandextrinsicdriversofintraspecificvariationinseeddispersalarediverseandpervasive
introductiontothespecialissueclimateofth-2019,Introduction to the special issue “Climate of the past 2000 years: regional and trans-regional syntheses”,"CSM Turney, HV McGregor, P Francus, N Abram, MN Evans, H Goosse, LV Gunten, D Kaufman, H Linderholm, M-F Loutre, R Neukom",Climate of the Past,"15 (2), 611-615",2019,11,D Kaufman,,,false,true,,Og1tA8FjbJAC,KpeykKsAAAAJ,2025-02-15,introductiontothespecialissueclimateofthepast2000yearsregionalandtransregionalsyntheses
invasivebuffelgrassdetectionusinghighres-2019,Invasive buffelgrass detection using high‐resolution satellite and UAV imagery on Google Earth Engine,"K Elkind, TT Sankey, SM Munson, CE Aslan",Remote Sensing in Ecology and Conservation,"5 (4), 318-331",2019,70,C Aslan; T Sankey,Kaitlyn Elkind,,true,true,,L8Ckcad2t8MC,OQcWVAoAAAAJ,2025-02-15,invasivebuffelgrassdetectionusinghighresolutionsatelliteanduavimageryongoogleearthengine
iodpexpedition379preliminaryreportamunds-2019,IODP Expedition 379 Preliminary Report: Amundsen Sea West Antarctic Ice Sheet History,"K Gohl, JS Wellner, A Klaus, E379 Scientists",IODP Proceedings,,2019,5,J Fegyveresi,,,false,true,,_kc_bZDykSQC,y6CEvEMAAAAJ,2025-02-15,iodpexpedition379preliminaryreportamundsenseawestantarcticicesheethistory
kinematicsofactivedeformationinthemalawi-2019,"Kinematics of active deformation in the Malawi rift and Rungwe Volcanic Province, Africa","CJ Ebinger, SJ Oliva, T‐Q Pham, K Peterson, P Chindandali, F Illsley‐Kemp, C Drooff, DJ Shillington, NJ Accardo, RJ Gallacher, J Gaherty, AA Nyblade, G Mulibo","Geochemistry, Geophysics, Geosystems","20 (8), 3928-3951",2019,55,J Gaherty; D Shillington,,,true,true,,uJ-U7cs_P_0C,uglQirIAAAAJ,2025-02-15,kinematicsofactivedeformationinthemalawiriftandrungwevolcanicprovinceafrica
landcarbonmodelsunderestimatetheseverity-2019,Land carbon models underestimate the severity and duration of drought’s impact on plant productivity,"HR Kolus, DN Huntzinger, CR Schwalm, JB Fisher, N McKay, Y Fang, AM Michalak, K Schaefer, Y Wei, B Poulter, J Mao, NC Parazoo, X Shi",Scientific Reports,"9 (1), 2758",2019,72,D Huntzinger; N McKay,Hannah Kolus,,true,true,,LPZeul_q3PIC,e4XX478AAAAJ,2025-02-15,landcarbonmodelsunderestimatetheseverityanddurationofdroughtsimpactonplantproductivity
lastmillenniumreanalysiswithanexpandedpr-2019,Last Millennium Reanalysis with an expanded proxy database and seasonal proxy modeling,"R Tardif, GJ Hakim, WA Perkins, KA Horlick, MP Erb, J Emile-Geay, DM Anderson, EJ Steig, D Noone",Climate of the Past,"15 (4), 1251-1273",2019,243,M Erb,,,false,true,,isU91gLudPYC,6w5ZNo4AAAAJ,2025-02-15,lastmillenniumreanalysiswithanexpandedproxydatabaseandseasonalproxymodeling
lessonsfromthetransdisciplinaryinternati-2019,"Lessons from the transdisciplinary, international BIOPIRE project","JL Dunn, JL Knowlton, RM Handler, EC Pischke, KE Halvorsen, MA Mesa-Jurado, TL Selfa, DJ Flaspohler, J Licata, EE Mata-Zayas, R Medeiros, C Moseley, EA Nielsen, VDP Risso, JC Sacramento-Rivero, Td Souza, CJV Navarette, N Basiliko",A research agenda for environmental management,107-120,2019,1,E Nielsen,,,false,true,,dhFuZR0502QC,vAflpUkAAAAJ,2025-02-15,lessonsfromthetransdisciplinaryinternationalbiopireproject
meltequilibrationdepthsassensorsoflithos-2019,Melt equilibration depths as sensors of lithospheric thickness during Eurasia-Arabia collision and the uplift of the Anatolian Plateau,"MR Reid, JR Delph, MA Cosca, WK Schleiffarth, GGçağl Kuşcu",Geology,"47 (10), 943-947",2019,38,M Reid,William Schleiffarth,,false,true,,eMMeJKvmdy0C,pg-HuIIAAAAJ,2025-02-15,meltequilibrationdepthsassensorsoflithosphericthicknessduringeurasiaarabiacollisionandtheupliftoftheanatolianplateau
meteoric10berevealsayoungactiveaccretion-2019,"Meteoric 10Be Reveals a Young, Active Accretionary Prism and Structurally Complex Décollement in the Vicinity of the 2011 Tohoku Earthquake Rupture","C Regalla, P Bierman, DH Rood","Geochemistry, Geophysics, Geosystems","20 (11), 4956-4971",2019,4,C Regalla,,,true,true,,37UQlXuwjP4C,PdHBgEUAAAAJ,2025-02-15,meteoric10berevealsayoungactiveaccretionaryprismandstructurallycomplexdcollementinthevicinityofthe2011tohokuearthquakerupture
methanogenesissustainedbysulfideweatheri-2019,Methanogenesis sustained by sulfide weathering during the Great Oxidation Event,"S-J Wang, RL Rudnick, RM Gaschnig, H Wang, LE Wasylenki",Nature Geoscience,"12 (4), 296-300",2019,64,L Wasylenki,,,false,true,,35N4QoGY0k4C,QVFkTAgAAAAJ,2025-02-15,methanogenesissustainedbysulfideweatheringduringthegreatoxidationevent
midlatitudenetprecipitationdecreasedwith-2019,Mid-latitude net precipitation decreased with Arctic warming during the Holocene,"CC Routson, NP McKay, DS Kaufman, MP Erb, H Goosse, BN Shuman, JR Rodysill, T Ault",Nature,"568 (7750), 83-87",2019,255,M Erb; D Kaufman; N McKay; C Routson,,,true,true,,RJOyoaXV5v8C,6w5ZNo4AAAAJ,2025-02-15,midlatitudenetprecipitationdecreasedwitharcticwarmingduringtheholocene
millennialscaleageoffsetswithinfossilass-2019,Millennial‐scale age offsets within fossil assemblages: Result of bioturbation below the taphonomic active zone and out‐of‐phase production,"A Tomašových, SM Kidwell, CR Alexander, DS Kaufman",Paleoceanography and Paleoclimatology,"34 (6), 954-977",2019,28,D Kaufman,,,false,true,,Azgs6IHzeyYC,KpeykKsAAAAJ,2025-02-15,millennialscaleageoffsetswithinfossilassemblagesresultofbioturbationbelowthetaphonomicactivezoneandoutofphaseproduction
millennialscalecarbonaccumulationandmole-2019,Millennial-scale carbon accumulation and molecular transformation in a permafrost core from Interior Alaska,"JA Hutchings, TS Bianchi, DS Kaufman, AL Kholodov, DR Vaughn, EAG Schuur",Geochimica et Cosmochimica Acta,"253, 231-248",2019,25,D Kaufman,,,false,true,,_tF6a-HnqWAC,KpeykKsAAAAJ,2025-02-15,millennialscalecarbonaccumulationandmoleculartransformationinapermafrostcorefrominterioralaska
modelingcocainetraffickersandcounterdrug-2019,Modeling cocaine traffickers and counterdrug interdiction forces as a complex adaptive system,"NR Magliocca, K McSweeney, SE Sesnie, E Tellman, JA Devine, EA Nielsen, Z Pearson, DJ Wrathall",Proceedings of the National Academy of Sciences,"116 (16), 7784-7792",2019,109,E Nielsen,,,false,true,,7PzlFSSx8tAC,vAflpUkAAAAJ,2025-02-15,modelingcocainetraffickersandcounterdruginterdictionforcesasacomplexadaptivesystem
modelingintrinsicvulnerabilityofcomplexk-2019,Modeling intrinsic vulnerability of complex karst aquifers: modifying the COP method to account for sinkhole density and fault location,"NA Jones, J Hansen, AE Springer, C Valle, BW Tobin",Hydrogeology Journal,"27 (8), 2857-2868",2019,26,A Springer,Natalie Jones,,true,true,,WbkHhVStYXYC,X53gmAQAAAAJ,2025-02-15,modelingintrinsicvulnerabilityofcomplexkarstaquifersmodifyingthecopmethodtoaccountforsinkholedensityandfaultlocation
multiyearmonitoringofsurvivalfollowingmi-2019,Multi-year monitoring of survival following mitigation-driven translocation of a long-lived threatened reptile,"BG. Dickson, RD. Scherer, A Kissel, BP. Wallace, K Langin, ME. Gray, A Scheib, B Weise",Conservation Biology,"33 (5), 1094-1105",2019,23,B Dickson,Miranda Gray,,false,true,,l7t_Zn2s7bgC,TZcEU1QAAAAJ,2025-02-15,multiyearmonitoringofsurvivalfollowingmitigationdriventranslocationofalonglivedthreatenedreptile
newapproachtoassessingageuncertaintiesth-2019,"New approach to assessing age uncertainties–The 2300-year varve chronology from Eklutna Lake, Alaska (USA)","D Fortin, N Praet, NP McKay, DS Kaufman, BJL Jensen, PJ Haeussler, C Buchanan, MD Batist",Quaternary Science Reviews,"203, 90-101",2019,22,D Kaufman; N McKay,,,true,true,,2vr6o8x5NLkC,KpeykKsAAAAJ,2025-02-15,newapproachtoassessingageuncertaintiesthe2300yearvarvechronologyfromeklutnalakealaskausa
nonnativeinsectsdominatedaytimepollinati-2019,Non‐native insects dominate daytime pollination in a high‐elevation Hawaiian dryland ecosystem,"CE Aslan, AB Shiels, W Haines, CT Liang",American Journal of Botany,"106 (2), 313-324",2019,22,C Aslan,,,true,true,,7PzlFSSx8tAC,OQcWVAoAAAAJ,2025-02-15,nonnativeinsectsdominatedaytimepollinationinahighelevationhawaiiandrylandecosystem
ongoingoroclinalbendinginthecascadiafore-2019,Ongoing oroclinal bending in the Cascadia forearc and its relation to concave-outboard plate margin geometry,"T Finley, K Morell, L Leonard, C Regalla, ST Johnston, W Zhang",Geology,"47 (2), 155-158",2019,26,C Regalla,,,true,true,,zUl2_INMlC4C,PdHBgEUAAAAJ,2025-02-15,ongoingoroclinalbendinginthecascadiaforearcanditsrelationtoconcaveoutboardplatemargingeometry
pacts10acrowdsourcedreportingstandardfor-2019,PaCTS 1.0: a crowdsourced reporting standard for paleoclimate data,"D Khider, J Emile‐Geay, NP McKay, Y Gil, D Garijo, V Ratnakar, M Alonso‐Garcia, Séb Bertrand, O Bothe, P Brewer, A Bunn, M Chevalier, L Comas‐Bru, A Csank, E Dassié, K DeLong, T Felis, P Francus, A Frappier, W Gray, S Goring, L Jonkers, M Kahle, D Kaufman, NM Kehrwald, B Martrat, H McGregor, J Richey, A Schmittner, N Scroxton, E Sutherland, K Thirumalai, K Allen, F Arnaud, Y Axford, T Barrows, L Bazin, SEP Birch, E Bradley, J Bregy, E Capron, O Cartapanis, H‐W Chiang, KM Cobb, M Debret, Ré Dommain, J Du, K Dyez, S Emerick, MP Erb, G Falster, W Finsinger, D Fortier, N Gauthier, S George, E Grimm, J Hertzberg, F Hibbert, A Hillman, W Hobbs, M Huber, ALC Hughes, S Jaccard, J Ruan, M Kienast, B Konecky, GëlL Roux, V Lyubchich, VF Novello, L Olaka, JW Partin, C Pearce, SJ Phipps, Céc Pignol, N Piotrowska, M‐S Poli, A Prokopenko, F Schwanck, C Stepanek, GEA Swann, R Telford, E Thomas, Zé Thomas, S Truebe, LV Gunten, A Waite, N Weitzel, B Wilhelm, J Williams, JJ Williams, M Winstrup, N Zhao, Y Zhou",Paleoceanography and Paleoclimatology,"34 (10), 1570-1596",2019,47,M Erb; D Kaufman; N McKay,,,true,true,,Wq2b2clWBLsC,6w5ZNo4AAAAJ,2025-02-15,pacts10acrowdsourcedreportingstandardforpaleoclimatedata
predatorinducedchangesindissolvedorganic-2019,Predator‐induced changes in dissolved organic carbon dynamics,"R Limberger, J Birtel, H Peter, Núr Catalán, DdS Farias, RJ Best, J Brodersen, H Bürgmann, B Matthews",Oikos,"128 (3), 430-440",2019,29,R Best,,,true,true,,pqnbT2bcN3wC,MS9xVqIAAAAJ,2025-02-15,predatorinducedchangesindissolvedorganiccarbondynamics
predictivemodelsforthedeepgeometryofathi-2019,"Predictive models for the deep geometry of a thick-skinned thrust matched to crustal structure: Wind River Range, western USA","RH Groshong, R Porter",Lithosphere,"11 (4), 448-464",2019,11,R Porter,,,true,true,,__bU50VfleQC,VrFY4scAAAAJ,2025-02-15,predictivemodelsforthedeepgeometryofathickskinnedthrustmatchedtocrustalstructurewindriverrangewesternusa
projecttheimpactofnonnativepredatorsonpo-2019,Project: the impact of non-native predators on pollinators and native plant reproduction in a Hawaiian Dryland Ecosystem SERDP project number: RC-2432 principal investigators.,"CT Liang, C EShiels, AB Sandor, E Manette","USDA Forest Service, Pacific Southwest Research Station, Institute of …",,2019,1,C Aslan,,,false,true,,RHpTSmoSYBkC,OQcWVAoAAAAJ,2025-02-15,projecttheimpactofnonnativepredatorsonpollinatorsandnativeplantreproductioninahawaiiandrylandecosystemserdpprojectnumberrc2432principalinvestigators
rapiddivergenceofpredatorfunctionaltrait-2019,Rapid divergence of predator functional traits affects prey composition in aquatic communities,"DW Schmid, MD McGee, RJ Best, O Seehausen, B Matthews",The American Naturalist,"193 (3), 331-345",2019,34,R Best,,,true,true,,3s1wT3WcHBgC,MS9xVqIAAAAJ,2025-02-15,rapiddivergenceofpredatorfunctionaltraitsaffectspreycompositioninaquaticcommunities
reconceptualizingclimatechangedenial-2019,Reconceptualizing climate change denial,"B Petersen, D Stuart, R Gunderson",Human ecology review,"25 (2), 117-142",2019,62,D Stuart,,,true,true,,JV2RwH3_ST0C,cc0d2WUAAAAJ,2025-02-15,reconceptualizingclimatechangedenial
relationshipsofwestgreenlandsupraglacial-2019,Relationships of West Greenland supraglacial melt‐lakes with local climate and regional atmospheric circulation,"NA Rowley, AM Carleton, J Fegyveresi",International Journal of Climatology,,2019,14,J Fegyveresi,,,false,true,,qxL8FJ1GzNcC,y6CEvEMAAAAJ,2025-02-15,relationshipsofwestgreenlandsupraglacialmeltlakeswithlocalclimateandregionalatmosphericcirculation
selfsimilarityleaflittertraitsandneighbo-2019,"Self-Similarity, Leaf Litter Traits, and Neighborhood Predicting Fine Root Dynamics in a Common-Garden Forest","DG Fischer, BG Dickson, TG Whitham, SC Hart",Frontiers in Environmental Science,"7, 142",2019,3,B Dickson,,,false,true,,5Ul4iDaHHb8C,TZcEU1QAAAAJ,2025-02-15,selfsimilarityleaflittertraitsandneighborhoodpredictingfinerootdynamicsinacommongardenforest
springsecosystemsvulnerableecologicalisl-2019,"Springs ecosystems: vulnerable ecological islands where environmental conditions, life history traits, and human disturbance facilitate non-native plant invasions","KG Nielson, KM Gill, AE Springer, JD Ledbetter, LE Stevens, SB Rood",Biological Invasions,"21, 2963-2981",2019,19,A Springer,,,true,true,,xtRiw3GOFMkC,X53gmAQAAAAJ,2025-02-15,springsecosystemsvulnerableecologicalislandswhereenvironmentalconditionslifehistorytraitsandhumandisturbancefacilitatenonnativeplantinvasions
structureandkinematicevolutionofthesouth-2019,"Structure and kinematic evolution of the southern Sivas fold-thrust belt, Sivas Basin, Central Anatolia, Turkey","MICHAEL DARIN, PAUL UMHOEFER",Turkish Journal of Earth Sciences,"28 (6), 834-859",2019,7,P Umhoefer,Michael Darin,,false,true,,nrtMV_XWKgEC,ZLMsh8MAAAAJ,2025-02-15,structureandkinematicevolutionofthesouthernsivasfoldthrustbeltsivasbasincentralanatoliaturkey
subsurfacecontrolsonthedevelopmentofthec-2019,"Subsurface controls on the development of the Cape Fear Slide Complex, central US Atlantic Margin","JC Hill, DS Brothers, MJ Hornbach, DE Sawyer, DJ Shillington, A Bécel","Geological Society, London, Special Publications","477 (1), 169-181",2019,17,D Shillington,,,true,true,,fPk4N6BV_jEC,bDSq2ksAAAAJ,2025-02-15,subsurfacecontrolsonthedevelopmentofthecapefearslidecomplexcentralusatlanticmargin
synthesizingearthscopedatatoconstrainthe-2019,Synthesizing EarthScope data to constrain the thermal evolution of the continental US lithosphere,"RC Porter, S Van der Lee, SJ Whitmeyer",Geosphere,"15 (6), 1722-1737",2019,15,R Porter,,,true,true,,4aZ_i-5WJEQC,VrFY4scAAAAJ,2025-02-15,synthesizingearthscopedatatoconstrainthethermalevolutionofthecontinentaluslithosphere
tectonicdiapiricandsedimentarychaoticroc-2019,"Tectonic, diapiric and sedimentary chaotic rocks of the Rakhine coast, western Myanmar","GF Moore, LT Aung, R Fukuchi, JC Sample, E Hellebrand, A Kopf, W Naing, WM Than, TN Tun",Gondwana Research,"74, 126-143",2019,27,J Sample,,,false,true,,EUQCXRtRnyEC,JL2daQcAAAAJ,2025-02-15,tectonicdiapiricandsedimentarychaoticrocksoftherakhinecoastwesternmyanmar
thearcticborealvulnerabilityexperimentmo-2019,The Arctic-Boreal vulnerability experiment model benchmarking system,"E Stofferahn, JB Fisher, DJ Hayes, CR Schwalm, DN Huntzinger, W Hantson, B Poulter, Z Zhang",Environmental Research Letters,"14 (5), 055002",2019,15,D Huntzinger,,,false,true,,fQNAKQ3IYiAC,e4XX478AAAAJ,2025-02-15,thearcticborealvulnerabilityexperimentmodelbenchmarkingsystem
theaspenpaleoriverlinkingeocenemagmatism-2019,"The Aspen paleoriver: Linking Eocene magmatism to the world’s largest Na-carbonate evaporite (Wyoming, USA)","AP Hammond, AR Carroll, EC Parrish, ME Smith, TK Lowenstein",Geology,"47 (11), 1020-1024",2019,13,M Smith,,,true,true,,j33aPA1ap8EC,CBG7OuAAAAAJ,2025-02-15,theaspenpaleoriverlinkingeocenemagmatismtotheworldslargestnacarbonateevaporitewyomingusa
thecausesofspatiotemporalvariationsineru-2019,The causes of spatiotemporal variations in erupted fluxes and compositions along a volcanic arc,"CB Till, AJR Kent, GA Abers, HA Janiszewski, JB Gaherty, BW Pitcher",Nature communications,"10 (1), 1350",2019,55,J Gaherty,,,true,true,,fEOibwPWpKIC,uglQirIAAAAJ,2025-02-15,thecausesofspatiotemporalvariationsineruptedfluxesandcompositionsalongavolcanicarc
theeffectsoftopographicsurveyingtechniqu-2019,The effects of topographic surveying technique and data resolution on the detection and interpretation of geomorphic change,"A Kasprak, ND Bransky, JB Sankey, J Caster, TT Sankey",Geomorphology,"333, 1-15",2019,42,T Sankey,Joshua Caster; Nathaniel Bransky,,false,true,,35N4QoGY0k4C,3zszVGYAAAAJ,2025-02-15,theeffectsoftopographicsurveyingtechniqueanddataresolutiononthedetectionandinterpretationofgeomorphicchange
theimpactofforestrestorationonagricultur-2019,"The impact of forest restoration on agriculture in the Verde River watershed, Arizona, USA","X Zhao, D Du, J Xiong, A Springer, SRM Lopez, B Winkler, K Hubler",Forest Policy and Economics,"109, 101999",2019,4,A Springer,,,true,true,,CHSYGLWDkRkC,X53gmAQAAAAJ,2025-02-15,theimpactofforestrestorationonagricultureintheverderiverwatershedarizonausa
thelinkedearthontologyamodularextensible-2019,"The Linked Earth Ontology: A modular, extensible representation of open paleoclimate data","J Emile‐Geay, D Khider, D Garijo, NP McKay, Y Gil, V Ratnakar, E Bradley",Zenodo,,2019,3,N McKay,,,true,true,,-DxkuPiZhfEC,j8_CgoEAAAAJ,2025-02-15,thelinkedearthontologyamodularextensiblerepresentationofopenpaleoclimatedata
thepoliticaleconomyofgeoengineeringaspla-2019,"The political economy of geoengineering as plan B: Technological rationality, moral hazard, and new technology","R Gunderson, D Stuart, B Petersen",New Political Economy,"24 (5), 696-715",2019,51,D Stuart,,,true,true,,hC7cP41nSMkC,cc0d2WUAAAAJ,2025-02-15,thepoliticaleconomyofgeoengineeringasplanbtechnologicalrationalitymoralhazardandnewtechnology
theroleofplasticityintheevolutionofcrypt-2019,The role of plasticity in the evolution of cryptic pigmentation in a freshwater isopod,"MD Lürig, RJ Best, M Svitok, J Jokela, B Matthews",Journal of Animal Ecology,,2019,13,R Best,,,true,true,,SeFeTyx0c_EC,MS9xVqIAAAAJ,2025-02-15,theroleofplasticityintheevolutionofcrypticpigmentationinafreshwaterisopod
thesp19chronologyforthesouthpoleicecorep-2019,The SP19 chronology for the South Pole Ice Core–Part 1: volcanic matching and annual layer counting,"DA Winski, TJ Fudge, DG Ferris, EC Osterberg, JM Fegyveresi, J Cole-Dai, Z Thundercloud, TS Cox, KJ Kreutz, N Ortman, C Buizert, J Epifanio, EJ Brook, R Beaudette, J Severinghaus, T Sowers, EJ Steig, EC Kahle, TR Jones, V Morris, M Aydin, MR Nicewonger, KA Casey, RB Alley, ED Waddington, NA Iverson, NW Dunbar, RC Bay, JM Souney, M Sigl, JR McConnell",Climate of the Past,"15 (5), 1793-1808",2019,61,J Fegyveresi,,,false,true,,4DMP91E08xMC,y6CEvEMAAAAJ,2025-02-15,thesp19chronologyforthesouthpoleicecorepart1volcanicmatchingandannuallayercounting
unmannedaerialvehiclebasedrangelandmonit-2019,Unmanned aerial vehicle− Based rangeland monitoring: examining a century of vegetation changes,"TT Sankey, JM Leonard, MM Moore",Rangeland Ecology & Management,"72 (5), 858-863",2019,42,T Sankey,,,false,true,,ldfaerwXgEUC,3zszVGYAAAAJ,2025-02-15,unmannedaerialvehiclebasedrangelandmonitoringexaminingacenturyofvegetationchanges
valuingattributesofforestrestorationinas-2019,Valuing attributes of forest restoration in a semi-arid watershed,"JM Mueller, AB Soder, AE Springer",Landscape and Urban Planning,"184, 78-87",2019,28,J Mueller; A Springer,Adrienne Soder,,false,true,,mVmsd5A6BfQC,brG-UpsAAAAJ,2025-02-15,valuingattributesofforestrestorationinasemiaridwatershed
vegetationfunctionalpropertiesdetermineu-2019,Vegetation functional properties determine uncertainty of simulated ecosystem productivity: A traceability analysis in the East Asian monsoon region,"E Cui, K Huang, MA Arain, JB Fisher, DN Huntzinger, A Ito, Y Luo, AK Jain, J Mao, AM Michalak, S Niu, NC Parazoo, C Peng, S Peng, B Poulter, DM Ricciuto, KM Schaefer, CR Schwalm, X Shi, H Tian, W Wang, J Wang, Y Wei, E Yan, L Yan, N Zeng, Q Zhu, J Xia",Global Biogeochemical Cycles,"33 (6), 668-689",2019,47,D Huntzinger,,,false,true,,eJXPG6dFmWUC,e4XX478AAAAJ,2025-02-15,vegetationfunctionalpropertiesdetermineuncertaintyofsimulatedecosystemproductivityatraceabilityanalysisintheeastasianmonsoonregion
visualobservationsandstratigraphyoftheso-2019,Visual Observations and Stratigraphy of the South Pole Ice Core (SPICEcore): A Preliminary Holocene (~10.2 ka) Accumulation Record and Depth-Age Chronology,"JM Fegyveresi, TJ Fudge, DG Ferris, DA Winski, RB Alley",Engineer Research and Development Center Hanover United States,,2019,1,J Fegyveresi,,,false,true,,M3ejUd6NZC8C,y6CEvEMAAAAJ,2025-02-15,visualobservationsandstratigraphyofthesouthpoleicecorespicecoreapreliminaryholocene102kaaccumulationrecordanddepthagechronology
volcanicglasspropertiesfrom1459cevolcani-2019,Volcanic glass properties from 1459 CE volcanic event in South Pole ice core dismiss Kuwae caldera as a potential source,"LH Hartman, AV Kurbatov, DA Winski, AM Cruz-Uribe, SM Davies, NW Dunbar, NA Iverson, M Aydin, JM Fegyveresi, DG Ferris, TJ Fudge, EC Osterberg, GM Hargreaves, MG Yates",Scientific Reports,"9 (1), 14437",2019,27,J Fegyveresi,,,false,true,,aqlVkmm33-oC,y6CEvEMAAAAJ,2025-02-15,volcanicglasspropertiesfrom1459cevolcaniceventinsouthpoleicecoredismisskuwaecalderaasapotentialsource
absenceofnativeflowervisitorsfortheendan-2018,Absence of native flower visitors for the endangered Hawaiian mint Stenogyne angustifolia: Impending ecological extinction?,"CE Aslan, CT Liang, AB Shiels, W Haines",Global Ecology and Conservation,"16, e00468",2018,10,C Aslan,,,true,true,,Wp0gIr-vW9MC,OQcWVAoAAAAJ,2025-02-15,absenceofnativeflowervisitorsfortheendangeredhawaiianmintstenogyneangustifoliaimpendingecologicalextinction
acceleratingprogressinproxymodelsynthesi-2018,Accelerating progress in proxy-model synthesis using open standards,"G Hakim, S Dee, J Emile-Geay, N McKay, K Rehfeld",PAGES Magazine,,2018,1,N McKay,,,true,true,,JP7YXuLIOvAC,j8_CgoEAAAAJ,2025-02-15,acceleratingprogressinproxymodelsynthesisusingopenstandards
acceleratingratesofarcticcarboncyclingre-2018,Accelerating rates of Arctic carbon cycling revealed by long-term atmospheric CO2 measurements,"S-J Jeong, AA Bloom, D Schimel, C Sweeney, NC Parazoo, D Medvigy, G Schaepman-Strub, C Zheng, CR Schwalm, DN Huntzinger, AM Michalak, CE Miller",Science advances,"4 (7), eaao1167",2018,84,D Huntzinger,,,false,true,,738O_yMBCRsC,e4XX478AAAAJ,2025-02-15,acceleratingratesofarcticcarboncyclingrevealedbylongtermatmosphericco2measurements
acriticalexaminationofgeoengineeringecon-2018,A critical examination of geoengineering: economic and technological rationality in social context,"R Gunderson, B Petersen, D Stuart",Sustainability,"10 (1), 269",2018,25,D Stuart,,,true,true,,dhFuZR0502QC,cc0d2WUAAAAJ,2025-02-15,acriticalexaminationofgeoengineeringeconomicandtechnologicalrationalityinsocialcontext
adistinctnucleosyntheticheritageforearly-2018,A distinct nucleosynthetic heritage for early solar system solids recorded by Ni isotope signatures,"J Render, GA Brennecka, S-J Wang, LE Wasylenki, T Kleine",The Astrophysical Journal,"862 (1), 26",2018,34,L Wasylenki,,,false,true,,Wp0gIr-vW9MC,QVFkTAgAAAAJ,2025-02-15,adistinctnucleosyntheticheritageforearlysolarsystemsolidsrecordedbyniisotopesignatures
ahighresolutionclimaterecordspanningthep-2018,"A high-resolution climate record spanning the past 17 000 years recovered from Lake Ohau, South Island, New Zealand","RH Levy, GB Dunbar, MJ Vandergoes, JD Howarth, T Kingan, AR Pyne, G Brotherston, M Clarke, B Dagg, M Hill, E Kenton, S Little, D Mandeno, C Moy, P Muldoon, P Doyle, C Raines, P Rutland, D Strong, M Terezow, L Cochrane, R Cossu, S Fitzsimons, F Florindo, AL Forrest, AR Gorman, DS Kaufman, MK Lee, X Li, P Lurcock, N McKay, F Nelson, J Purdie, HA Roop, SG Schladow, A Sood, P Upton, SL Walker, GS Wilson",Scientific Drilling,"24, 41-50",2018,7,D Kaufman; N McKay,,,true,true,,sJPMR1oEGYQC,KpeykKsAAAAJ,2025-02-15,ahighresolutionclimaterecordspanningthepast17000yearsrecoveredfromlakeohausouthislandnewzealand
arcticchangeandpossibleinfluenceonmidlat-2018,Arctic change and possible influence on mid-latitude climate and weather: a US CLIVAR White Paper,"J Cohen, X Zhang, J Francis, T Jung, R Kwok, J Overland, T Ballinger, R Blackport, US Bhatt, H Chen, D Coumou, S Feldstein, D Handorf, M Hell, G Henderson, M Ionita, M Kretschmer, F Laliberte, S Lee, H Linderholm, W Maslowski, I Rigor, C Routson, J Screen, T Semmler, D Singh, D Smith, J Stroeve, PC Taylor, T Vihma, M Wang, S Wang, Y Wu, M Wendisch, J Yoon",US CLIVAR reports,,2018,67,C Routson,Jane Francis,,false,true,,LkGwnXOMwfcC,TQAQTl0AAAAJ,2025-02-15,arcticchangeandpossibleinfluenceonmidlatitudeclimateandweatherausclivarwhitepaper
assessingfeedingpreferencesofaconsumergu-2018,Assessing Feeding Preferences of a Consumer Guild: Partitioning Variation Among versus Within Species,"OK Rhoades, RJ Best, JJ Stachowicz",The American Naturalist,"192 (3), 287-300",2018,19,R Best,,,true,true,,g5m5HwL7SMYC,MS9xVqIAAAAJ,2025-02-15,assessingfeedingpreferencesofaconsumerguildpartitioningvariationamongversuswithinspecies
aweeklycontinuallyupdateddatasetofthepro-2018,"A weekly, continually updated dataset of the probability of large wildfires across western US forests and woodlands","ME Gray, LJ Zachmann, BG Dickson",Earth System Science Data,"10 (3), 1715-1727",2018,24,B Dickson,Miranda Gray,,false,true,,KxtntwgDAa4C,TZcEU1QAAAAJ,2025-02-15,aweeklycontinuallyupdateddatasetoftheprobabilityoflargewildfiresacrosswesternusforestsandwoodlands
awetterarcticcoincidentwithhemisphericwa-2018,"A wetter Arctic coincident with hemispheric warming 8,000 years ago","EK Thomas, IS Castañeda, NP McKay, JP Briner, JM Salacup, KQ Nguyen, AD Schweinsberg",Geophysical Research Letters,"45 (19), 10,637-10,647",2018,61,N McKay,,,true,true,,zdjWy_NXXwUC,j8_CgoEAAAAJ,2025-02-15,awetterarcticcoincidentwithhemisphericwarming8000yearsago
breachingofstrikeslipfaultsandsuccessive-2018,Breaching of strike-slip faults and successive flooding of pull-apart basins to form the Gulf of California seaway from ca. 8–6 Ma,"PJ Umhoefer, MH Darin, SEK Bennett, LA Skinner, RJ Dorsey, ME Oskin",Geology,"46 (8), 695-698",2018,51,P Umhoefer,Michael Darin,,false,true,,7T2F9Uy0os0C,ZLMsh8MAAAAJ,2025-02-15,breachingofstrikeslipfaultsandsuccessivefloodingofpullapartbasinstoformthegulfofcaliforniaseawayfromca86ma
buildingandharnessingopenpaleodata-2018,Building and harnessing open paleodata,"JW Williams, DS Kaufman, A Newton, Lv Gunten",Past Global Change Magazine,26 (2),2018,12,D Kaufman,,,false,true,,iyewoVqAXLQC,KpeykKsAAAAJ,2025-02-15,buildingandharnessingopenpaleodata
capturingarthropoddiversityincomplexcave-2018,Capturing arthropod diversity in complex cave systems,"JJ Wynne, S Sommer, FG Howarth, BG Dickson, KD Voyles",Diversity and Distributions,"24 (10), 1478-1491",2018,46,B Dickson,Jut Wynne,,false,true,,nb7KW1ujOQ8C,TZcEU1QAAAAJ,2025-02-15,capturingarthropoddiversityincomplexcavesystems
chapter19futureofthenorthamericancarbonc-2018,Chapter 19: Future of the North American carbon cycle,"DN Huntzinger, A Chatterjee, DJP Moore, S Ohrel, TO West, B Poulter, AP Walker, J Dunne, SR Cooley, AM Michalak, M Tzortziou, L Bruhwiler, A Rosenblatt, Y Luo, PJ Marcotullio, J Russell",Second State of the Carbon Cycle Report (SOCCR,R2): a sustained assessment …,2018,8,D Huntzinger,,,false,true,,9Nmd_mFXekcC,e4XX478AAAAJ,2025-02-15,chapter19futureofthenorthamericancarboncycle
characterizationandhydraulicbehaviouroft-2018,"Characterization and hydraulic behaviour of the complex karst of the Kaibab Plateau and Grand Canyon National Park, USA","CJR Jones, AE Springer, BW Tobin, SJ Zappitello, NA Jones","Geological Society, London, Special Publications","466 (1), 237-260",2018,42,A Springer,Casey Jones; Natalie Jones,,true,true,,u_35RYKgDlwC,X53gmAQAAAAJ,2025-02-15,characterizationandhydraulicbehaviourofthecomplexkarstofthekaibabplateauandgrandcanyonnationalparkusa
climatechangeandideologicaltransformatio-2018,Climate change and ideological transformation in United States agriculture,D Stuart,Sociologia Ruralis,"58 (1), 63-82",2018,16,D Stuart,,,true,true,,qxL8FJ1GzNcC,cc0d2WUAAAAJ,2025-02-15,climatechangeandideologicaltransformationinunitedstatesagriculture
comparisonoftrailsidedegradationacrossag-2018,Comparison of trailside degradation across a gradient of trail use in the Sonoran Desert,"HI Rowe, M Tluczek, J Broatch, D Gruber, S Jones, D Langenfeld, P McNamara, L Weinstein",Journal of environmental management,"207, 292-302",2018,20,H Rowe,,,false,true,,u-x6o8ySG0sC,NRUIqxcAAAAJ,2025-02-15,comparisonoftrailsidedegradationacrossagradientoftrailuseinthesonorandesert
conservationgenomicsofthemogollonnarrowh-2018,Conservation genomics of the Mogollon Narrow-headed gartersnake (Thamnophis rufipunctatus) and Northern Mexican gartersnake (Thamnophis eques megalops),"DA Wood, ID Emmons, EM Nowak, BL Christman, AT Holycross, AG Vandergast",Open-File Report,,2018,11,E Nowak,,,false,true,,YOwf2qJgpHMC,RLI2k1MAAAAJ,2025-02-15,conservationgenomicsofthemogollonnarrowheadedgartersnakethamnophisrufipunctatusandnorthernmexicangartersnakethamnophisequesmegalops
considerationsforachievingcrossplatformp-2018,Considerations for achieving cross-platform point cloud data fusion across different dryland ecosystem structural states,"TL Swetnam, JK Gillan, TT Sankey, MP McClaran, MH Nichols, P Heilman, J McVay",Frontiers in Plant Science,"8, 2144",2018,40,T Sankey,,,false,true,,JV2RwH3_ST0C,3zszVGYAAAAJ,2025-02-15,considerationsforachievingcrossplatformpointclouddatafusionacrossdifferentdrylandecosystemstructuralstates
dynamicsofepisodiclatecretaceouscenozoic-2018,Dynamics of episodic Late Cretaceous–Cenozoic magmatism across Central to Eastern Anatolia: New insights from an extensive geochronology compilation,"WK Schleiffarth, MH Darin, MR Reid, PJ Umhoefer",Geosphere,"14 (5), 1990-2008",2018,96,M Reid; P Umhoefer,Michael Darin; William Schleiffarth,,false,true,,wbdj-CoPYUoC,pg-HuIIAAAAJ,2025-02-15,dynamicsofepisodiclatecretaceouscenozoicmagmatismacrosscentraltoeasternanatolianewinsightsfromanextensivegeochronologycompilation
ecologicalassessmentandrehabilitationpri-2018,Ecological Assessment and Rehabilitation Prioritization for Improving Springs Ecosystem Stewardship,"K Paffett, LE Stevens, AE Springer",Wetland and Stream Rapid Assessments,475-487,2018,22,A Springer,Kyle Paffett,,true,true,,pyW8ca7W8N0C,X53gmAQAAAAJ,2025-02-15,ecologicalassessmentandrehabilitationprioritizationforimprovingspringsecosystemstewardship
ecologicaldimensionsofnontimberforestpro-2018,Ecological dimensions of nontimber forest product harvest,"T Ticktin, K Kindscher, S Souther, JL Chamberlain, S Hummel, C Mitchell, S Sanders","In: Chamberlain, James L.; Emery, Marla R.; Patel-Weynand, Toral, eds.",2018 …,2018,6,S Souther,,,true,true,,0EnyYjriUFMC,zzM06IcAAAAJ,2025-02-15,ecologicaldimensionsofnontimberforestproductharvest
effectsofnanoconfinementonzniiadsorption-2018,Effects of nano-confinement on Zn (II) adsorption to nanoporous silica,"J Nelson, JR Bargar, L Wasylenki, GEB Jr, K Maher",Geochimica et Cosmochimica Acta,"240, 80-97",2018,31,L Wasylenki,,,false,true,,GnPB-g6toBAC,QVFkTAgAAAAJ,2025-02-15,effectsofnanoconfinementonzniiadsorptiontonanoporoussilica
enhancedpeakgrowthofglobalvegetationandi-2018,Enhanced peak growth of global vegetation and its key mechanisms,"K Huang, J Xia, Y Wang, A Ahlström, J Chen, RB Cook, E Cui, Y Fang, JB Fisher, DN Huntzinger, Z Li, AM Michalak, Y Qiao, K Schaefer, C Schwalm, J Wang, Y Wei, X Xu, L Yan, C Bian, Y Luo",Nature ecology & evolution,"2 (12), 1897-1905",2018,260,D Huntzinger,,,false,true,,08ZZubdj9fEC,e4XX478AAAAJ,2025-02-15,enhancedpeakgrowthofglobalvegetationanditskeymechanisms
evaluatingunmannedaerialvehicleimagesfor-2018,Evaluating unmanned aerial vehicle images for estimating forest canopy fuels in a ponderosa pine stand,"P Shin, T Sankey, MM Moore, AE Thode",Remote Sensing,"10 (8), 1266",2018,110,T Sankey,Patrick Shin,,false,true,,O3NaXMp0MMsC,3zszVGYAAAAJ,2025-02-15,evaluatingunmannedaerialvehicleimagesforestimatingforestcanopyfuelsinaponderosapinestand
evolutionasanecosystemprocessinsightsfro-2018,Evolution as an ecosystem process: insights from genomics,"B Matthews, RJ Best, PGD Feulner, A Narwani, R Limberger",Genome,"61 (4), 298-309",2018,11,R Best,,,true,true,,M05iB0D1s5AC,MS9xVqIAAAAJ,2025-02-15,evolutionasanecosystemprocessinsightsfromgenomics
examiningforeststructurewithterrestriall-2018,Examining forest structure with terrestrial lidar: Suggestions and novel techniques based on comparisons between scanners and forest treatments,"JJ Donager, TT Sankey, JB Sankey, AJS Meador, AE Springer, JD Bailey",Earth and Space Science,"5 (11), 753-776",2018,37,T Sankey; A Springer,Jonathon Donager,,false,true,,V_vSwabWVtYC,3zszVGYAAAAJ,2025-02-15,examiningforeststructurewithterrestriallidarsuggestionsandnoveltechniquesbasedoncomparisonsbetweenscannersandforesttreatments
expandingcareerpathwaysinconservationsci-2018,Expanding career pathways in conservation science,"E Zavaleta, C Aslan, W Palen, T Sisk, ME Ryan, BG Dickson",Conservation Biology,"32 (1), 246-248",2018,10,C Aslan; B Dickson; T Sisk,,,true,true,,M3ejUd6NZC8C,OQcWVAoAAAAJ,2025-02-15,expandingcareerpathwaysinconservationscience
farmerselectionofsourcesofinformationfor-2018,Farmer selection of sources of information for nitrogen management in the US Midwest: Implications for environmental programs,"D Stuart, RCH Denny, M Houser, AP Reimer, S Marquart-Pyatt",Land Use Policy,"70, 289-297",2018,66,D Stuart,,,true,true,,mVmsd5A6BfQC,cc0d2WUAAAAJ,2025-02-15,farmerselectionofsourcesofinformationfornitrogenmanagementintheusmidwestimplicationsforenvironmentalprograms
fluvialsuspendedsedimentyieldsoverhourst-2018,"Fluvial suspended sediment yields over hours to millennia in the High Arctic at proglacial Lake Linnévatnet, Svalbard","E Schiefer, D Kaufman, N McKay, M Retelle, A Werner, S Roof",Earth Surface Processes and Landforms,"43 (2), 482-498",2018,15,D Kaufman; N McKay,,,true,true,,C33y2ycGS3YC,KpeykKsAAAAJ,2025-02-15,fluvialsuspendedsedimentyieldsoverhourstomillenniainthehigharcticatproglaciallakelinnvatnetsvalbard
forestrestorationasastrategytomitigatecl-2018,"Forest restoration as a strategy to mitigate climate impacts on wildfire, vegetation, and water in semiarid forests","FC O'Donnell, WT Flatley, AE Springer, PZ Fulé",Ecological Applications,"28 (6), 1459-1472",2018,63,A Springer,,,true,true,,D03iK_w7-QYC,X53gmAQAAAAJ,2025-02-15,forestrestorationasastrategytomitigateclimateimpactsonwildfirevegetationandwaterinsemiaridforests
forestsdominatetheinterannualvariability-2018,Forests dominate the interannual variability of the North American carbon sink,"YP Shiga, AM Michalak, Y Fang, K Schaefer, AE Andrews, DH Huntzinger, CR Schwalm, K Thoning, Y Wei",Environmental Research Letters,"13 (8), 084015",2018,34,D Huntzinger,,,false,true,,l7t_Zn2s7bgC,e4XX478AAAAJ,2025-02-15,forestsdominatetheinterannualvariabilityofthenorthamericancarbonsink
geomorphologyandvegetationchangeatcolora-2018,"Geomorphology and vegetation change at Colorado River campsites, Marble and Grand Canyons, Arizona","DR Hadley, PE Grams, MA Kaplinski, JEH Jr, RA Parnell",Scientific Investigations Report,,2018,2,R Parnell,Daniel Hadley; Matt Kaplinski,,false,true,,e5wmG9Sq2KIC,IoVNx7IAAAAJ,2025-02-15,geomorphologyandvegetationchangeatcoloradorivercampsitesmarbleandgrandcanyonsarizona
groundingtrafficthecocainecommoditychain-2018,Grounding traffic: The cocaine commodity chain and land grabbing in eastern Honduras,"K McSweeney, DJ Wrathall, EA Nielsen, Z Pearson",Geoforum,"95, 122-132",2018,80,E Nielsen,,,false,true,,qxL8FJ1GzNcC,vAflpUkAAAAJ,2025-02-15,groundingtrafficthecocainecommoditychainandlandgrabbingineasternhonduras
holoceneatmosphericcirculationinthecentr-2018,Holocene atmospheric circulation in the central North Pacific: A new terrestrial diatom and δ18O dataset from the Aleutian Islands,"HL Bailey, DS Kaufman, HJ Sloane, AL Hubbard, ACG Henderson, MJ Leng, H Meyer, JM Welker",Quaternary Science Reviews,"194, 27-38",2018,56,D Kaufman,,,false,true,,nqdriD65xNoC,KpeykKsAAAAJ,2025-02-15,holoceneatmosphericcirculationinthecentralnorthpacificanewterrestrialdiatomand18odatasetfromthealeutianislands
howdostatesbenefitfromnonstategovernance-2018,How do states benefit from nonstate governance? Evidence from forest sustainability certification,"J Abrams, E Nielsen, D Diaz, T Selfa, E Adams, JL Dunn, C Moseley",Global Environmental Politics,"18 (3), 66-85",2018,21,E Nielsen,Eric Adams,,false,true,,aqlVkmm33-oC,vAflpUkAAAAJ,2025-02-15,howdostatesbenefitfromnonstategovernanceevidencefromforestsustainabilitycertification
ideologicalobstaclestoeffectiveclimatepo-2018,"Ideological obstacles to effective climate policy: The greening of markets, technology, and growth","R Gunderson, D Stuart, B Petersen",Capital & Class,"42 (1), 133-160",2018,76,D Stuart,,,true,true,,M3ejUd6NZC8C,cc0d2WUAAAAJ,2025-02-15,ideologicalobstaclestoeffectiveclimatepolicythegreeningofmarketstechnologyandgrowth
implicationsofenergystorageandclimatecha-2018,Implications of energy storage and climate change for pollution control under the Clean Air Act,"K Wadsack, E Nielsen, W Auberle, T Acker",The Electricity Journal,"31 (10), 17-23",2018,6,E Nielsen,Karin Wadsack,,false,true,,QIV2ME_5wuYC,vAflpUkAAAAJ,2025-02-15,implicationsofenergystorageandclimatechangeforpollutioncontrolunderthecleanairact
incorporatingsocialandecologicaladaptive-2018,Incorporating social and ecological adaptive capacity into vulnerability assessments and management decisions for biodiversity conservation,"B Petersen, C Aslan, D Stuart, P Beier",BioScience,"68 (5), 371-380",2018,20,C Aslan; D Stuart,,,true,true,,qxL8FJ1GzNcC,OQcWVAoAAAAJ,2025-02-15,incorporatingsocialandecologicaladaptivecapacityintovulnerabilityassessmentsandmanagementdecisionsforbiodiversityconservation
integratingcloudbasedworkflowsincontinen-2018,Integrating cloud-based workflows in continental-scale cropland extent classification,"R Massey, TT Sankey, K Yadav, RG Congalton, JC Tilton",Remote Sensing of Environment,"219, 162-179",2018,75,T Sankey,Richard Massey,,false,true,,NaGl4SEjCO4C,3zszVGYAAAAJ,2025-02-15,integratingcloudbasedworkflowsincontinentalscalecroplandextentclassification
interpretingprecessiondriven18ovariabili-2018,Interpreting Precessionâ Driven Î´ 18O Variability in the South Asian Monsoon Region,"CR Tabor, BL Otto‐Bliesner, EC Brady, J Nusbaumer, J Zhu, MP Erb, TE Wong, Z Liu, D Noone",Journal of Geophysical Research: Atmospheres,,2018,33,M Erb,,,false,true,,wE-fMHVdjMkC,6w5ZNo4AAAAJ,2025-02-15,interpretingprecessiondriven18ovariabilityinthesouthasianmonsoonregion
limitstoponderosapineregenerationfollowi-2018,Limits to ponderosa pine regeneration following large high-severity forest fires in the United States Southwest,"C Haffey, TD Sisk, CD Allen, AE Thode, EQ Margolis",Fire Ecology,"14, 143-163",2018,120,T Sisk,Collin Haffey; Cory Allen,,false,true,,Y4-Jr3-UGfkC,2ZA_zeIAAAAJ,2025-02-15,limitstoponderosapineregenerationfollowinglargehighseverityforestfiresintheunitedstatessouthwest
linkedearthsupportingpaleoclimatedatasta-2018,LinkedEarth: Supporting paleoclimate data standards and crowd curation,"J Emile-Geay, D Khider, N McKay, Y Gil, D Garijo, V Ratnakar",Past Global Change Magazine,"26 (2), 62-63",2018,2,N McKay,,,true,true,,H7nrzBkawXsC,j8_CgoEAAAAJ,2025-02-15,linkedearthsupportingpaleoclimatedatastandardsandcrowdcuration
linkedpaleodataaresourceforopenreproduci-2018,"linked paleo data: a resource for open, reproducible, and efficient paleoclimatology","NP McKay, J Emile-Geay",Past. Glob. Change Mag.,"26, 71",2018,2,N McKay,,,true,true,,2vr6o8x5NLkC,j8_CgoEAAAAJ,2025-02-15,linkedpaleodataaresourceforopenreproducibleandefficientpaleoclimatology
managementthresholdsstemmingfromalteredf-2018,Management thresholds stemming from altered fire dynamics in present-day arid and semi-arid environments,"CE Aslan, L Samberg, BG Dickson, ME Gray",Journal of environmental management,"227, 87-94",2018,11,C Aslan; B Dickson,Miranda Gray,,true,true,,4DMP91E08xMC,OQcWVAoAAAAJ,2025-02-15,managementthresholdsstemmingfromalteredfiredynamicsinpresentdayaridandsemiaridenvironments
mappingandmeasuringaeoliansandduneswithp-2018,"Mapping and measuring aeolian sand dunes with photogrammetry and LiDAR from unmanned aerial vehicles (UAV) and multispectral satellite imagery on the Paria Plateau, AZ, USA","D Solazzo, JB Sankey, TT Sankey, SM Munson",Geomorphology,"319, 174-185",2018,93,T Sankey,Daniel Solazzo,,false,true,,T8_be82Iz5gC,3zszVGYAAAAJ,2025-02-15,mappingandmeasuringaeoliansandduneswithphotogrammetryandlidarfromunmannedaerialvehiclesuavandmultispectralsatelliteimageryonthepariaplateauazusa
missingpiecestomodelingthearcticborealpu-2018,Missing pieces to modeling the Arctic-Boreal puzzle,"JB Fisher, DJ Hayes, CR Schwalm, DN Huntzinger, E Stofferahn, K Schaefer, Y Luo, SD Wullschleger, S Goetz, CE Miller, P Griffith, S Chadburn, A Chatterjee, P Ciais, TA Douglas, Hélèn Genet, A Ito, CSR Neigh, B Poulter, BM Rogers, O Sonnentag, H Tian, W Wang, Y Xue, Z-L Yang, N Zeng, Z Zhang",Environmental Research Letters,"13 (2), 020202",2018,90,D Huntzinger,,,false,true,,nb7KW1ujOQ8C,e4XX478AAAAJ,2025-02-15,missingpiecestomodelingthearcticborealpuzzle
modelevidenceforaseasonalbiasinantarctic-2018,Model evidence for a seasonal bias in Antarctic ice cores,"MP Erb, CS Jackson, AJ Broccoli, DW Lea, PJ Valdes, M Crucifix, PN DiNezio",Nature communications,"9 (1), 1361",2018,15,M Erb,,,false,true,,-DxkuPiZhfEC,6w5ZNo4AAAAJ,2025-02-15,modelevidenceforaseasonalbiasinantarcticicecores
nickelisotopefractionationduringcontinen-2018,Nickel isotope fractionation during continental weathering,"LJ Spivak-Birndorf, S-J Wang, DL Bish, LE Wasylenki",Chemical Geology,"476, 316-326",2018,62,L Wasylenki,,,false,true,,hMod-77fHWUC,QVFkTAgAAAAJ,2025-02-15,nickelisotopefractionationduringcontinentalweathering
onefossilrecordmultipletimeresolutionsdi-2018,"One fossil record, multiple time resolutions: disparate time-averaging of echinoids and mollusks on a Holocene carbonate platform","Mł Kowalewski, S Casebolt, Q Hua, KE Whitacre, DS Kaufman, MA Kosnik",Geology,"46 (1), 51-54",2018,54,D Kaufman,,,false,true,,D_tqNUsBuKoC,KpeykKsAAAAJ,2025-02-15,onefossilrecordmultipletimeresolutionsdisparatetimeaveragingofechinoidsandmollusksonaholocenecarbonateplatform
openpaleodataimplementationpilotthepages-2018,Open-paleo-data implementation pilot–the PAGES 2k special issue,"DS Kaufman, PAGES2S-IE Team",Climate of the Past,"14 (5), 593-600",2018,13,D Kaufman,,,false,true,,BmWJbWwHJAwC,KpeykKsAAAAJ,2025-02-15,openpaleodataimplementationpilotthepages2kspecialissue
operationalizingresilienceforconservatio-2018,Operationalizing resilience for conservation objectives: the 4S's,"CE Aslan, B Petersen, AB Shiels, W Haines, CT Liang",Restoration Ecology,"26 (6), 1032-1038",2018,13,C Aslan,,,true,true,,aqlVkmm33-oC,OQcWVAoAAAAJ,2025-02-15,operationalizingresilienceforconservationobjectivesthe4ss
orbitalscaleenvironmentalandclimaticchan-2018,"Orbital-scale environmental and climatic changes recorded in a new∼ 200,000-year-long multiproxy sedimentary record from Padul, southern Iberian Peninsula","J Camuera, G Jiménez-Moreno, MíaJ Ramos-Román, A García-Alix, JL Toney, RS Anderson, F Jiménez-Espejo, D Kaufman, J Bright, C Webster, Y Yanes, JéS Carrión, N Ohkouchi, H Suga, M Yamame, Y Yokoyama, F Martínez-Ruiz",Quaternary Science Reviews,"198, 91-114",2018,51,R Anderson; D Kaufman,Cole Webster; Jaime Toney,,false,true,,JWITY9-sCbMC,KpeykKsAAAAJ,2025-02-15,orbitalscaleenvironmentalandclimaticchangesrecordedinanew200000yearlongmultiproxysedimentaryrecordfrompadulsoutherniberianpeninsula
placingthecommonerainaholocenecontextmil-2018,Placing the Common Era in a Holocene context: millennial to centennial patterns and trends in the hydroclimate of North America over the past 2000 years,"BN Shuman, C Routson, N McKay, S Fritz, D Kaufman, ME Kirby, C Nolan, GT Pederson, J-M St-Jacques",Climate of the Past,"14 (5), 665-686",2018,43,D Kaufman; N McKay; C Routson,,,true,true,,hQUaER0FWQ4C,KpeykKsAAAAJ,2025-02-15,placingthecommonerainaholocenecontextmillennialtocentennialpatternsandtrendsinthehydroclimateofnorthamericaoverthepast2000years
postsocialistcroplandchangesandabandonme-2018,Post‐socialist cropland changes and abandonment in Mongolia,"TT Sankey, R Massey, K Yadav, RG Congalton, JC Tilton",Land Degradation & Development,"29 (9), 2808-2821",2018,18,T Sankey,Richard Massey,,false,true,,YFjsv_pBGBYC,3zszVGYAAAAJ,2025-02-15,postsocialistcroplandchangesandabandonmentinmongolia
prescribedfireandnaturalrecoveryproduces-2018,"Prescribed fire and natural recovery produce similar long-term patterns of change in forest structure in the Lake Tahoe basin, California","LJ. Zachmann, DW.H. Shaw, BG. Dickson",Forest Ecology and Management,"409, 276-287",2018,11,B Dickson,,,false,true,,b0M2c_1WBrUC,TZcEU1QAAAAJ,2025-02-15,prescribedfireandnaturalrecoveryproducesimilarlongtermpatternsofchangeinforeststructureinthelaketahoebasincalifornia
producingcompliantpollutersseedcompanies-2018,Producing compliant polluters: seed companies and nitrogen fertilizer application in US corn agriculture,"D Stuart, M Houser",Rural Sociology,"83 (4), 857-881",2018,32,D Stuart,,,true,true,,L8Ckcad2t8MC,cc0d2WUAAAAJ,2025-02-15,producingcompliantpollutersseedcompaniesandnitrogenfertilizerapplicationinuscornagriculture
provenanceandpaleogeographyofthe2517mara-2018,Provenance and paleogeography of the 25–17 Ma Rainbow Gardens Formation: Evidence for tectonic activity at ca. 19 Ma and internal drainage rather than throughgoing paleorivers …,"MA Lamb, LS Beard, M Dragos, AD Hanson, TA Hickson, M Sitton, PJ Umhoefer, KE Karlstrom, N Dunbar, W McIntosh",Geosphere,"14 (4), 1592-1617",2018,12,P Umhoefer,Mark Sitton,,false,true,,kzcrU_BdoSEC,ZLMsh8MAAAAJ,2025-02-15,provenanceandpaleogeographyofthe2517marainbowgardensformationevidencefortectonicactivityatca19maandinternaldrainageratherthanthroughgoingpaleorivers
rapidlateeoceneexhumationofthesivasbasin-2018,Rapid late Eocene exhumation of the Sivas Basin (Central Anatolia) driven by initial Arabia‐Eurasia collision,"MH Darin, PJ Umhoefer, SN Thomson",Tectonics,"37 (10), 3805-3833",2018,58,P Umhoefer,Michael Darin,,false,true,,_Re3VWB3Y0AC,ZLMsh8MAAAAJ,2025-02-15,rapidlateeoceneexhumationofthesivasbasincentralanatoliadrivenbyinitialarabiaeurasiacollision
remotesensingoftamariskbeetlediorhabdaca-2018,"Remote sensing of tamarisk beetle (Diorhabda carinulata) impacts along 412 km of the Colorado River in the Grand Canyon, Arizona, USA","A Bedford, TT Sankey, JB Sankey, L Durning, BE Ralston",Ecological indicators,"89, 365-375",2018,16,T Sankey,,,false,true,,NMxIlDl6LWMC,3zszVGYAAAAJ,2025-02-15,remotesensingoftamariskbeetlediorhabdacarinulataimpactsalong412kmofthecoloradoriverinthegrandcanyonarizonausa
responseoftheasiansummermonsoonstoideali-2018,Response of the Asian summer monsoons to idealized precession and obliquity forcing in a set of GCMs,"JHC Bosmans, MP Erb, AM Dolan, SS Drijfhout, E Tuenter, FJ Hilgen, D Edge, JO Pope, LJ Lourens",Quaternary Science Reviews,"188, 121-135",2018,82,M Erb,,,false,true,,2v_ZtQDX9iAC,6w5ZNo4AAAAJ,2025-02-15,responseoftheasiansummermonsoonstoidealizedprecessionandobliquityforcinginasetofgcms
seekingtheshoreevidenceforactivesubmarin-2018,Seeking the shore: Evidence for active submarine canyon head incision due to coarse sediment supply and focusing of wave energy,"ME Smith, SH Werner, D Buscombe, NJ Finnegan, EJ Sumner, ER Mueller",Geophysical Research Letters,"45 (22), 12,403-12,413",2018,31,M Smith,Samuel Werner,,true,true,,yRRszJvrVdAC,CBG7OuAAAAAJ,2025-02-15,seekingtheshoreevidenceforactivesubmarinecanyonheadincisionduetocoarsesedimentsupplyandfocusingofwaveenergy
socialconditionstobetterrealizetheenviro-2018,Social conditions to better realize the environmental gains of alternative energy: Degrowth and collective ownership,"R Gunderson, D Stuart, B Petersen, S-J Yun",Futures,"99, 36-44",2018,64,D Stuart,,,true,true,,IWHjjKOFINEC,cc0d2WUAAAAJ,2025-02-15,socialconditionstobetterrealizetheenvironmentalgainsofalternativeenergydegrowthandcollectiveownership
sourcesofuncertaintyinmodeledlandcarbons-2018,Sources of uncertainty in modeled land carbon storage within and across three MIPs: Diagnosis with three new techniques,"S Zhou, J Liang, X Lu, Q Li, L Jiang, Y Zhang, CR Schwalm, JB Fisher, J Tjiputra, S Sitch, A Ahlström, DN Huntzinger, Y Huang, G Wang, Y Luo",Journal of Climate,"31 (7), 2833-2851",2018,32,D Huntzinger,,,false,true,,dshw04ExmUIC,e4XX478AAAAJ,2025-02-15,sourcesofuncertaintyinmodeledlandcarbonstoragewithinandacrossthreemipsdiagnosiswiththreenewtechniques
strategiesforenhancinguniversityextensio-2018,Strategies for enhancing University Extension's role as an agricultural information source,"M Houser, RCH Denny, A Reimer, ST Marquart-Pyatt",The Journal of Extension,"56 (6), 19",2018,9,D Stuart,,,true,true,,mB3voiENLucC,cc0d2WUAAAAJ,2025-02-15,strategiesforenhancinguniversityextensionsroleasanagriculturalinformationsource
swavereceiverfunctionanalysisofthepampea-2018,S‐Wave Receiver Function Analysis of the Pampean Flat‐Slab Region: Evidence for a Torn Slab,"A Haddon, R Porter","Geochemistry, Geophysics, Geosystems","19 (10), 4021-4034",2018,16,R Porter,Allison Haddon,,true,true,,qE4H1tSSYIIC,VrFY4scAAAAJ,2025-02-15,swavereceiverfunctionanalysisofthepampeanflatslabregionevidenceforatornslab
thedistributionflowandqualityofgrandcany-2018,"The distribution, flow, and quality of Grand Canyon Springs, Arizona (USA).","BW Tobin, AE Springer, DK Kreamer, E Schenk",Hydrogeology Journal,26 (3),2018,49,A Springer,,,true,true,,dfsIfKJdRG4C,X53gmAQAAAAJ,2025-02-15,thedistributionflowandqualityofgrandcanyonspringsarizonausa
theimpactoffederalandstateconservationpr-2018,The impact of federal and state conservation programs on farmer nitrogen management,"AP Reimer, RCH Denny, D Stuart",Environmental management,"62, 694-708",2018,39,D Stuart,,,true,true,,qUcmZB5y_30C,cc0d2WUAAAAJ,2025-02-15,theimpactoffederalandstateconservationprogramsonfarmernitrogenmanagement
theimpactofslabrollbackonearthssurfaceup-2018,The impact of slab rollback on Earth's surface: Uplift and extension in the hinterland of the North American Cordillera,"EJ Cassel, ME Smith, BR Jicha",Geophysical Research Letters,"45 (20), 10,996-11,004",2018,90,M Smith,,,true,true,,-Z8x4v2cOtkC,CBG7OuAAAAAJ,2025-02-15,theimpactofslabrollbackonearthssurfaceupliftandextensioninthehinterlandofthenorthamericancordillera
theonsetandrateofholoceneneoglacialcooli-2018,The onset and rate of Holocene Neoglacial cooling in the Arctic,"NP McKay, DS Kaufman, CC Routson, MP Erb, PD Zander",Geophysical Research Letters,"45 (22), 12,487-12,496",2018,90,M Erb; D Kaufman; N McKay; C Routson,Paul Zander,,true,true,,ghEM2AJqZyQC,6w5ZNo4AAAAJ,2025-02-15,theonsetandrateofholoceneneoglacialcoolinginthearctic
tracingtheeffectsofeutrophicationonmollu-2018,Tracing the effects of eutrophication on molluscan communities in sediment cores: outbreaks of an opportunistic species coincide with reduced bioturbation and high frequency of …,"A Tomašových, I Gallmetzer, A Haselmair, DS Kaufman, M Kralj, D Cassin, R Zonta, M Zuschin",Paleobiology,"44 (4), 575-602",2018,56,D Kaufman,,,false,true,,c59VksA5Vz4C,KpeykKsAAAAJ,2025-02-15,tracingtheeffectsofeutrophicationonmolluscancommunitiesinsedimentcoresoutbreaksofanopportunisticspeciescoincidewithreducedbioturbationandhighfrequencyof
uavhyperspectralandlidardataandtheirfusi-2018,UAV hyperspectral and lidar data and their fusion for arid and semi‐arid land vegetation monitoring,"TT Sankey, J McVay, TL Swetnam, MP McClaran, P Heilman, M Nichols",Remote Sensing in Ecology and Conservation,"4 (1), 20-33",2018,225,T Sankey,,,false,true,,_Qo2XoVZTnwC,3zszVGYAAAAJ,2025-02-15,uavhyperspectralandlidardataandtheirfusionforaridandsemiaridlandvegetationmonitoring
usingcorrelatedtephrastorefineradiocarbo-2018,"Using correlated tephras to refine radiocarbon-based age models, upper and lower Whitshed Lakes, south-central Alaska","PD Zander, DS Kaufman, NP McKay, SC Kuehn, ACG Henderson",Quaternary Geochronology,"45, 9-22",2018,7,D Kaufman; N McKay,Paul Zander,,true,true,,-uzm3Y7AvW0C,KpeykKsAAAAJ,2025-02-15,usingcorrelatedtephrastorefineradiocarbonbasedagemodelsupperandlowerwhitshedlakessouthcentralalaska
usingmatchingmethodstoestimateimpactsofw-2018,Using matching methods to estimate impacts of wildfire and postwildfire flooding on house prices,"JM Mueller, RE Lima, AE Springer, E Schiefer",Water Resources Research,"54 (9), 6189-6201",2018,35,J Mueller; A Springer,Ryan Lima,,false,true,,4DMP91E08xMC,brG-UpsAAAAJ,2025-02-15,usingmatchingmethodstoestimateimpactsofwildfireandpostwildfirefloodingonhouseprices
varveformationduringthepastthreecenturie-2018,Varve formation during the past three centuries in three large proglacial lakes in south-central Alaska,"E Boes, MV Daele, J Moernaut, S Schmidt, BJL Jensen, N Praet, D Kaufman, P Haeussler, MG Loso, MD Batist",GSA Bulletin,"130 (5-6), 757-774",2018,38,D Kaufman,,,false,true,,SAZ1SQo2q1kC,KpeykKsAAAAJ,2025-02-15,varveformationduringthepastthreecenturiesinthreelargeproglaciallakesinsouthcentralalaska
willingnesstopayforforestrestorationasaf-2018,Willingness to pay for forest restoration as a function of proximity and viewshed,"JM Mueller, AE Springer, RE Lima",Landscape and Urban Planning,"175, 23-33",2018,25,J Mueller; A Springer,Ryan Lima,,false,true,,aqlVkmm33-oC,brG-UpsAAAAJ,2025-02-15,willingnesstopayforforestrestorationasafunctionofproximityandviewshed
aglobalmultiproxydatabasefortemperaturer-2017,A global multiproxy database for temperature reconstructions of the Common Era,PAGES2k Consortium,Scientific data,4,2017,395,D Kaufman,,,false,true,,k_7cPK9k7w8C,KpeykKsAAAAJ,2025-02-15,aglobalmultiproxydatabasefortemperaturereconstructionsofthecommonera
alandscapelevelassessmentofconservationv-2017,A landscape-level assessment of conservation values and potential threats in the Bears Ears National Monument,"BG Dickson, M McClure, CM Albano",Conservation Science Partners,,2017,1,B Dickson,,,false,true,,ZHo1McVdvXMC,TZcEU1QAAAAJ,2025-02-15,alandscapelevelassessmentofconservationvaluesandpotentialthreatsinthebearsearsnationalmonument
aldernitrogenandlakeecologyterrestrialaq-2017,"Alder, nitrogen, and lake ecology: terrestrial-aquatic linkages in the postglacial history of Lone Spruce Pond, southwestern Alaska","BB Perren, Y Axford, DS Kaufman",PloS one,"12 (1), e0169106",2017,19,D Kaufman,,,false,true,,EPG8bYD4jVwC,KpeykKsAAAAJ,2025-02-15,aldernitrogenandlakeecologyterrestrialaquaticlinkagesinthepostglacialhistoryoflonesprucepondsouthwesternalaska
aneweraofbiginfrastructureredevelopingwa-2017,A New Era of Big Infrastructure?(Re) developing Water Storage in the US West in the Context of Climate Change and Environmental Regulation.,"Perry, D.M. and Praskievicz, S.J.",Water Alternatives,10 (2),2017,66,D Perry,,,false,true,,UeHWp8X0CEIC,eQIGxvsAAAAJ,2025-02-15,aneweraofbiginfrastructureredevelopingwaterstorageintheuswestinthecontextofclimatechangeandenvironmentalregulation
aspatiotemporalanalysisofforestlossrelat-2017,A spatio-temporal analysis of forest loss related to cocaine trafficking in Central America,"SE Sesnie, B Tellman, D Wrathall, K McSweeney, E Nielsen, K Benessaiah, O Wang, L Rey",Environmental Research Letters,"12 (5), 054015",2017,117,E Nielsen,,,false,true,,KlAtU1dfN6UC,vAflpUkAAAAJ,2025-02-15,aspatiotemporalanalysisofforestlossrelatedtococainetraffickingincentralamerica
athreesidedorogenanewtectonicmodelforanc-2017,A three-sided orogen: A new tectonic model for Ancestral Rocky Mountain uplift and basin development,"RJ Leary, P Umhoefer, ME Smith, N Riggs",Geology,"45 (8), 735-738",2017,118,M Smith; P Umhoefer,,,true,true,,LiF7i2gyBHwC,CBG7OuAAAAAJ,2025-02-15,athreesidedorogenanewtectonicmodelforancestralrockymountainupliftandbasindevelopment
canenvironmentalattributesinfluenceprote-2017,Can environmental attributes influence protected area designation? A case study valuing preferences for springs in Grand Canyon National Park,"JM Mueller, RE Lima, AE Springer",Land Use Policy,"63, 196-205",2017,55,J Mueller; A Springer,Ryan Lima,,false,true,,3fE2CSJIrl8C,brG-UpsAAAAJ,2025-02-15,canenvironmentalattributesinfluenceprotectedareadesignationacasestudyvaluingpreferencesforspringsingrandcanyonnationalpark
climatedynamicswiththelastmillenniumrean-2017,Climate dynamics with the last millennium reanalysis,"J Emile-Geay, MP Erb, GJ Hakim, EJ Steig, DC Noone",PAGES Mag,"25, 162",2017,4,M Erb,,,false,true,,eAlLMO4JVmQC,6w5ZNo4AAAAJ,2025-02-15,climatedynamicswiththelastmillenniumreanalysis
climatesciencespecialreportfourthnationa-2017,"Climate science special report: Fourth national climate assessment (NCA4), Volume I","DJ Wuebbles, DW Fahey, KA Hibbard, JR Arnold, B DeAngelo, S Doherty, DR Easterling, J Edmonds, T Edmonds, T Hall, K Hayhoe, FM Huffman, R Horton, D Huntzinger, L Jewett, T Knutson, RE Kopp, JP Kossin, KE Kunkel, AN LeGrande, LR Leung, W Maslowski, C Mears, J Perlwitz, A Romanou, BM Sanderson, WV Sweet, PC Taoylor, RJ Trapp, RS Vose, DE Waliser, MF Wehner, TO West, R Alley, CT Armstrong, J Bruno, S Busch, S Champion, I Durre, D Gledhill, J Goldstein, B Huang, H Krishnan, L Levin, F Muller-Karger, A Rhoades, L Stevens, L Sun, E Takle, P Ullrich, E Wahl, J Walsh",USGCRP,,2017,759,D Huntzinger,,,false,true,,BrmTIyaxlBUC,e4XX478AAAAJ,2025-02-15,climatesciencespecialreportfourthnationalclimateassessmentnca4volumei
climatewildfireanderosionensembleforetel-2017,"Climate, wildfire, and erosion ensemble foretells more sediment in western USA watersheds","JB Sankey, J Kreitler, TJ Hawbaker, JL McVay, ME Miller, ER Mueller, NM Vaillant, SE Lowe, TT Sankey",Geophysical Research Letters,"44 (17), 8884-8892",2017,154,T Sankey,,,false,true,,maZDTaKrznsC,3zszVGYAAAAJ,2025-02-15,climatewildfireanderosionensembleforetellsmoresedimentinwesternusawatersheds
convertingaivaluesionexchangetodlvaluesr-2017,Converting A/I values (ion exchange) to D/L values (reverse phase) for amino acid geochronology,"KE Whitacre, DS Kaufman, MA Kosnik, PJ Hearty",Quaternary Geochronology,"37, 1-6",2017,14,D Kaufman,,,false,true,,VN7nJs4JPk0C,KpeykKsAAAAJ,2025-02-15,convertingaivaluesionexchangetodlvaluesreversephaseforaminoacidgeochronology
correctioncorrigendumearlyonsetofindustr-2017,Correction: Corrigendum: Early onset of industrial-era warming across the oceans and continents,"NJ Abram, HV McGregor, JE Tierney, MN Evans, NP McKay, DS Kaufman, PAGES2 Consortium",Nature,"545 (7653), 252-252",2017,3,D Kaufman; N McKay,,,true,true,,QsaTk4IG4EwC,KpeykKsAAAAJ,2025-02-15,correctioncorrigendumearlyonsetofindustrialerawarmingacrosstheoceansandcontinents
datareportingstandardsforpublicationofus-2017,Data reporting standards for publication of U-series data for geochronology and timescale assessment in the earth sciences,"A Dutton, K Rubin, N McLean, J Bowring, E Bard, RL Edwards, GM Henderson, MR Reid, DA Richards, KWW Sims, JD Walker, Y Yokoyama",Quaternary Geochronology,"39, 142-149",2017,51,M Reid,,,false,true,,l7t_Zn2s7bgC,pg-HuIIAAAAJ,2025-02-15,datareportingstandardsforpublicationofuseriesdataforgeochronologyandtimescaleassessmentintheearthsciences
descriptionoftheapproachdataandanalytica-2017,"Description of the approach, data, and analytical methods used to evaluate river systems in the western US","D Harrison-Atlas, DM Theobald, BG Dickson, V Landau, I Leinwand",Conservation Science Partners,,2017,2,B Dickson,,,false,true,,xtRiw3GOFMkC,TZcEU1QAAAAJ,2025-02-15,descriptionoftheapproachdataandanalyticalmethodsusedtoevaluateriversystemsinthewesternus
discriminatingpatternsanddriversofmultis-2017,Discriminating patterns and drivers of multi-scale movement in herpetofauna: the dynamic and changing environment of the Mojave desert tortoise.,"G Sadoti, ME. Gray, ML. Farnsworth, BG. Dickson.",Ecology and Evolution,"7, 7010-7022",2017,21,B Dickson,Miranda Gray,,false,true,,yD5IFk8b50cC,TZcEU1QAAAAJ,2025-02-15,discriminatingpatternsanddriversofmultiscalemovementinherpetofaunathedynamicandchangingenvironmentofthemojavedeserttortoise
durableterrestrialbedrockpredictssubmari-2017,Durable terrestrial bedrock predicts submarine canyon formation,"ME Smith, NJ Finnegan, ER Mueller, RJ Best",Geophysical Research Letters,"44 (20), 10,332-10,340",2017,13,R Best; M Smith,,,true,true,,2P1L_qKh6hAC,MS9xVqIAAAAJ,2025-02-15,durableterrestrialbedrockpredictssubmarinecanyonformation
ecosystemservicevaluationthroughwildfire-2017,"Ecosystem service valuation through wildfire risk mitigation: Design, governance, and outcomes of the Flagstaff Watershed Protection Project (FWPP)","R Miller, E Nielsen, C-H Huang",Forests,"8 (5), 142",2017,28,E Nielsen,Roy Miller,,false,true,,8k81kl-MbHgC,vAflpUkAAAAJ,2025-02-15,ecosystemservicevaluationthroughwildfireriskmitigationdesigngovernanceandoutcomesoftheflagstaffwatershedprotectionprojectfwpp
effectsofpointcountdurationonestimatedde-2017,Effects of point‐count duration on estimated detection probabilities and occupancy of breeding birds,"M Leu, ML Farnsworth, E Fleishman, DS Dobkin, RD Scherer, BR Noon, BG Dickson",Journal of Field Ornithology,"88 (1), 80-93",2017,20,B Dickson,,,false,true,,HoB7MX3m0LUC,TZcEU1QAAAAJ,2025-02-15,effectsofpointcountdurationonestimateddetectionprobabilitiesandoccupancyofbreedingbirds
environmentalflowsinthedesertriversofthe-2017,Environmental flows in the desert rivers of the United States and Mexico: Synthesis of available data and gap analysis,"KEM Lacroix, E Tapia, A Springer",Journal of Arid Environments,"140, 67-78",2017,18,A Springer,,,true,true,,ZHo1McVdvXMC,X53gmAQAAAAJ,2025-02-15,environmentalflowsinthedesertriversoftheunitedstatesandmexicosynthesisofavailabledataandgapanalysis
evolutioninacommunitycontextonintegratin-2017,Evolution in a community context: on integrating ecological interactions and macroevolution,"M.G. Weber, C.E. Wagner, R.J. Best, L.J. Harmon, B. Matthews",Trends in Ecology and Evolution,,2017,173,R Best,,,true,true,,_FxGoFyzp5QC,MS9xVqIAAAAJ,2025-02-15,evolutioninacommunitycontextonintegratingecologicalinteractionsandmacroevolution
fitfulandprotractedmagmaassemblyleadingt-2017,"Fitful and protracted magma assembly leading to a giant eruption, Youngest Toba Tuff, Indonesia","MR Reid, JA Vazquez","Geochemistry, Geophysics, Geosystems","18 (1), 156-177",2017,64,M Reid,Jorge Vazquez,,false,true,,70eg2SAEIzsC,pg-HuIIAAAAJ,2025-02-15,fitfulandprotractedmagmaassemblyleadingtoagianteruptionyoungesttobatuffindonesia
geochemicalconstraintsonthetemperaturean-2017,"Geochemical constraints on the temperature and timing of carbonate formation and lithification in the Nankai Trough, NanTroSEIZE transect","JC Sample, ME Torres, A Fisher, W-L Hong, C Destrigneville, WF Defliese, AE Tripati",Geochimica et Cosmochimica Acta,"198, 92-114",2017,51,J Sample,Andrew Fisher,,false,true,,GnPB-g6toBAC,JL2daQcAAAAJ,2025-02-15,geochemicalconstraintsonthetemperatureandtimingofcarbonateformationandlithificationinthenankaitroughnantroseizetransect
globallandcarbonsinkresponsetotemperatur-2017,Global land carbon sink response to temperature and precipitation varies with ENSO phase,"Y Fang, AM Michalak, CR Schwalm, DN Huntzinger, JA Berry, P Ciais, S Piao, B Poulter, JB Fisher, RB Cook, D Hayes, M Huang, A Ito, A Jain, H Lei, C Lu, J Mao, NC Parazoo, S Peng, DM Ricciuto, X Shi, B Tao, H Tian, W Wang, Y Wei, J Yang",Environmental Research Letters,"12 (6), 064007",2017,54,D Huntzinger,,,false,true,,f2IySw72cVMC,e4XX478AAAAJ,2025-02-15,globallandcarbonsinkresponsetotemperatureandprecipitationvarieswithensophase
globalpatternsofdroughtrecovery-2017,Global patterns of drought recovery,"CR Schwalm, WRL Anderegg, AM Michalak, JB Fisher, F Biondi, G Koch, M Litvak, K Ogle, JD Shaw, A Wolf, DN Huntzinger, K Schaefer, R Cook, Y Wei, Y Fang, D Hayes, M Huang, A Jain, H Tian",Nature,"548 (7666), 202-205",2017,885,D Huntzinger,Ashlee Wolf,,false,true,,rO6llkc54NcC,e4XX478AAAAJ,2025-02-15,globalpatternsofdroughtrecovery
hinterlanddrainageclosureandlakeformatio-2017,"Hinterland drainage closure and lake formation in response to middle Eocene Farallon slab removal, Nevada, U.S.A.","M.E Smith, EJ. Cassel, BR. Jicha, BS. Singer, AS. Canada",Earth and Planetary Science Letters,"479, 156-169",2017,43,M Smith,,,true,true,,54SpJiyHbzwC,CBG7OuAAAAAJ,2025-02-15,hinterlanddrainageclosureandlakeformationinresponsetomiddleeocenefarallonslabremovalnevadausa
holocenebiogeographyoftsugamertensianaan-2017,"Holocene biogeography of Tsuga mertensiana and other conifers in the Kenai Mountains and Prince William Sound, south-central Alaska","RS Anderson, DS Kaufman, E Berg, C Schiff, T Daigle",The Holocene,"27 (4), 485-495",2017,5,R Anderson; D Kaufman,Caleb Schiff; Thomas Daigle,,false,true,,kWvqk_afx_IC,KpeykKsAAAAJ,2025-02-15,holocenebiogeographyoftsugamertensianaandotherconifersinthekenaimountainsandprincewilliamsoundsouthcentralalaska
importanceofcitizenscienceforscienceindi-2017,"Importance of citizen science for science, individuals, communities, and the planet",KE Grimm,Ecology,"98 (12), 3229-3230",2017,2,K Grimm,,,false,true,,zYLM7Y9cAGgC,B0yY-3YAAAAJ,2025-02-15,importanceofcitizenscienceforscienceindividualscommunitiesandtheplanet
informingstrategiceffortstoexpandandconn-2017,"Informing strategic efforts to expand and connect protected areas using a model of ecological flow, with application to the western United States.","B.G. Dickson, C.M. Albano, B.H. McRae, J.J. Anderson, D.M. Theobald, L.J. Zachmann, T.D. Sisk, aM.P. Dombeck",Conservation Letters,"10 (5), 564–571",2017,94,B Dickson; T Sisk,,,false,true,,M05iB0D1s5AC,TZcEU1QAAAAJ,2025-02-15,informingstrategiceffortstoexpandandconnectprotectedareasusingamodelofecologicalflowwithapplicationtothewesternunitedstates
isseeingbelievingapplyingarealistframewo-2017,Is seeing believing? Applying a realist framework to examine agriculture and climate change,"M Houser, D Stuart, M Carolan",Environmental Sociology,"3 (4), 321-336",2017,21,D Stuart,,,true,true,,aqlVkmm33-oC,cc0d2WUAAAAJ,2025-02-15,isseeingbelievingapplyingarealistframeworktoexamineagricultureandclimatechange
localvsregionalgroundwaterflowdelineatio-2017,Local vs. Regional Groundwater Flow Delineation from Stable Isotopes at Western North America Springs,"AE Springer, EM Boldt, KM Junghans",Groundwater,"55 (1), 100-109",2017,44,A Springer,Katie Junghans; Elizabeth Boldt,,true,true,,M05iB0D1s5AC,X53gmAQAAAAJ,2025-02-15,localvsregionalgroundwaterflowdelineationfromstableisotopesatwesternnorthamericasprings
longtermresearchinenvironmentalbiologyde-2017,Long Term Research in Environmental Biology: Demographic census data for thirty natural populations of American Ginseng: 1998-2016,"J McGraw, MVD Voort, MA Furedi, A Lubbers, E Mooney, S Souther, J Turner-Skoff, J Chandler, E Thyroff",Environmental Data Initiative,,2017,3,S Souther,,,true,true,,KlAtU1dfN6UC,zzM06IcAAAAJ,2025-02-15,longtermresearchinenvironmentalbiologydemographiccensusdataforthirtynaturalpopulationsofamericanginseng19982016
millennialtocentennialpatternsandtrendsi-2017,Millennial-to-centennial patterns and trends in the hydroclimate of North America over the past 2000 years,"BN Shuman, C Routson, N McKay, S Fritz, D Kaufman, ME Kirby, C Nolan, GT Pederson, J-M St-Jacques",Climate of the Past Discussions,"14 (5), 1-33",2017,6,D Kaufman; N McKay; C Routson,,,true,true,,hvmnpdAuIbkC,KpeykKsAAAAJ,2025-02-15,millennialtocentennialpatternsandtrendsinthehydroclimateofnorthamericaoverthepast2000years
modelingconnectivitytoidentifycurrentand-2017,Modeling connectivity to identify current and future anthropogenic barriers to movement of large carnivores: A case study in the American Southwest,"ML McClure, BG Dickson, KL Nicholson",Ecology and Evolution,"7 (11), 3762-3772",2017,59,B Dickson,,,false,true,,SeFeTyx0c_EC,TZcEU1QAAAAJ,2025-02-15,modelingconnectivitytoidentifycurrentandfutureanthropogenicbarrierstomovementoflargecarnivoresacasestudyintheamericansouthwest
modisphenologyderivedmultiyeardistributi-2017,"MODIS phenology-derived, multi-year distribution of conterminous US crop types","R Massey, TT Sankey, RG Congalton, K Yadav, PS Thenkabail, M Ozdogan, AJSán Meador",Remote Sensing of Environment,"198, 490-503",2017,175,T Sankey,Richard Massey,,false,true,,k_IJM867U9cC,3zszVGYAAAAJ,2025-02-15,modisphenologyderivedmultiyeardistributionofconterminoususcroptypes
movingtowardsustainablefarmingsystemsins-2017,Moving toward sustainable farming systems: Insights from private and public sector dialogues on nitrogen management,"A Reimer, JE Doll, B Basso, ST Marquart-Pyatt, GP Robertson, D Stuart, J Zhao",Journal of Soil and Water Conservation,"72 (1), 5A-9A",2017,21,D Stuart,,,true,true,,4TOpqqG69KYC,cc0d2WUAAAAJ,2025-02-15,movingtowardsustainablefarmingsystemsinsightsfromprivateandpublicsectordialoguesonnitrogenmanagement
nasamakingearthsystemdatarecordsforusein-2017,"NASA Making Earth System Data Records for Use in Research Environments (MEaSUREs) Global Food Security-support Analysis Data (GFSAD) Cropland Extent 2015 Australia, New Zealand …","C.SP. Teluguntla, P. Thenkabail, J. Xiong, M. Gumma, R. Congalton, A. Oliphant, T. Sankey, J. Poehnelt, K. Yadav, R. Massey, A. Phalke",NASA EOSDIS Land Processes DAAC,/10.5067/MEaSUREs/GFSAD/GFSAD30AUNZCNMOCE.001,2017,53,T Sankey,Richard Massey,,false,true,,zA6iFVUQeVQC,3zszVGYAAAAJ,2025-02-15,nasamakingearthsystemdatarecordsforuseinresearchenvironmentsmeasuresglobalfoodsecuritysupportanalysisdatagfsadcroplandextent2015australianewzealand
oilsandsandthemarineenvironmentcurrentkn-2017,Oil sands and the marine environment: current knowledge and future challenges,"SJ Green, K Demes, M Arbeider, WJ Palen, AK Salomon, TD Sisk, M Webster, ME Ryan",Frontiers in Ecology and the Environment,"15 (2), 74-83",2017,23,T Sisk,,,false,true,,4DpXlaHga4wC,2ZA_zeIAAAAJ,2025-02-15,oilsandsandthemarineenvironmentcurrentknowledgeandfuturechallenges
ophiolitegabbrofromsourcetosinkarecordof-2017,Ophiolite gabbro from source to sink: A record of tectonic and surface processes in Central Anatolia,"M Radwany, DL Whitney, G Brocard, PJ Umhoefer, C Teyssier",Geosphere,"13 (5), 1329-1358",2017,12,P Umhoefer,,,false,true,,Y5dfb0dijaUC,ZLMsh8MAAAAJ,2025-02-15,ophiolitegabbrofromsourcetosinkarecordoftectonicandsurfaceprocessesincentralanatolia
paleozoicreactivationstructuresintheappa-2017,Paleozoic reactivation structures in the Appalachian-Ouachita-Marathon foreland: Far-field deformation across Pangea,"JP Craddock, DH Malone, R Porter, J Compton, J Luczaj, A Konstantinou, JE Day, ST Johnston",Earth-Science Reviews,"181, 153-157",2017,55,R Porter,,,true,true,,wE-fMHVdjMkC,VrFY4scAAAAJ,2025-02-15,paleozoicreactivationstructuresintheappalachianouachitamarathonforelandfarfielddeformationacrosspangea
quaternarymarineterracechronologynorthca-2017,"Quaternary marine terrace chronology, North Canterbury, New Zealand, using amino acid racemization and infrared-stimulated luminescence","DOS Oakley, DS Kaufman, TW Gardner, DM Fisher, RA VanderLeest",Quaternary Research,"87 (1), 151-167",2017,14,D Kaufman,,,false,true,,SnGPuo6Feq8C,KpeykKsAAAAJ,2025-02-15,quaternarymarineterracechronologynorthcanterburynewzealandusingaminoacidracemizationandinfraredstimulatedluminescence
radiocarboncalibratedaminoacidracemizati-2017,Radiocarbon-calibrated amino acid racemization ages from Holocene sand dollars (Peronella peronii),"MA Kosnik, Q Hua, DS Kaufman, Mł Kowalewski, K Whitacre",Quaternary Geochronology,"39, 174-188",2017,13,D Kaufman,,,false,true,,BrOSOlqYqPUC,KpeykKsAAAAJ,2025-02-15,radiocarboncalibratedaminoacidracemizationagesfromholocenesanddollarsperonellaperonii
reducednorthamericanterrestrialprimarypr-2017,Reduced North American terrestrial primary productivity linked to anomalous Arctic warming,"J-S Kim, J-S Kug, S-J Jeong, DN Huntzinger, AM Michalak, CR Schwalm, Y Wei, K Schaefer",Nature Geoscience,"10 (8), 572-576",2017,70,D Huntzinger,,,false,true,,EUQCXRtRnyEC,e4XX478AAAAJ,2025-02-15,reducednorthamericanterrestrialprimaryproductivitylinkedtoanomalousarcticwarming
reframingthewildandscenicriversact-2017,Reframing the Wild and Scenic Rivers Act,"Perry, D.",International Journal of Wilderness,23 (2),2017,26,D Perry,,,false,true,,YsMSGLbcyi4C,eQIGxvsAAAAJ,2025-02-15,reframingthewildandscenicriversact
relationsbetweenenvironmentalattributesa-2017,Relations between environmental attributes and contemporary occupancy of threatened giant gartersnakes (Thamnophis gigas),"E Hansen, RD Scherer, E Fleishman, BG Dickson, D Krolick",Journal of Herpetology,"51 (2), 274-283",2017,10,B Dickson,,,false,true,,3s1wT3WcHBgC,TZcEU1QAAAAJ,2025-02-15,relationsbetweenenvironmentalattributesandcontemporaryoccupancyofthreatenedgiantgartersnakesthamnophisgigas
responseofwateruseefficiencytoglobalenvi-2017,Response of water use efficiency to global environmental change based on output from terrestrial biosphere models,"S Zhou, B Yu, CR Schwalm, P Ciais, Y Zhang, JB Fisher, AM Michalak, W Wang, B Poulter, DN Huntzinger, S Niu, J Mao, A Jain, DM Ricciuto, X Shi, A Ito, Y Wei, Y Huang, G Wang",Global Biogeochemical Cycles,"31 (11), 1639-1655",2017,88,D Huntzinger,,,false,true,,xtRiw3GOFMkC,e4XX478AAAAJ,2025-02-15,responseofwateruseefficiencytoglobalenvironmentalchangebasedonoutputfromterrestrialbiospheremodels
sensitivityofevapotranspirationmodelstoo-2017,Sensitivity of Evapotranspiration Models to Onsite and Offsite Meteorological Data for a Ponderosa Pine Forest,"W Ha, AE Springer, FC O'Donnell, TE Kolb",Current Perspective to Predict Actual Evapotranspiration,47-63,2017,4,A Springer,,,true,true,,4OULZ7Gr8RgC,X53gmAQAAAAJ,2025-02-15,sensitivityofevapotranspirationmodelstoonsiteandoffsitemeteorologicaldataforaponderosapineforest
shallowmeltingofmorblikemantleunderhotco-2017,"Shallow melting of MORB‐like mantle under hot continental lithosphere, C entral A natolia","MR Reid, WK Schleiffarth, MA Cosca, JR Delph, J Blichert‐Toft, KM Cooper","Geochemistry, Geophysics, Geosystems","18 (5), 1866-1888",2017,98,M Reid,William Schleiffarth,,false,true,,08ZZubdj9fEC,pg-HuIIAAAAJ,2025-02-15,shallowmeltingofmorblikemantleunderhotcontinentallithospherecentralanatolia
singlespeciesandmultiplespeciesconnectiv-2017,Single-species and multiple-species connectivity models for large mammals on the Navajo nation,"E Fleishman, J Anderson, BG Dickson",Western North American Naturalist,"77 (2), 237-251",2017,13,B Dickson,,,false,true,,D03iK_w7-QYC,TZcEU1QAAAAJ,2025-02-15,singlespeciesandmultiplespeciesconnectivitymodelsforlargemammalsonthenavajonation
spatialvariationinthetemporalresolutiono-2017,Spatial variation in the temporal resolution of subtropical shallow-water molluscan death assemblages,"MDN Ritter, F Erthal, MA Kosnik, JãoC Coimbra, DS Kaufman",Palaios,"32 (9), 572-583",2017,46,D Kaufman,,,false,true,,isU91gLudPYC,KpeykKsAAAAJ,2025-02-15,spatialvariationinthetemporalresolutionofsubtropicalshallowwatermolluscandeathassemblages
statisticaldescriptionsofspatialpatterns-2017,Statistical Descriptions of Spatial Patterns.,TT Sankey,Encyclopedia of GIS,2196-2204,2017,19,T Sankey,,,false,true,,9ZlFYXVOiuMC,3zszVGYAAAAJ,2025-02-15,statisticaldescriptionsofspatialpatterns
stoichiometrictraitsofsticklebackeffects-2017,"Stoichiometric traits of stickleback: effects of genetic background, rearing environment, and ontogeny","MC. Leal, RJ. Best, D Durston, RW.E Sabaawi, B Matthews",Ecology and Evolution,,2017,28,R Best,,,true,true,,LkGwnXOMwfcC,MS9xVqIAAAAJ,2025-02-15,stoichiometrictraitsofsticklebackeffectsofgeneticbackgroundrearingenvironmentandontogeny
stratigraphicunmixingrevealsrepeatedhypo-2017,Stratigraphic unmixing reveals repeated hypoxia events over the past 500 yr in the northern Adriatic Sea,"A Tomašových, I Gallmetzer, A Haselmair, DS Kaufman, J Vidović, M Zuschin",Geology,"45 (4), 363-366",2017,46,D Kaufman,,,false,true,,QUX0mv85b1cC,KpeykKsAAAAJ,2025-02-15,stratigraphicunmixingrevealsrepeatedhypoxiaeventsoverthepast500yrinthenorthernadriaticsea
tectonostratigraphicevolutionofthecomond-2017,"Tectono-stratigraphic evolution of the Comondú Group from Bahía de La Paz to Loreto, Baja California Sur, Mexico","WR Drake, PJ Umhoefer, A Griffiths, A Vlad, L Peters, W McIntosh",Tectonophysics,"719, 107-134",2017,38,P Umhoefer,William Drake; Alexis Griffiths; Ann Vlad,,false,true,,YFjsv_pBGBYC,ZLMsh8MAAAAJ,2025-02-15,tectonostratigraphicevolutionofthecomondgroupfrombahadelapaztoloretobajacaliforniasurmexico
theactionofwaterfilmsatscalesintheearthi-2017,The action of water films at Å-scales in the Earth: Implications for the Nankai subduction system,"KM Brown, D Poeppe, M Josh, J Sample, E Even, D Saffer, H Tobin, T Hirose, JT Kulongoski, S Toczko, L Maeda, IODP Expedition, S Party",Earth and Planetary Science Letters,"463, 266-276",2017,16,J Sample,Kathleen Brown,,false,true,,lSLTfruPkqcC,JL2daQcAAAAJ,2025-02-15,theactionofwaterfilmsatscalesintheearthimplicationsforthenankaisubductionsystem
thegreenriversaltmysterywhatwasthesource-2017,The Green River salt mystery: What was the source of the hyperalkaline lake waters?,"TK Lowenstein, EA Jagniecki, AR Carroll, ME Smith, RW Renaut, RB Owen",Earth-Science Reviews,"173, 295-306",2017,76,M Smith,,,true,true,,7xtfDMUJqJkC,CBG7OuAAAAAJ,2025-02-15,thegreenriversaltmysterywhatwasthesourceofthehyperalkalinelakewaters
thelastdeglaciationofalaska-2017,The last deglaciation of Alaska,"JP Briner, JP Tulenko, DS Kaufman, NásE Young, JF Baichtal, A Lesnek",Cuadernos de investigación geográfica: Geographical Research Letters,43 (2 …,2017,34,D Kaufman,,,false,true,,DXE8ND7PrJAC,KpeykKsAAAAJ,2025-02-15,thelastdeglaciationofalaska
theroleoflowercrustalhydrationinthetecto-2017,The role of lower-crustal hydration in the tectonic evolution of the Colorado Plateau,"R Porter, T Hoisch, WE Holt",Tectonophysics,"712, 221-231",2017,28,T Hoisch; R Porter,,,true,true,,ghEM2AJqZyQC,VrFY4scAAAAJ,2025-02-15,theroleoflowercrustalhydrationinthetectonicevolutionofthecoloradoplateau
transgenerationalselectiondrivenbydiverg-2017,Transgenerational selection driven by divergent ecological impacts of hybridizing lineages,"RJ Best, JM Anaya-Rojas, MC Leal, DW Schmid, O Seehausen, B Matthews",Nature Ecology & Evolution,"1 (11), 1757",2017,27,R Best,,,true,true,,70eg2SAEIzsC,MS9xVqIAAAAJ,2025-02-15,transgenerationalselectiondrivenbydivergentecologicalimpactsofhybridizinglineages
uavlidarandhyperspectralfusionforforestm-2017,UAV lidar and hyperspectral fusion for forest monitoring in the southwestern USA,"T Sankey, J Donager, J McVay, JB Sankey",Remote Sensing of Environment,"195, 30-43",2017,516,T Sankey,Jonathon Donager,,false,true,,r0BpntZqJG4C,3zszVGYAAAAJ,2025-02-15,uavlidarandhyperspectralfusionforforestmonitoringinthesouthwesternusa
uncertaintyintheresponseofterrestrialcar-2017,Uncertainty in the response of terrestrial carbon sink to environmental drivers undermines carbon-climate feedback predictions,"DN Huntzinger, AM Michalak, C Schwalm, P Ciais, AW King, Y Fang, K Schaefer, Y Wei, RB Cook, JB Fisher, D Hayes, M Huang, A Ito, AK Jain, H Lei, C Lu, F Maignan, J Mao, N Parazoo, S Peng, B Poulter, D Ricciuto, X Shi, H Tian, W Wang, N Zeng, F Zhao",Scientific reports,"7 (1), 4765",2017,245,D Huntzinger,,,false,true,,_xSYboBqXhAC,e4XX478AAAAJ,2025-02-15,uncertaintyintheresponseofterrestrialcarbonsinktoenvironmentaldriversunderminescarbonclimatefeedbackpredictions
usingcosmogenic10beexposuredatingandlich-2017,"Using Cosmogenic 10Be Exposure Dating and Lichenometry to Constrain Holocene Glaciation in the Central Brooks Range, Alaska","SL Pendleton, JP Briner, DS Kaufman, SR Zimmerman","Arctic, Antarctic, and Alpine Research","49 (1), 115-132",2017,21,D Kaufman,,,false,true,,raTqNPD5sRQC,KpeykKsAAAAJ,2025-02-15,usingcosmogenic10beexposuredatingandlichenometrytoconstrainholoceneglaciationinthecentralbrooksrangealaska
whydonttheyjustchangecontractfarminginfo-2017,"Why don't they just change? Contract farming, informational influence, and barriers to agricultural climate change mitigation","RL Schewe, D Stuart",Rural Sociology,"82 (2), 226-262",2017,45,D Stuart,,,true,true,,_kc_bZDykSQC,cc0d2WUAAAAJ,2025-02-15,whydonttheyjustchangecontractfarminginformationalinfluenceandbarrierstoagriculturalclimatechangemitigation
3hourlytemporaldownscalingofmonthlygloba-2016,3-hourly temporal downscaling of monthly global terrestrial biosphere model net ecosystem exchange,"JB Fisher, M Sikka, DN Huntzinger, C Schwalm, J Liu",Biogeosciences,"13 (14), 4271-4277",2016,16,D Huntzinger,,,false,true,,pqnbT2bcN3wC,e4XX478AAAAJ,2025-02-15,3hourlytemporaldownscalingofmonthlyglobalterrestrialbiospheremodelnetecosystemexchange
anetworkapproachtoassessingsocialcapacit-2016,"A network approach to assessing social capacity for landscape planning: The case of fire-prone forests in Oregon, USA","AP Fischer, K Vance-Borland, L Jasny, KE Grimm, S Charnley",Landscape and Urban Planning,"147, 18-27",2016,71,K Grimm,,,false,true,,IjCSPb-OGe4C,B0yY-3YAAAAJ,2025-02-15,anetworkapproachtoassessingsocialcapacityforlandscapeplanningthecaseoffireproneforestsinoregonusa
animatedtectonicreconstructionofthelower-2016,Animated tectonic reconstruction of the Lower Colorado River region: Implications for Late Miocene to Present deformation,"SEK Bennett, MH Darin, RJ Dorsey, LA Skinner, PJ Umhoefer, ME Oskin, RE Reynolds",Going LOCO: Investigations along the Lower Colorado River: California State …,,2016,36,P Umhoefer,Michael Darin,,false,true,,EUQCXRtRnyEC,ZLMsh8MAAAAJ,2025-02-15,animatedtectonicreconstructionofthelowercoloradoriverregionimplicationsforlatemiocenetopresentdeformation
applyingfireconnectivityandcentralitymea-2016,"Applying fire connectivity and centrality measures to mitigate the cheatgrass-fire cycle in the arid West, USA","ME Gray, BG Dickson",Landscape Ecology,"31 (8), 1681–1696",2016,34,B Dickson,Miranda Gray,,false,true,,O3NaXMp0MMsC,TZcEU1QAAAAJ,2025-02-15,applyingfireconnectivityandcentralitymeasurestomitigatethecheatgrassfirecycleinthearidwestusa
changingtemperaturegradientslinkedtoholo-2016,Changing temperature gradients linked to Holocene moisture trends in the Northern Hemisphere,"C Routson, N McKay, DS Kaufman, T Ault, JR Rodysill","American Geophysical Union, Fall General Assembly",2016,2016,1,D Kaufman; N McKay; C Routson,,,true,true,,hSRAE-fF4OAC,KpeykKsAAAAJ,2025-02-15,changingtemperaturegradientslinkedtoholocenemoisturetrendsinthenorthernhemisphere
co2andfireinfluencetropicalecosystemstab-2016,CO2 and fire influence tropical ecosystem stability in response to climate change,"TM Shanahan, KA Hughen, NP McKay, JT Overpeck, CA Scholz, WD Gosling, CS Miller, JA Peck, JW King, CW Heil",Scientific reports,"6 (1), 29587",2016,48,N McKay,,,true,true,,TlpoogIpr_IC,j8_CgoEAAAAJ,2025-02-15,co2andfireinfluencetropicalecosystemstabilityinresponsetoclimatechange
constrainedchoiceandclimatechangemitigat-2016,Constrained choice and climate change mitigation in US agriculture: Structural barriers to a climate change ethic,"D Stuart, RL Schewe",Journal of Agricultural and Environmental Ethics,"29, 369-385",2016,48,D Stuart,,,true,true,,ULOm3_A8WrAC,cc0d2WUAAAAJ,2025-02-15,constrainedchoiceandclimatechangemitigationinusagriculturestructuralbarrierstoaclimatechangeethic
crossingthegreatdivideinpracticetheoreti-2016,Crossing the ‘great divide’in practice: theoretical approaches for sociology in interdisciplinary environmental research,D Stuart,Environmental Sociology,"2 (2), 118-131",2016,31,D Stuart,,,true,true,,Zph67rFs4hoC,cc0d2WUAAAAJ,2025-02-15,crossingthegreatdivideinpracticetheoreticalapproachesforsociologyininterdisciplinaryenvironmentalresearch
decadalshiftsingrassandwoodyplantcoverar-2016,Decadal shifts in grass and woody plant cover are driven by prolonged drying and modified by topo‐edaphic properties,"SM Munson, TT Sankey, G Xian, ML Villarreal, CG Homer",Ecological Applications,"26 (8), 2480-2494",2016,25,T Sankey,,,false,true,,hC7cP41nSMkC,3zszVGYAAAAJ,2025-02-15,decadalshiftsingrassandwoodyplantcoveraredrivenbyprolongeddryingandmodifiedbytopoedaphicproperties
decadaltrendsintheseasonalcycleamplitude-2016,Decadal trends in the seasonal-cycle amplitude of terrestrial CO2 exchange resulting from the ensemble of terrestrial biosphere models,"A Ito, M Inatomi, DN Huntzinger, C Schwalm, AM Michalak, R Cook, AW King, J Mao, Y Wei, WM Post, W Wang, MA Arain, S Huang, DJ Hayes, DM Ricciuto, X Shi, M Huang, H Lei, H Tian, C Lu, J Yang, B Tao, A Jain, B Poulter, S Peng, P Ciais, JB Fisher, N Parazoo, K Schaefer, C Peng, N Zeng, F Zhao",Tellus B: Chemical and Physical Meteorology,"68 (1), 28968",2016,46,D Huntzinger,,,false,true,,ldfaerwXgEUC,e4XX478AAAAJ,2025-02-15,decadaltrendsintheseasonalcycleamplitudeofterrestrialco2exchangeresultingfromtheensembleofterrestrialbiospheremodels
earlyonsetofindustrialerawarmingacrossth-2016,Early onset of industrial-era warming across the oceans and continents,"NJ Abram, HV McGregor, JE Tierney, MN Evans, NP McKay, DS Kaufman",Nature,"536 (7617), 411-418",2016,451,D Kaufman; N McKay,,,true,true,,1Ye0OR6EYb4C,KpeykKsAAAAJ,2025-02-15,earlyonsetofindustrialerawarmingacrosstheoceansandcontinents
eoceneoligoceneprotocascadestopographyre-2016,"Eocene‐Oligocene proto‐Cascades topography revealed by clumped (Δ47) and oxygen isotope (δ18O) geochemistry (Chumstick Basin, WA, USA)","K Methner, J Fiebig, U Wacker, P Umhoefer, CP Chamberlain, A Mulch",Tectonics,"35 (3), 546-564",2016,21,P Umhoefer,,,false,true,,M3ejUd6NZC8C,ZLMsh8MAAAAJ,2025-02-15,eoceneoligoceneprotocascadestopographyrevealedbyclumped47andoxygenisotope18ogeochemistrychumstickbasinwausa
factoryfarmingimpactsandpotentialsolutio-2016,Factory farming: impacts and potential solutions,"R Gunderson, D Stuart, B Petersen",Agenda for social justice: solutions for,2016,2016,4,D Stuart,,,true,true,,zLWjf1WUPmwC,cc0d2WUAAAAJ,2025-02-15,factoryfarmingimpactsandpotentialsolutions
fourbandimagemosaicofthecoloradorivercor-2016,"Four-band image mosaic of the Colorado River corridor downstream of Glen Canyon Dam in Arizona, derived from the May 2013 airborne image acquisition","LE Durning, JB Sankey, PA Davis, TT Sankey",Data Series,,2016,12,T Sankey,,,false,true,,mB3voiENLucC,3zszVGYAAAAJ,2025-02-15,fourbandimagemosaicofthecoloradorivercorridordownstreamofglencanyondaminarizonaderivedfromthemay2013airborneimageacquisition
getrealclimatechangeandallthatitentails-2016,Get real: climate change and all that ‘it’entails,"M Carolan, D Stuart",Sociologia ruralis,"56 (1), 74-95",2016,42,D Stuart,,,true,true,,MXK_kJrjxJIC,cc0d2WUAAAAJ,2025-02-15,getrealclimatechangeandallthatitentails
glacierfluctuationsduringthepast2000year-2016,Glacier fluctuations during the past 2000 years,"ON Solomina, RS Bradley, V Jomelli, A Geirsdottir, DS Kaufman, J Koch, NP McKay, M Masiokas, G Miller, A Nesje, K Nicolussi, LA Owen, AE Putnam, H Wanner, G Wiles, B Yang",Quaternary Science Reviews,"149, 61-90",2016,240,D Kaufman; N McKay,,,true,true,,Ade32sEp0pkC,KpeykKsAAAAJ,2025-02-15,glacierfluctuationsduringthepast2000years
grassrootsparticipationintegratedwithstr-2016,Grassroots participation integrated with strong administration commitment is essential to address challenges of sustainability leadership: tools for successfully meeting in the …,R Parnell,Journal of Environmental Studies and Sciences,"6, 399-404",2016,10,R Parnell,,,false,true,,qjMakFHDy7sC,IoVNx7IAAAAJ,2025-02-15,grassrootsparticipationintegratedwithstrongadministrationcommitmentisessentialtoaddresschallengesofsustainabilityleadershiptoolsforsuccessfullymeetinginthe
groundwaterdependentecosystemsclassifica-2016,"Groundwater dependent ecosystems: classification, identification techniques and threats","D Eamus, B Fu, AE Springer, LE Stevens","Integrated groundwater management: concepts, approaches and challenges",313-346,2016,107,A Springer,,,true,true,,g5m5HwL7SMYC,X53gmAQAAAAJ,2025-02-15,groundwaterdependentecosystemsclassificationidentificationtechniquesandthreats
highresolutiontemporalandstratigraphicre-2016,High-resolution temporal and stratigraphic record of Siletzia’s accretion and triple junction migration from nonmarine sedimentary basins in central and western Washington,"MP Eddy, SA Bowring, PJ Umhoefer, RB Miller, NM McLean, EE Donaghy",Bulletin,"128 (3-4), 425-441",2016,49,P Umhoefer,Erin Donaghy; Roy Miller,,false,true,,SdhP9T11ey4C,ZLMsh8MAAAAJ,2025-02-15,highresolutiontemporalandstratigraphicrecordofsiletziasaccretionandtriplejunctionmigrationfromnonmarinesedimentarybasinsincentralandwesternwashington
holoceneclimatechangeinarcticcanadaandgr-2016,Holocene climate change in Arctic Canada and Greenland,"JP Briner, NP McKay, Y Axford, O Bennike, RS Bradley, Ad Vernal, D Fisher, P Francus, B Fréchette, K Gajewski, A Jennings, DS Kaufman, G Miller, C Rouston, B Wagner",Quaternary Science Reviews,"147, 340-364",2016,253,D Kaufman; N McKay,,,true,true,,LdasjJ6CEcoC,KpeykKsAAAAJ,2025-02-15,holoceneclimatechangeinarcticcanadaandgreenland
holoceneclimatechangesineasternberingian-2016,Holocene climate changes in eastern Beringia (NW North America)–A systematic review of multi-proxy evidence,"DS Kaufman, YL Axford, ACG Henderson, NP McKay, WW Oswald, C Saenger, RS Anderson, HL Bailey, B Clegg, K Gajewski, FS Hu, MC Jones, C Massa, CC Routson, A Werner, MJ Wooller, Z Yu",Quaternary Science Reviews,"147, 312-339",2016,185,R Anderson; D Kaufman; N McKay; C Routson,,,true,true,,kVjdVfd2voEC,KpeykKsAAAAJ,2025-02-15,holoceneclimatechangesineasternberingianwnorthamericaasystematicreviewofmultiproxyevidence
holoceneglacierfluctuationsinferredfroml-2016,"Holocene glacier fluctuations inferred from lacustrine sediment, Emerald Lake, Kenai Peninsula, Alaska","TS LaBrecque, DS Kaufman",Quaternary Research,"85 (1), 34-43",2016,10,D Kaufman,Taylor Labrecque,,false,true,,ubry08Y2EpUC,KpeykKsAAAAJ,2025-02-15,holoceneglacierfluctuationsinferredfromlacustrinesedimentemeraldlakekenaipeninsulaalaska
increasedlightuseefficiencyinnorthernter-2016,Increased light‐use efficiency in northern terrestrial ecosystems indicated by CO2 and greening observations,"RT Thomas, IC Prentice, H Graven, P Ciais, JB Fisher, DJ Hayes, M Huang, DN Huntzinger, A Ito, A Jain, J Mao, AM Michalak, S Peng, B Poulter, DM Ricciuto, X Shi, C Schwalm, H Tian, N Zeng",Geophysical Research Letters,"43 (21), 11,339-11,349",2016,57,D Huntzinger,Richelle Thomas,,false,true,,g5m5HwL7SMYC,e4XX478AAAAJ,2025-02-15,increasedlightuseefficiencyinnorthernterrestrialecosystemsindicatedbyco2andgreeningobservations
indicatorsofvehicularemissioninputsintos-2016,Indicators of vehicular emission inputs into semi-arid roadside ecosystems,"JA Kenkel, TD Sisk, KR Hultine, SE Sesnie, MA Bowker, NC Johnson",Journal of Arid Environments,"134, 150-159",2016,16,N Johnson; T Sisk,Julie Kenkel,,false,true,,yCEqH1SBpFUC,2ZA_zeIAAAAJ,2025-02-15,indicatorsofvehicularemissioninputsintosemiaridroadsideecosystems
leveragingnaturesbackupplanstoincorporat-2016,Leveraging nature's backup plans to incorporate interspecific interactions and resilience into restoration,"CE Aslan, JL Bronstein, HS Rogers, KB Gedan, J Brodie, TM Palmer, TP Young",Restoration Ecology,"24 (4), 434-440",2016,9,C Aslan,,,true,true,,YOwf2qJgpHMC,OQcWVAoAAAAJ,2025-02-15,leveragingnaturesbackupplanstoincorporateinterspecificinteractionsandresilienceintorestoration
lithologycontrolledevolutionofstreambeds-2016,"Lithology‐controlled evolution of stream bed sediment and basin‐scale sediment yields in adjacent mountain watersheds, Idaho, USA","ER Mueller, ME Smith, J Pitlick",Earth Surface Processes and Landforms,"41 (13), 1869-1883",2016,31,M Smith,,,true,true,,8moDcb_GFzgC,CBG7OuAAAAAJ,2025-02-15,lithologycontrolledevolutionofstreambedsedimentandbasinscalesedimentyieldsinadjacentmountainwatershedsidahousa
lithosphericrecordsoforogenywithinthecon-2016,Lithospheric records of orogeny within the continental US,"R Porter, Y Liu, WE Holt",Geophysical Research Letters,"43 (1), 144-153",2016,86,R Porter,,,true,true,,8Xgff_V0N9gC,VrFY4scAAAAJ,2025-02-15,lithosphericrecordsoforogenywithinthecontinentalus
methaneseepcarbonatesyieldclumpedisotope-2016,Methane seep carbonates yield clumped isotope signatures out of equilibrium with formation temperatures,"SJ Loyd, J Sample, RE Tripati, WF Defliese, K Brooks, M Hovland, M Torres, J Marlow, LG Hancock, R Martin, T Lyons, AE Tripati",Nature Communications,"7 (1), 12274",2016,95,J Sample,,,false,true,,KlAtU1dfN6UC,JL2daQcAAAAJ,2025-02-15,methaneseepcarbonatesyieldclumpedisotopesignaturesoutofequilibriumwithformationtemperatures
microhabitatpartitioninginseagrassmesogr-2016,Microhabitat partitioning in seagrass mesograzers is driven by consistent species choices across multiple predator and competitor contexts,"MD Lürig, RJ Best, JJ Stachowicz",Oikos,"125 (9), 1324-1333",2016,26,R Best,,,true,true,,WF5omc3nYNoC,MS9xVqIAAAAJ,2025-02-15,microhabitatpartitioninginseagrassmesograzersisdrivenbyconsistentspecieschoicesacrossmultiplepredatorandcompetitorcontexts
mitigationdriventranslocationeffectsonte-2016,"Mitigation-driven translocation effects on temperature, condition, growth, and mortality of Mojave desert tortoise (Gopherus agassizii) in the face of solar energy development","LA Brand, ML Farnsworth, J Meyers, BG Dickson, C Grouios, AF Scheib, RD Scherer",Biological Conservation,"200, 104-111",2016,30,B Dickson,Jeffrey Meyers,,false,true,,J_g5lzvAfSwC,TZcEU1QAAAAJ,2025-02-15,mitigationdriventranslocationeffectsontemperatureconditiongrowthandmortalityofmojavedeserttortoisegopherusagassiziiinthefaceofsolarenergydevelopment
northatlanticfennoscandianholoceneclimat-2016,North Atlantic-Fennoscandian Holocene climate trends and mechanisms,"HP Sejrup, H Seppä, NP McKay, DS Kaufman, Ás Geirsdóttir, Ad Vernal, H Renssen, K Husum, A Jennings, JT Andrews",Quaternary Science Reviews,"147, 365-378",2016,65,D Kaufman; N McKay,,,true,true,,hsZV8lGYWTMC,KpeykKsAAAAJ,2025-02-15,northatlanticfennoscandianholoceneclimatetrendsandmechanisms
offhighwayvehicleroadnetworksandkitfoxsp-2016,Off‐highway vehicle road networks and kit fox space use,"AS Jones, JJ Anderson, BG Dickson, S Boe, ES Rubin",The Journal of Wildlife Management,"81 (2), 230-237",2016,15,B Dickson,,,false,true,,pqnbT2bcN3wC,TZcEU1QAAAAJ,2025-02-15,offhighwayvehicleroadnetworksandkitfoxspaceuse
oilplatformsinthepersianarabiangulflivin-2016,Oil platforms in the Persian (Arabian) Gulf: living and death assemblages reveal no effects,"PG Albano, N Filippova, J Steger, DS Kaufman, A Tomašových, M Stachowitsch, M Zuschin",Continental Shelf Research,"121, 21-34",2016,57,D Kaufman,,,false,true,,jgBuDB5drN8C,KpeykKsAAAAJ,2025-02-15,oilplatformsinthepersianarabiangulflivinganddeathassemblagesrevealnoeffects
onedgemeltingunderthecoloradoplateaumarg-2016,On edge melting under the Colorado Plateau margin,"S Rudzitis, MR Reid, J Blichert‐Toft","Geochemistry, Geophysics, Geosystems","17 (7), 2835-2854",2016,18,M Reid,Sean Rudzitis,,false,true,,1sJd4Hv_s6UC,pg-HuIIAAAAJ,2025-02-15,onedgemeltingunderthecoloradoplateaumargin
paleoclimatedatastandards-2016,Paleoclimate data standards,"J Emile-Geay, NP McKay",Past Global Change Magazine,24 (1),2016,4,N McKay,,,true,true,,27LrP4qxOz0C,j8_CgoEAAAAJ,2025-02-15,paleoclimatedatastandards
pastgatewayspalaeoarcticspatialandtempor-2016,PAST Gateways (Palaeo-Arctic Spatial and Temporal Gateways): Introduction and overview,"CÓ Cofaigh, JP Briner, N Kirchner, RG Lucchi, H Meyer, DS Kaufman",Quaternary Science Reviews,"147, 1-4",2016,3,D Kaufman,,,false,true,,6bLC7aUMtPcC,KpeykKsAAAAJ,2025-02-15,pastgatewayspalaeoarcticspatialandtemporalgatewaysintroductionandoverview
persistentteachingpracticesaftergeospati-2016,Persistent teaching practices after geospatial technology professional development,"LA Rubino-Hare, BA Whitworth, NE Bloom, JM Claesgens, KM Fredrickson, C Henderson-Dahms, JC Sample",Contemporary Issues in Technology and Teacher Education,"16 (3), 208-285",2016,18,J Sample,,,false,true,,RGFaLdJalmkC,JL2daQcAAAAJ,2025-02-15,persistentteachingpracticesaftergeospatialtechnologyprofessionaldevelopment
plantbioticinteractionsinthesonorandeser-2016,Plant biotic interactions in the Sonoran Desert: current knowledge and future research perspectives,"KA Franklin, PN Sommers, CE Aslan, BR López, JL Bronstein, E Bustamante, A Búrquez, RA Medellín, B Marazzi",International Journal of Plant Sciences,"177 (3), 217-234",2016,41,C Aslan,,,true,true,,kNdYIx-mwKoC,OQcWVAoAAAAJ,2025-02-15,plantbioticinteractionsinthesonorandesertcurrentknowledgeandfutureresearchperspectives
remotesensingoftamariskbiomassinsectherb-2016,"Remote sensing of tamarisk biomass, insect herbivory, and defoliation: novel methods in the Grand Canyon Region, Arizona","TT Sankey, JB Sankey, R Horne, A Bedford",Photogrammetric Engineering & Remote Sensing,"82 (8), 645-652",2016,16,T Sankey,Rene Horne,,false,true,,j3f4tGmQtD8C,3zszVGYAAAAJ,2025-02-15,remotesensingoftamariskbiomassinsectherbivoryanddefoliationnovelmethodsinthegrandcanyonregionarizona
seismicandtectonicanalysisofthe20142015f-2016,"Seismic and tectonic analysis of the 2014–2015 Flagstaff, Arizona, earthquake sequence","DS Brumbaugh, R Porter, JJ Young",Bulletin of the Seismological Society of America,"106 (6), 2695-2705",2016,5,R Porter,,,true,true,,27LrP4qxOz0C,VrFY4scAAAAJ,2025-02-15,seismicandtectonicanalysisofthe20142015flagstaffarizonaearthquakesequence
siliciclunarvolcanismtestingthecrustalme-2016,Silicic lunar volcanism: Testing the crustal melting model,"AL Gullikson, JJ Hagerty, MR Reid, JF Rapp, DS Draper",American Mineralogist,"101 (10), 2312-2321",2016,34,M Reid,Amber Gullikson,,false,true,,u_35RYKgDlwC,pg-HuIIAAAAJ,2025-02-15,siliciclunarvolcanismtestingthecrustalmeltingmodel
spaceusebyswainsonshawkbuteoswainsoniint-2016,"Space Use by Swainson’s Hawk (Buteo swainsoni) in the Natomas Basin, California","E Fleishman, J Anderson, BG Dickson, D Krolick, JA Estep, RL Anderson, CS Elphick, DS Dobkin, DA Bell",Collabra,"2 (1), 5",2016,11,R Anderson; B Dickson,,,false,true,,ns9cj8rnVeAC,TZcEU1QAAAAJ,2025-02-15,spaceusebyswainsonshawkbuteoswainsoniinthenatomasbasincalifornia
springsecosystemdistributionanddensityfo-2016,Springs ecosystem distribution and density for improving stewardship,"K Junghans, AE Springer, LE Stevens, JD Ledbetter",Freshwater Science,"35 (4), 1330-1339",2016,26,A Springer,Katie Junghans,,true,true,,2P1L_qKh6hAC,X53gmAQAAAAJ,2025-02-15,springsecosystemdistributionanddensityforimprovingstewardship
springsecosysteminventoryprotocols-2016,Springs ecosystem inventory protocols,"LE Stevens, AE Springer, JD Ledbetter",Springs Stewardship Institute,60,2016,28,A Springer,,,true,true,,eMMeJKvmdy0C,X53gmAQAAAAJ,2025-02-15,springsecosysteminventoryprotocols
teleconnectedoceanforcingofwesternnortha-2016,Teleconnected ocean forcing of Western North American droughts and pluvials during the last millennium,"CC Routson, CA Woodhouse, JT Overpeck, JL Betancourt, NP McKay",Quaternary Science Reviews,"146, 238-250",2016,24,N McKay; C Routson,,,true,true,,69ZgNCALVd0C,j8_CgoEAAAAJ,2025-02-15,teleconnectedoceanforcingofwesternnorthamericandroughtsandpluvialsduringthelastmillennium
temporalandbathymetricresolutionofnautil-2016,Temporal and bathymetric resolution of nautiloid death assemblages in stratigraphically condensed oozes (New Caledonia),"A Tomašových, Ján Schlögl, DS Kaufman, Nál Hudáčková",Terra Nova,"28 (4), 271-278",2016,11,D Kaufman,,,false,true,,PYBJJbyH-FwC,KpeykKsAAAAJ,2025-02-15,temporalandbathymetricresolutionofnautiloiddeathassemblagesinstratigraphicallycondensedoozesnewcaledonia
thebearrivershistoryanddiversionconstrai-2016,"The Bear River's History and Diversion: Constraints, Unsolved Problems, and Implications for the Lake Bonneville Record","JL Pederson, SU Janecke, MC Reheis, DS Kaufman, RQO Jr",Developments in Earth Surface Processes,"20, 28-59",2016,16,D Kaufman,Joel Pederson,,false,true,,RoXSNcbkSzsC,KpeykKsAAAAJ,2025-02-15,thebearrivershistoryanddiversionconstraintsunsolvedproblemsandimplicationsforthelakebonnevillerecord
theembersprojectemployingmodelbasedreaso-2016,The EMBeRS project: employing model-based reasoning in socio-environmental synthesis,"D Pennington, G Bammer, A Danielson, D Gosselin, J Gouvea, G Habron, D Hawthorne, R Parnell, K Thompson, S Vincent, C Wei",Journal of Environmental Studies and Sciences,"6, 278-286",2016,49,R Parnell,Kelcy Thompson,,false,true,,M3ejUd6NZC8C,IoVNx7IAAAAJ,2025-02-15,theembersprojectemployingmodelbasedreasoninginsocioenvironmentalsynthesis
thelinkedpaleodataframeworkacommontongue-2016,The Linked Paleo Data framework–a common tongue for paleoclimatology,"NP McKay, J Emile-Geay",Climate of the Past,"12 (4), 1093-1100",2016,79,N McKay,,,true,true,,WAzi4Gm8nLoC,j8_CgoEAAAAJ,2025-02-15,thelinkedpaleodataframeworkacommontongueforpaleoclimatology
theroleofhoneybeesaspollinatorsinnatural-2016,The role of honey bees as pollinators in natural areas,"CE Aslan, CT Liang, B Galindo, H Kimberly, W Topete",Natural Areas Journal,"36 (4), 478-488",2016,93,C Aslan,,,true,true,,_kc_bZDykSQC,OQcWVAoAAAAJ,2025-02-15,theroleofhoneybeesaspollinatorsinnaturalareas
theterrestrialbiosphereasanetsourceofgre-2016,The terrestrial biosphere as a net source of greenhouse gases to the atmosphere,"H Tian, C Lu, P Ciais, AM Michalak, JG Canadell, E Saikawa, DN Huntzinger, KR Gurney, S Sitch, B Zhang, J Yang, P Bousquet, L Bruhwiler, G Chen, E Dlugokencky, P Friedlingstein, J Melillo, S Pan, B Poulter, R Prinn, M Saunois, CR Schwalm, SC Wofsy",Nature,"531 (7593), 225-228",2016,660,D Huntzinger,,,false,true,,J_g5lzvAfSwC,e4XX478AAAAJ,2025-02-15,theterrestrialbiosphereasanetsourceofgreenhousegasestotheatmosphere
timeaveragingandstratigraphicresolutioni-2016,Time-averaging and stratigraphic resolution in death assemblages and Holocene deposits: Sydney Harbour's molluscan record,"JG Dominguez, MA Kosnik, AP Allen, Q Hua, DE Jacob, DS Kaufman, K Whitacre",Palaios,"31 (11), 564-575",2016,49,D Kaufman,,,false,true,,oi2SiIJ9l4AC,KpeykKsAAAAJ,2025-02-15,timeaveragingandstratigraphicresolutionindeathassemblagesandholocenedepositssydneyharboursmolluscanrecord
uncertaintyanalysisofterrestrialnetprima-2016,Uncertainty analysis of terrestrial net primary productivity and net biome productivity in China during 1901–2005,"J Shao, X Zhou, Y Luo, G Zhang, W Yan, J Li, B Li, L Dan, JB Fisher, Z Gao, Y He, D Huntzinger, AK Jain, J Mao, J Meng, AM Michalak, NC Parazoo, C Peng, B Poulter, CR Schwalm, X Shi, R Sun, F Tao, H Tian, Y Wei, N Zeng, Q Zhu, W Zhu",Journal of Geophysical Research: Biogeosciences,"121 (5), 1372-1393",2016,42,D Huntzinger,,,false,true,,35N4QoGY0k4C,e4XX478AAAAJ,2025-02-15,uncertaintyanalysisofterrestrialnetprimaryproductivityandnetbiomeproductivityinchinaduring19012005
aminoacidracemizationmarinesediments-2015,"Amino acid racemization, marine sediments",DS Kaufman,Encyclopedia of Earth Sciences Series,44-46,2015,3,D Kaufman,,,false,true,,4X0JR2_MtJMC,KpeykKsAAAAJ,2025-02-15,aminoacidracemizationmarinesediments
anewmodeloflandscapescalefireconnectivit-2015,"A new model of landscape‐scale fire connectivity applied to resource and fire management in the Sonoran Desert, USA","ME Gray, BG Dickson",Ecological Applications,"25 (4), 1099-1113",2015,26,B Dickson,Miranda Gray,,false,true,,isC4tDSrTZIC,TZcEU1QAAAAJ,2025-02-15,anewmodeloflandscapescalefireconnectivityappliedtoresourceandfiremanagementinthesonorandesertusa
anewtimeseriesremotesensingapproachtomap-2015,A new time series remote sensing approach to mapping fine fuels in Sonoran Desert ecosystems,"SE Sesnie, BG Dickson, TD Sisk","Final Report, Project ID",10-1,2015,2,B Dickson; T Sisk,,,false,true,,cDbf6tmpeSoC,2ZA_zeIAAAAJ,2025-02-15,anewtimeseriesremotesensingapproachtomappingfinefuelsinsonorandesertecosystems
anovelmultiproxyapproachthepagesnorthame-2015,A novel multiproxy approach: The PAGES North America 2k working group,N McKay,DUST,"24, 100",2015,1,N McKay,,,true,true,,UmS_249rOGwC,j8_CgoEAAAAJ,2025-02-15,anovelmultiproxyapproachthepagesnorthamerica2kworkinggroup
benefitstopoorlystudiedtaxaofconservatio-2015,Benefits to poorly studied taxa of conservation of bird and mammal diversity on islands,"C Aslan, N Holmes, B Tershy, D Spatz, DA Croll",Conservation Biology,"29 (1), 133-142",2015,16,C Aslan,,,true,true,,_FxGoFyzp5QC,OQcWVAoAAAAJ,2025-02-15,benefitstopoorlystudiedtaxaofconservationofbirdandmammaldiversityonislands
constraintsonregionaldriversofrelativese-2015,"Constraints on regional drivers of relative sea-level change around Cordova, Alaska","E Garrett, NLM Barlow, H Cool, DS Kaufman, I Shennan, PD Zander",Quaternary Science Reviews,"113, 48-59",2015,13,D Kaufman,Paul Zander,,false,true,,P7Ujq4OLJYoC,KpeykKsAAAAJ,2025-02-15,constraintsonregionaldriversofrelativesealevelchangearoundcordovaalaska
continentalscaletemperaturevariabilityin-2015,Continental-scale temperature variability in PMIP3 simulations and PAGES 2k regional temperature reconstructions over the past millennium,"O Bothe, M Evans, LFán Donado, EG Bustamante, J Gergis, JF Gonzalez-Rouco, H Goosse, G Hegerl, A Hind, J Jungclaus, D Kaufman, F Lehner, N McKay, A Moberg, CC Raible, A Schurer, F Shi, JE Smerdon, LV Gunten, S Wagner, E Warren, M Widmann, P Yiou, E Zorita",Copernicus Publications,"11 (12), 1673-1699",2015,29,D Kaufman; N McKay,,,true,true,,j2GSQqY3pL0C,KpeykKsAAAAJ,2025-02-15,continentalscaletemperaturevariabilityinpmip3simulationsandpages2kregionaltemperaturereconstructionsoverthepastmillennium
crossjurisdictionalmonitoringfornonnativ-2015,"Cross-jurisdictional monitoring for nonnative plant invasions using NDVI change detection indices in Walnut Canyon National Monument, Arizona, USA.","HL Hudson, SE Sesnie, RD Hiebert, BG Dickson, LP Thomas",The Colorado Plateau VI: Science and Management at the Landscape Scale,23-40,2015,2,B Dickson,Hillary Hudson,,false,true,,M3NEmzRMIkIC,TZcEU1QAAAAJ,2025-02-15,crossjurisdictionalmonitoringfornonnativeplantinvasionsusingndvichangedetectionindicesinwalnutcanyonnationalmonumentarizonausa
crustalfluidandashalterationimpactsonthe-2015,"Crustal fluid and ash alteration impacts on the biosphere of Shikoku Basin sediments, Nankai Trough, Japan","ME Torres, T Cox, W‐L Hong, J McManus, JC Sample, C Destrigneville, HM Gan, HY Gan, JW Moreau",Geobiology,"13 (6), 562-580",2015,38,J Sample,,,false,true,,Zph67rFs4hoC,JL2daQcAAAAJ,2025-02-15,crustalfluidandashalterationimpactsonthebiosphereofshikokubasinsedimentsnankaitroughjapan
crustalstructurebeneathsouthernafricains-2015,Crustal structure beneath southern Africa: insight into how tectonic events affect the Mohorovičić discontinuity,"JR Delph, RC Porter",Geophysical Journal International,"200 (1), 254-264",2015,38,R Porter,,,true,true,,8k81kl-MbHgC,VrFY4scAAAAJ,2025-02-15,crustalstructurebeneathsouthernafricainsightintohowtectoniceventsaffectthemohoroviidiscontinuity
disentanglingclimaticandanthropogeniccon-2015,Disentangling climatic and anthropogenic controls on global terrestrial evapotranspiration trends,"J Mao, W Fu, X Shi, DM Ricciuto, JB Fisher, RE Dickinson, Y Wei, W Shem, S Piao, K Wang, CR Schwalm, H Tian, M Mu, A Arain, P Ciais, R Cook, Y Dai, D Hayes, FM Hoffman, M Huang, S Huang, DN Huntzinger, A Ito, A Jain, AW King, H Lei, C Lu, AM Michalak, N Parazoo, C Peng, S Peng, B Poulter, K Schaefer, E Jafarov, PE Thornton, W Wang, N Zeng, Z Zeng, F Zhao, Q Zhu, Z Zhu",Environmental Research Letters,"10 (9), 094008",2015,169,D Huntzinger,,,false,true,,GnPB-g6toBAC,e4XX478AAAAJ,2025-02-15,disentanglingclimaticandanthropogeniccontrolsonglobalterrestrialevapotranspirationtrends
diversityinagriculturaltechnologyadoptio-2015,Diversity in agricultural technology adoption: How are automatic milking systems used and to what end?,"RL Schewe, D Stuart",Agriculture and human values,"32, 199-213",2015,139,D Stuart,,,true,true,,0EnyYjriUFMC,cc0d2WUAAAAJ,2025-02-15,diversityinagriculturaltechnologyadoptionhowareautomaticmilkingsystemsusedandtowhatend
doesshorttermprovisioningofresourcestopr-2015,Does short‐term provisioning of resources to prey result in behavioral shifts by rattlesnakes?,"EM Nowak, GW Schuett, TC Theimer, TD Sisk, K Nishikawa",The Journal of Wildlife Management,"79 (3), 357-372",2015,7,E Nowak; T Sisk,,,false,true,,lR2ECBI0YV4C,2ZA_zeIAAAAJ,2025-02-15,doesshorttermprovisioningofresourcestopreyresultinbehavioralshiftsbyrattlesnakes
ecohydrologyandstewardshipofalbertasprin-2015,Ecohydrology and stewardship of Alberta springs ecosystems,"AE Springer, LE Stevens, JD Ledbetter, EM Schaller, KM Gill, SB Rood",Ecohydrology,"8 (5), 896-910",2015,27,A Springer,Elizabeth Schaller,,true,true,,R3hNpaxXUhUC,X53gmAQAAAAJ,2025-02-15,ecohydrologyandstewardshipofalbertaspringsecosystems
effectsofintroducedbisononwetlandsofthek-2015,"Effects of introduced bison on wetlands of the Kaibab Plateau, Arizona","E Reimondo, T Sisk, TC Thiemer",The Colorado Plateau VI: science and management at the landscape scale …,,2015,8,T Sisk,Evan Reimondo,,false,true,,p9YawgimX9oC,2ZA_zeIAAAAJ,2025-02-15,effectsofintroducedbisononwetlandsofthekaibabplateauarizona
estimatesofsurvivalprobabilityfromtwopop-2015,Estimates of survival probability from two populations of giant gartersnakes in California’s Great Central Valley,"EC Hansen, RD Scherer, GC White, BG Dickson, E Fleishman",Copeia,"103 (4), 1026-1036",2015,19,B Dickson,,,false,true,,YFjsv_pBGBYC,TZcEU1QAAAAJ,2025-02-15,estimatesofsurvivalprobabilityfromtwopopulationsofgiantgartersnakesincaliforniasgreatcentralvalley
evaluatingmultispecieslandscapeconnectiv-2015,Evaluating multispecies landscape connectivity in a threatened tropical mammal community,"JF Brodie, AJ Giordano, BG. Dickson, M Hebblewhite, H Bernard, J Mohd‐Azlan, J Anderson, L Ambu",Conservation Biology,"29 (1), 122-132",2015,209,B Dickson,,,false,true,,4JMBOYKVnBMC,TZcEU1QAAAAJ,2025-02-15,evaluatingmultispecieslandscapeconnectivityinathreatenedtropicalmammalcommunity
evapotranspirationcomparisonsbetweeneddy-2015,Evapotranspiration comparisons between eddy covariance measurements and meteorological and remote‐sensing‐based models in disturbed ponderosa pine forests,"W Ha, TE Kolb, AE Springer, S Dore, FC O'donnell, RM Morales, SM Lopez, GW Koch",Ecohydrology,"8 (7), 1335-1350",2015,51,A Springer,,,true,true,,hC7cP41nSMkC,X53gmAQAAAAJ,2025-02-15,evapotranspirationcomparisonsbetweeneddycovariancemeasurementsandmeteorologicalandremotesensingbasedmodelsindisturbedponderosapineforests
fragilityofreconstructedtemperaturepatte-2015,Fragility of reconstructed temperature patterns over the Common Era: Implications for model evaluation,"J Wang, J Emile‐Geay, D Guillot, NP McKay, B Rajaratnam",Geophysical Research Letters,"42 (17), 7162-7170",2015,58,N McKay,,,true,true,,YsrPvlHIBpEC,j8_CgoEAAAAJ,2025-02-15,fragilityofreconstructedtemperaturepatternsoverthecommoneraimplicationsformodelevaluation
globalassessmentofarbuscularmycorrhizalf-2015,Global assessment of arbuscular mycorrhizal fungus diversity reveals very low endemism,"Davison J, Moora M, Öpik M, Adholeya A, Ainsaar L, Bâ A, Burla S, Diedhiou AG, Hiiesalu I, Jairus T, Johnson NC",Science,"349 (6251), 970-973",2015,907,N Johnson,,,false,true,,pyW8ca7W8N0C,vYs1mtEAAAAJ,2025-02-15,globalassessmentofarbuscularmycorrhizalfungusdiversityrevealsverylowendemism
globalcroplandareadatabasegcadderivedfro-2015,Global Cropland Area Database (GCAD) derived from remote sensing in support of food security in the twenty-first century: current achievements and future possibilities,"P Teluguntla, PS Thenkabail, J Xiong, MK Gumma, C Giri, C Milesi, M Ozdogan, R Congalton, J Tilton, TT Sankey, R Massey, A Phalke, K Yadav",Taylor & Francis,"2, 01-45",2015,93,T Sankey,Richard Massey,,false,true,,kNdYIx-mwKoC,3zszVGYAAAAJ,2025-02-15,globalcroplandareadatabasegcadderivedfromremotesensinginsupportoffoodsecurityinthetwentyfirstcenturycurrentachievementsandfuturepossibilities
globalpatternsandcontrolsofsoilorganicca-2015,Global patterns and controls of soil organic carbon dynamics as simulated by multiple terrestrial biosphere models: Current status and future directions,"H Tian, C Lu, J Yang, K Banger, DN Huntzinger, CR Schwalm, AM Michalak, R Cook, P Ciais, D Hayes, M Huang, A Ito, AK Jain, H Lei, J Mao, S Pan, WM Post, S Peng, B Poulter, W Ren, D Ricciuto, K Schaefer, X Shi, B Tao, W Wang, Y Wei, Q Yang, B Zhang, N Zeng",Global Biogeochemical Cycles,"29 (6), 775-792",2015,262,D Huntzinger,,,false,true,,NMxIlDl6LWMC,e4XX478AAAAJ,2025-02-15,globalpatternsandcontrolsofsoilorganiccarbondynamicsassimulatedbymultipleterrestrialbiospheremodelscurrentstatusandfuturedirections
holocenesummertemperaturereconstructionf-2015,"Holocene summer temperature reconstruction from sedimentary chlorophyll content, with treatment of age uncertainties, Kurupa Lake, Arctic Alaska","BR Boldt, DS Kaufman, NP McKay, JP Briner",The Holocene,"25 (4), 641-650",2015,37,D Kaufman; N McKay,Brandon Boldt,,true,true,,Ehil0879vHcC,KpeykKsAAAAJ,2025-02-15,holocenesummertemperaturereconstructionfromsedimentarychlorophyllcontentwithtreatmentofageuncertaintieskurupalakearcticalaska
howwelldoterrestrialbiospheremodelssimul-2015,How well do terrestrial biosphere models simulate coarse-scale runoff in the contiguous United States?,"CR Schwalm, DN Huntzinger, RB Cook, Y Wei, IT Baker, RP Neilson, B Poulter, P Caldwell, G Sun, HQ Tian, N Zeng",Ecological Modelling,"303, 87-96",2015,8,D Huntzinger,,,false,true,,e5wmG9Sq2KIC,e4XX478AAAAJ,2025-02-15,howwelldoterrestrialbiospheremodelssimulatecoarsescalerunoffinthecontiguousunitedstates
identifyingsocialecologicallinkagestodev-2015,Identifying social-ecological linkages to develop a community fire plan in Mexico,"RAS Sheridan, PZ Fulé, ME Lee, EA Nielsen",Conservation and Society,"13 (4), 395-406",2015,13,E Nielsen,Rachel Sheridan (forestry),,false,true,,5nxA0vEk-isC,vAflpUkAAAAJ,2025-02-15,identifyingsocialecologicallinkagestodevelopacommunityfireplaninmexico
initiationofeocenelacustrinesedimentatio-2015,Initiation of Eocene Lacustrine Sedimentation in the Greater Green River Basin: Luman Member of the Green River Formation,"BA Norsted, AR Carroll, ME Smith","Stratigraphy and Paleolimnology of the Green River Formation, Western USA",13-30,2015,9,M Smith,,,true,true,,eflP2zaiRacC,CBG7OuAAAAAJ,2025-02-15,initiationofeocenelacustrinesedimentationinthegreatergreenriverbasinlumanmemberofthegreenriverformation
integratedspatialmodelsofnonnativeplanti-2015,"Integrated spatial models of non-native plant invasion, fire risk, and wildlife habitat to support conservation of military and adjacent lands in the arid Southwest","BG Dickson, TD Sisk, SE Sesnie, BA Bradley",SERDP Project RC-,"-1722. Flagstaff, AZ: Northern Arizona University Landscape …",2015,3,B Dickson; T Sisk,,,false,true,,dZbaGXT4iR0C,2ZA_zeIAAAAJ,2025-02-15,integratedspatialmodelsofnonnativeplantinvasionfireriskandwildlifehabitattosupportconservationofmilitaryandadjacentlandsinthearidsouthwest
introductiontothegreenriverformation-2015,Introduction to the Green River Formation,"ME Smith, AR Carroll","Stratigraphy and Paleolimnology of the Green River Formation, Western USA",1-12,2015,36,M Smith,,,true,true,,BrmTIyaxlBUC,CBG7OuAAAAAJ,2025-02-15,introductiontothegreenriverformation
iodpworkshoptrackingthetsunamigenicslips-2015,IODP workshop: tracking the Tsunamigenic slips across and along the Japan Trench (JTRACK),"JD Kirkpatrick, M Strasser, S Kodaira, J Sample, J Mori, S Saito",Scientific Drilling,"19 (19), 27-32",2015,5,J Sample,,,false,true,,e5wmG9Sq2KIC,JL2daQcAAAAJ,2025-02-15,iodpworkshoptrackingthetsunamigenicslipsacrossandalongthejapantrenchjtrack
lacustrinesedimentologystratigraphyandst-2015,"Lacustrine sedimentology, stratigraphy and stable isotope geochemistry of the Tipton Member of the Green River Formation","JW Graf, AR Carroll, ME Smith","Stratigraphy and Paleolimnology of the Green River Formation, Western USA",31-60,2015,23,M Smith,,,true,true,,mvPsJ3kp5DgC,CBG7OuAAAAAJ,2025-02-15,lacustrinesedimentologystratigraphyandstableisotopegeochemistryofthetiptonmemberofthegreenriverformation
landscapemodelsofspaceusebydesertbighorn-2015,Landscape models of space use by desert bighorn sheep in the Sonoran Desert of southwestern Arizona,"C Hoglander, BG Dickson, SS Rosenstock, JJ Anderson",The Journal of Wildlife Management,"79 (1), 77-91",2015,37,B Dickson,Cerissa Hoglander,,false,true,,TFP_iSt0sucC,TZcEU1QAAAAJ,2025-02-15,landscapemodelsofspaceusebydesertbighornsheepinthesonorandesertofsouthwesternarizona
lateoligoceneearlymiocenelandscapeevolut-2015,Late Oligocene–early Miocene landscape evolution of the Lake Mead region during the transition from Sevier contraction to Basin and Range extension,"M Lamb, LS Beard, T Hickson, P Umhoefer, N Dunbar, J Schleicher, W McIntosh",Bulletin,"127 (7-8), 899-925",2015,12,P Umhoefer,,,false,true,,J-pR_7NvFogC,ZLMsh8MAAAAJ,2025-02-15,lateoligoceneearlymiocenelandscapeevolutionofthelakemeadregionduringthetransitionfromseviercontractiontobasinandrangeextension
latesummerpeakinsedimentaccumulationintw-2015,"Late‐summer peak in sediment accumulation in two lakes with contrasting watersheds, alaska","D Fortin, DS Kaufman, M Arnold, E Schiefer, N Hawley","Geografiska Annaler: Series A, Physical Geography","97 (4), 709-719",2015,2,D Kaufman,,,false,true,,Bg7qf7VwUHIC,KpeykKsAAAAJ,2025-02-15,latesummerpeakinsedimentaccumulationintwolakeswithcontrastingwatershedsalaska
multiscaleanalysisofsnowdynamicsatthesou-2015,Multi-scale analysis of snow dynamics at the southern margin of the North American continental snow distribution,"T Sankey, J Donald, J McVay, M Ashley, F O'Donnell, SM Lopez, A Springer",Remote Sensing of Environment,"169, 307-319",2015,48,T Sankey; A Springer,,,false,true,,YOwf2qJgpHMC,3zszVGYAAAAJ,2025-02-15,multiscaleanalysisofsnowdynamicsatthesouthernmarginofthenorthamericancontinentalsnowdistribution
mycorrhizalphenotypesandthelawoftheminim-2015,Mycorrhizal phenotypes and the law of the minimum,"NC Johnson, GWT Wilson, JA Wilson, RM Miller, MA Bowker",New Phytologist,"205 (4), 1473-1484",2015,516,N Johnson,,,false,true,,pqnbT2bcN3wC,vYs1mtEAAAAJ,2025-02-15,mycorrhizalphenotypesandthelawoftheminimum
nantroseizestage3nantroseizeplateboundar-2015,NanTroSEIZE Stage 3: NanTroSEIZE Plate Boundary Deep Riser 3 Expedition 348,"H Tobin, T Hirose, D Saffer, S Toczko, L Maeda, Y Kubo, B Boston, A Broderick, K Brown, A Crespo-Blanc, E Even, S Fuchida, R Fukuchi, S Hammerschmidt, P Henry, M Josh, MJé Jurado, H Kitajima, M Kitamura, A Maia, M Otsubo, J Sample, A Schleicher, H Sone, C Song, R Valdez, Y Yamamoto, K Yang, Y Sanada, Y Kido, Y Hamada",Integrated Ocean Drilling Program,,2015,37,J Sample,Kathleen Brown,,false,true,,b0M2c_1WBrUC,JL2daQcAAAAJ,2025-02-15,nantroseizestage3nantroseizeplateboundarydeepriser3expedition348
newmethodsandhierarchicalmodelsforestima-2015,New methods and hierarchical models for estimating intensity of diurnal habitat use by Merriam’s turkeys in managed forests of northern Arizona.,"BG Dickson, VJ Frary, SE Sesnie, JM Rundall, MF Ingraldi",The Colorado Plateau VI: Science and Management at the Landscape Scale,41-59,2015,3,B Dickson,,,false,true,,JV2RwH3_ST0C,TZcEU1QAAAAJ,2025-02-15,newmethodsandhierarchicalmodelsforestimatingintensityofdiurnalhabitatusebymerriamsturkeysinmanagedforestsofnorthernarizona
northamericanterrestrialco2uptakelargely-2015,North American terrestrial CO2 uptake largely offset by CH4 and N2O emissions: toward a full accounting of the greenhouse gas budget,"H Tian, G Chen, C Lu, X Xu, DJ Hayes, W Ren, S Pan, DN Huntzinger, SC Wofsy",Climatic Change,"129, 413-426",2015,155,D Huntzinger,,,false,true,,YsMSGLbcyi4C,e4XX478AAAAJ,2025-02-15,northamericanterrestrialco2uptakelargelyoffsetbych4andn2oemissionstowardafullaccountingofthegreenhousegasbudget
northamericasnetterrestrialco2exchangewi-2015,North America's net terrestrial CO2 exchange with the atmosphere 1990–2009,"AW King, RJ Andres, KJ Davis, M Hafer, DJ Hayes, DN Huntzinger, Bd Jong, WA Kurz, AD McGuire, R Vargas, Y Wei, TO West, CW Woodall",Biogeosciences,"12 (2), 399-414",2015,69,D Huntzinger,,,false,true,,hC7cP41nSMkC,e4XX478AAAAJ,2025-02-15,northamericasnetterrestrialco2exchangewiththeatmosphere19902009
pages2kadvancesinclimatefieldreconstruct-2015,PAGES2k: Advances in climate field reconstructions,"KJ Anchukaitis, N McKay",DUST,"24, 98",2015,10,N McKay,,,true,true,,IsPWOBWtZBwC,j8_CgoEAAAAJ,2025-02-15,pages2kadvancesinclimatefieldreconstructions
paleogeographicrecordofeocenefarallonsla-2015,Paleogeographic record of Eocene Farallon slab rollback beneath western North America: REPLY,"ME Smith, AR Carroll, BR Jicha, EJ Cassel, JJ Scott",Geology,"43 (6), e364-e364",2015,4,M Smith,,,true,true,,eJXPG6dFmWUC,CBG7OuAAAAAJ,2025-02-15,paleogeographicrecordofeocenefarallonslabrollbackbeneathwesternnorthamericareply
plantbioticinteractionsinthesonorandeser-2015,Plant biotic interactions in the Sonoran Desert: conservation challenges and future directions,"B Marazzi, JL Bronstein, PN Sommers, BR López, EB Ortega, A Búrquez, RA Medellín, C Aslan, K Franklin",Journal of the Southwest,457-501,2015,16,C Aslan,,,true,true,,Se3iqnhoufwC,OQcWVAoAAAAJ,2025-02-15,plantbioticinteractionsinthesonorandesertconservationchallengesandfuturedirections
pollinationoftheendangeredarizonahedgeho-2015,Pollination of the endangered Arizona hedgehog cactus (Echinocereus arizonicus),CE Aslan,The American Midland Naturalist,"173 (1), 61-72",2015,10,C Aslan,,,true,true,,8k81kl-MbHgC,OQcWVAoAAAAJ,2025-02-15,pollinationoftheendangeredarizonahedgehogcactusechinocereusarizonicus
rapidandearlydeglaciationinthecentralbro-2015,"Rapid and early deglaciation in the central Brooks Range, Arctic Alaska","SL Pendleton, EG Ceperley, JP Briner, DS Kaufman, S Zimmerman",Geology,"43 (5), 419-422",2015,32,D Kaufman,,,false,true,,gVv57TyPmFsC,KpeykKsAAAAJ,2025-02-15,rapidandearlydeglaciationinthecentralbrooksrangearcticalaska
researchonmutualismsbetweennativeandnonn-2015,Research on mutualisms between native and non-native partners can contribute critical ecological insights,"CE Aslan, BA Sikes, KB Gedan",Pensoft Publishers,,2015,17,C Aslan,,,true,true,,UebtZRa9Y70C,OQcWVAoAAAAJ,2025-02-15,researchonmutualismsbetweennativeandnonnativepartnerscancontributecriticalecologicalinsights
sedimentaccumulationstratigraphicorderan-2015,"Sediment accumulation, stratigraphic order, and the extent of time-averaging in lagoonal sediments: a comparison of 210Pb and 14C/amino acid racemization …","MA Kosnik, Q Hua, DS Kaufman, A Zawadzki",Coral reefs,"34, 215-229",2015,50,D Kaufman,,,false,true,,r_AWSJRzSzQC,KpeykKsAAAAJ,2025-02-15,sedimentaccumulationstratigraphicorderandtheextentoftimeaveraginginlagoonalsedimentsacomparisonof210pband14caminoacidracemization
semiaridaquiferresponsestoforestrestorat-2015,Semi‐Arid Aquifer Responses to Forest Restoration Treatments and Climate Change,"CJW Wyatt, FC O'Donnell, AE Springer",Groundwater,"53 (2), 207-216",2015,32,A Springer,Clinton Wyatt,,true,true,,kNdYIx-mwKoC,X53gmAQAAAAJ,2025-02-15,semiaridaquiferresponsestoforestrestorationtreatmentsandclimatechange
shorttermspaceusepatternsoftranslocatedm-2015,Short-term space-use patterns of translocated Mojave desert tortoise in southern California,"ML Farnsworth, BG Dickson, LJ Zachmann, EE Hegeman, AR Cangelosi, TGJ Jr, AF Scheib",PloS ONE,"10 (9), e0134250",2015,34,B Dickson,,,false,true,,hMod-77fHWUC,TZcEU1QAAAAJ,2025-02-15,shorttermspaceusepatternsoftranslocatedmojavedeserttortoiseinsoutherncalifornia
stratigraphicexpressionofclimatetectonis-2015,"Stratigraphic expression of climate, tectonism, and geomorphic forcing in an underfilled lake basin: Wilkins Peak Member of the Green River Formation","ME Smith, AR Carroll, JJ Scott","Stratigraphy and Paleolimnology of the Green River Formation, Western USA …",,2015,41,M Smith,,,true,true,,V3AGJWp-ZtQC,CBG7OuAAAAAJ,2025-02-15,stratigraphicexpressionofclimatetectonismandgeomorphicforcinginanunderfilledlakebasinwilkinspeakmemberofthegreenriverformation
stratigraphyandpaleolimnologyofthegreenr-2015,"Stratigraphy and Paleolimnology of the Green River Formation, Western USA","ME Smith, AR Carroll",Springer,,2015,41,M Smith,,,true,true,,q3oQSFYPqjQC,CBG7OuAAAAAJ,2025-02-15,stratigraphyandpaleolimnologyofthegreenriverformationwesternusa
structuretimingandkinematicsoftheearlyeo-2015,"Structure, timing, and kinematics of the early Eocene South Fork Slide, northwest Wyoming, USA","JP Craddock, DH Malone, R Porter, A MacNamee, M Mathisen, K Kravitz, A Leonard",The Journal of Geology,"123 (4), 311-335",2015,12,R Porter,,,true,true,,DyXnQzXoVgIC,VrFY4scAAAAJ,2025-02-15,structuretimingandkinematicsoftheearlyeocenesouthforkslidenorthwestwyomingusa
synopticscalecontrolsonthe18oinprecipita-2015,Synoptic scale controls on the δ18O in precipitation across Beringia,"HL Bailey, DS Kaufman, ACG Henderson, MJ Leng",Geophysical Research Letters,"42 (11), 4608-4616",2015,41,D Kaufman,,,false,true,,vDZJ-YLwNdEC,KpeykKsAAAAJ,2025-02-15,synopticscalecontrolsonthe18oinprecipitationacrossberingia
theneedforacoupledhumanandnaturalsystems-2015,The need for a coupled human and natural systems understanding of agricultural nitrogen loss,"D Stuart, B Basso, S Marquart-Pyatt, A Reimer, GP Robertson, J Zhao",BioScience,"65 (6), 571-578",2015,42,D Stuart,,,true,true,,kNdYIx-mwKoC,cc0d2WUAAAAJ,2025-02-15,theneedforacoupledhumanandnaturalsystemsunderstandingofagriculturalnitrogenloss
thetimetransgressiveterminationoftheafri-2015,The time-transgressive termination of the African Humid Period,"TM Shanahan, NP McKay, KA Hughen, JT Overpeck, B Otto-Bliesner, CW Heil, J King, CA Scholz, J Peck",Nature Geoscience,"8 (2), 140-144",2015,489,N McKay,,,true,true,,FiDNX6EVdGUC,j8_CgoEAAAAJ,2025-02-15,thetimetransgressiveterminationoftheafricanhumidperiod
towardoptimalintegrationofterrestrialbio-2015,Toward “optimal” integration of terrestrial biosphere models,"CR Schwalm, DN Huntzinger, JB Fisher, AM Michalak, K Bowman, P Ciais, R Cook, B El‐Masri, D Hayes, M Huang, A Ito, A Jain, AW King, H Lei, J Liu, C Lu, J Mao, S Peng, B Poulter, D Ricciuto, K Schaefer, X Shi, B Tao, H Tian, W Wang, Y Wei, J Yang, N Zeng",Geophysical Research Letters,"42 (11), 4418-4428",2015,54,D Huntzinger,,,false,true,,hMod-77fHWUC,e4XX478AAAAJ,2025-02-15,towardoptimalintegrationofterrestrialbiospheremodels
tracefossilsoftheeocenegreenriverlakebas-2015,"Trace fossils of the Eocene Green River lake basins, Wyoming, Utah, and Colorado","JJ Scott, ME Smith","Stratigraphy and Paleolimnology of the Green River Formation, Western USA …",,2015,29,M Smith,,,true,true,,kRWSkSYxWN8C,CBG7OuAAAAAJ,2025-02-15,tracefossilsoftheeocenegreenriverlakebasinswyomingutahandcolorado
tracingburialhistoryandsedimentrecycling-2015,"Tracing burial history and sediment recycling in a shallow estuarine setting (Copano Bay, Texas) using postmortem ages of the bivalve Mulinia lateralis","TD Olszewski, DS Kaufman",Palaios,"30 (3), 224-237",2015,25,D Kaufman,,,false,true,,nVrZBo8bIpAC,KpeykKsAAAAJ,2025-02-15,tracingburialhistoryandsedimentrecyclinginashallowestuarinesettingcopanobaytexasusingpostmortemagesofthebivalvemulinialateralis
acommunitydrivenframeworkforclimaterecon-2014,A community‐driven framework for climate reconstructions,D Kaufman,"Eos, Transactions American Geophysical Union","95 (40), 361-362",2014,26,D Kaufman,,,false,true,,bKqednn6t2AC,KpeykKsAAAAJ,2025-02-15,acommunitydrivenframeworkforclimatereconstructions
acontinuousmultimillennialrecordofsurfic-2014,"A continuous multi-millennial record of surficial bivalve mollusk shells from the São Paulo Bight, Brazilian shelf","TA Dexter, DS Kaufman, RAK Jr, SLB Wood, MG Simões, JW Huntley, Y Yanes, CS Romanek, Mł Kowalewski",Quaternary Research,"81 (2), 274-283",2014,31,D Kaufman,,,false,true,,i2xiXl-TujoC,KpeykKsAAAAJ,2025-02-15,acontinuousmultimillennialrecordofsurficialbivalvemolluskshellsfromthesopaulobightbrazilianshelf
aminoacidratiosinreworkedmarinebivalvesh-2014,Amino acid ratios in reworked marine bivalve shells constrain Greenland Ice Sheet history during the Holocene,"JP Briner, DS Kaufman, O Bennike, MA Kosnik",Geology,"42 (1), 75-78",2014,36,D Kaufman,,,false,true,,edDO8Oi4QzsC,KpeykKsAAAAJ,2025-02-15,aminoacidratiosinreworkedmarinebivalveshellsconstraingreenlandicesheethistoryduringtheholocene
amodeldataintercomparisonofsimulatedruno-2014,A model–data intercomparison of simulated runoff in the contiguous United States: results from the North America Carbon Regional and Continental Interim-Synthesis,"CR Schwalm, DN Huntinzger, RB Cook, Y Wei, IT Baker, RP Neilson, B Poulter, P Caldwell, G Sun, HQ Tian, N Zeng",Biogeosciences Discussions,"11 (1), 1801-1826",2014,4,D Huntzinger,,,false,true,,YFjsv_pBGBYC,e4XX478AAAAJ,2025-02-15,amodeldataintercomparisonofsimulatedrunoffinthecontiguousunitedstatesresultsfromthenorthamericacarbonregionalandcontinentalinterimsynthesis
amoresocialsciencebarriersandincentivesf-2014,A more social science: barriers and incentives for scientists engaging in policy,"GG Singh, J Tam, TD Sisk, SC Klain, ME Mach, RG Martone, KMA Chan",Frontiers in Ecology and the Environment,"12 (3), 161-166",2014,82,T Sisk,,,false,true,,TQgYirikUcIC,2ZA_zeIAAAAJ,2025-02-15,amoresocialsciencebarriersandincentivesforscientistsengaginginpolicy
anextendedarcticproxytemperaturedatabase-2014,"An extended Arctic proxy temperature database for the past 2,000 years","NP McKay, DS Kaufman",Scientific data,"1 (1), 1-10",2014,157,D Kaufman; N McKay,,,true,true,,dBIO0h50nwkC,KpeykKsAAAAJ,2025-02-15,anextendedarcticproxytemperaturedatabaseforthepast2000years
aniterativeandtargetedsamplingdesigninfo-2014,An iterative and targeted sampling design informed by habitat suitability models for detecting focal plant species over extensive areas,"O Wang, LJ Zachmann, SE Sesnie, AD Olsson, BG Dickson",PloS ONE,"9 (7), e101196",2014,48,B Dickson,,,false,true,,_Qo2XoVZTnwC,TZcEU1QAAAAJ,2025-02-15,aniterativeandtargetedsamplingdesigninformedbyhabitatsuitabilitymodelsfordetectingfocalplantspeciesoverextensiveareas
arcticholoceneproxyclimatedatabasenewapp-2014,Arctic Holocene proxy climate database–new approaches to assessing geochronological accuracy and encoding climate variables,"HS Sundqvist, DS Kaufman, NP McKay, NL Balascio, JP Briner, LC Cwynar, HP Sejrup, H Seppä, DA Subetto, JT Andrews, Y Axford, J Bakke, HJB Birks, SJ Brooks, AD Vernal, AE Jennings, FC Ljungqvist, KM Rühland, C Saenger, JP Smol, AE Viau",Climate of the Past,"10 (4), 1605-1631",2014,158,D Kaufman; N McKay,,,true,true,,YohjEiUPhakC,KpeykKsAAAAJ,2025-02-15,arcticholoceneproxyclimatedatabasenewapproachestoassessinggeochronologicalaccuracyandencodingclimatevariables
asocialecologicalframeworkformicromanagi-2014,A social–ecological framework for “micromanaging” microbial services,"AL Peralta, D Stuart, AD Kent, JT Lennon",Frontiers in Ecology and the Environment,"12 (9), 524-531",2014,30,D Stuart,,,true,true,,8k81kl-MbHgC,cc0d2WUAAAAJ,2025-02-15,asocialecologicalframeworkformicromanagingmicrobialservices
buildingtaxonsubstitutionguidelinesonabi-2014,Building taxon substitution guidelines on a biological control foundation,"CE Aslan, A Aslan, D Croll, B Tershy, E Zavaleta",Restoration ecology,"22 (4), 437-441",2014,21,C Aslan,,,true,true,,WF5omc3nYNoC,OQcWVAoAAAAJ,2025-02-15,buildingtaxonsubstitutionguidelinesonabiologicalcontrolfoundation
carboncycleuncertaintyinthealaskanarctic-2014,Carbon cycle uncertainty in the Alaskan Arctic,"JB Fisher, M Sikka, WC Oechel, DN Huntzinger, JR Melton, CD Koven, A Ahlström, MA Arain, I Baker, JM Chen, P Ciais, C Davidson, M Dietze, B El-Masri, D Hayes, C Huntingford, AK Jain, PE Levy, MR Lomas, B Poulter, D Price, AK Sahoo, K Schaefer, H Tian, E Tomelleri, H Verbeeck, N Viovy, R Wania, N Zeng, CE Miller",Biogeosciences,"11 (15), 4271-4288",2014,128,D Huntzinger,,,false,true,,roLk4NBRz8UC,e4XX478AAAAJ,2025-02-15,carboncycleuncertaintyinthealaskanarctic
cultivatingcreativityinconservationscien-2014,Cultivating creativity in conservation science,"CE Aslan, ML Pinsky, ME Ryan, S Souther, KA Terrell",Conservation Biology,"28 (2), 345-353",2014,59,C Aslan; S Souther,,,true,true,,Y0pCki6q_DkC,OQcWVAoAAAAJ,2025-02-15,cultivatingcreativityinconservationscience
doestheestimatedimpactofwildfiresvarywit-2014,Does the estimated impact of wildfires vary with the housing price distribution? A quantile regression approach,"JM Mueller, JB Loomis",Land Use Policy,"41, 121-127",2014,68,J Mueller,,,false,true,,UeHWp8X0CEIC,brG-UpsAAAAJ,2025-02-15,doestheestimatedimpactofwildfiresvarywiththehousingpricedistributionaquantileregressionapproach
drugpolicyasconservationpolicynarcodefor-2014,Drug policy as conservation policy: narco-deforestation,"K McSweeney, EA Nielsen, MJ Taylor, DJ Wrathall, Z Pearson, O Wang, ST Plumb",Science,"343 (6170), 489-490",2014,206,E Nielsen,Spencer Plumb,,false,true,,WF5omc3nYNoC,vAflpUkAAAAJ,2025-02-15,drugpolicyasconservationpolicynarcodeforestation
dynamiclithospherewithinthegreatbasin-2014,Dynamic lithosphere within the Great Basin,"RC Porter, MJ Fouch, NC Schmerr","Geochemistry, Geophysics, Geosystems","15 (4), 1128-1146",2014,19,R Porter,,,true,true,,roLk4NBRz8UC,VrFY4scAAAAJ,2025-02-15,dynamiclithospherewithinthegreatbasin
earlyeocenecarbonisotopeexcursionsandlan-2014,Early Eocene carbon isotope excursions and landscape destabilization at eccentricity minima: Green River Formation of Wyoming,"ME Smith, AR Carroll, JJ Scott, BS Singer",Earth and Planetary Science Letters,"403, 393-406",2014,86,M Smith,,,true,true,,tS2w5q8j5-wC,CBG7OuAAAAAJ,2025-02-15,earlyeocenecarbonisotopeexcursionsandlandscapedestabilizationateccentricityminimagreenriverformationofwyoming
energyconsidertheglobalimpactsofoilpipel-2014,Energy: Consider the global impacts of oil pipelines,"WJ Palen, TD Sisk, ME Ryan, JL Árvai, M Jaccard, AK Salomon, T Homer-Dixon, KP Lertzman",Nature,"510 (7506), 465-467",2014,38,T Sisk,,,false,true,,VglVhKISWcQC,2ZA_zeIAAAAJ,2025-02-15,energyconsidertheglobalimpactsofoilpipelines
establishingcoolseasongrassesonadegraded-2014,Establishing cool‐season grasses on a degraded arid rangeland of the Colorado Plateau,"EJ Bernstein, CM Albano, TD Sisk, TE Crews, S Rosenstock",Restoration Ecology,"22 (1), 57-64",2014,36,T Sisk,Eli Bernstein,,false,true,,r0BpntZqJG4C,2ZA_zeIAAAAJ,2025-02-15,establishingcoolseasongrassesonadegradedaridrangelandofthecoloradoplateau
estimatingwillingnesstopayforwatershedre-2014,"Estimating willingness to pay for watershed restoration in Flagstaff, Arizona using dichotomous-choice contingent valuation",JM Mueller,Forestry,"87 (2), 327-333",2014,46,J Mueller,,,false,true,,IjCSPb-OGe4C,brG-UpsAAAAJ,2025-02-15,estimatingwillingnesstopayforwatershedrestorationinflagstaffarizonausingdichotomouschoicecontingentvaluation
evaluatingthequalitativeeffectivenessofa-2014,Evaluating the qualitative effectiveness of a novel pollinator: a case study of two endemic Hawaiian plants,"A Aslan, P Hart, J Wu, CE Aslan",Biotropica,"46 (6), 732-739",2014,11,C Aslan,,,true,true,,ufrVoPGSRksC,OQcWVAoAAAAJ,2025-02-15,evaluatingthequalitativeeffectivenessofanovelpollinatoracasestudyoftwoendemichawaiianplants
evaluatingtheuseofanenvironmentalassuran-2014,Evaluating the use of an environmental assurance program to address pollution from United States cropland,"D Stuart, E Benveniste, LM Harris",Land Use Policy,"39, 34-43",2014,22,D Stuart,,,true,true,,hqOjcs7Dif8C,cc0d2WUAAAAJ,2025-02-15,evaluatingtheuseofanenvironmentalassuranceprogramtoaddresspollutionfromunitedstatescropland
evolutionofmicrobialmarkets-2014,Evolution of microbial markets,"Werner GD, Strassmann JE, Ivens AB, Engelmoer DJ, Verbruggen E, Queller DC, Noë R, Johnson NC, Hammerstein P, Kiers ET",Proceedings of the National Academy of Sciences,"111 (4), 1237-1244",2014,243,N Johnson,,,false,true,,dhFuZR0502QC,vYs1mtEAAAAJ,2025-02-15,evolutionofmicrobialmarkets
explanationsofachanginglandscapeacritica-2014,Explanations of a changing landscape: a critical examination of the British Columbia bark beetle epidemic,"B Petersen, D Stuart",Environment and Planning A,"46 (3), 598-613",2014,25,D Stuart,,,true,true,,_FxGoFyzp5QC,cc0d2WUAAAAJ,2025-02-15,explanationsofachanginglandscapeacriticalexaminationofthebritishcolumbiabarkbeetleepidemic
factsheetfieldconsiderationsformeasuring-2014,Fact Sheet: Field Considerations for Measuring Evapotranspiration with the Eddy Covariance Method.,"W Ha, SM Lopez, AE Springer",Ecological Restoration Institute Fact Sheet,,2014,1,A Springer,,,true,true,,SeFeTyx0c_EC,X53gmAQAAAAJ,2025-02-15,factsheetfieldconsiderationsformeasuringevapotranspirationwiththeeddycovariancemethod
frameworkforspringsstewardshipprogramand-2014,"Framework for springs stewardship program and proposed action development: Spring Mountains National Recreation Area, Humboldt-Toiyabe National Forest","M Coles-Ritchie, SJ Solem, AE Springer, B Pendleton",Gen. Tech. Rep. RMRS-GTR-,"-330. Fort Collins, CO: US Department of Agriculture …",2014,2,A Springer,,,true,true,,35N4QoGY0k4C,X53gmAQAAAAJ,2025-02-15,frameworkforspringsstewardshipprogramandproposedactiondevelopmentspringmountainsnationalrecreationareahumboldttoiyabenationalforest
holocenestorminessinferredfromsedimentso-2014,"Holocene storminess inferred from sediments of two lakes on Adak Island, Alaska","ACL Krawiec, DS Kaufman",Quaternary Research,"82 (1), 73-84",2014,15,D Kaufman,,,false,true,,anf4URPfarAC,KpeykKsAAAAJ,2025-02-15,holocenestorminessinferredfromsedimentsoftwolakesonadakislandalaska
impactoflargescaleclimateextremesonbiosp-2014,Impact of large‐scale climate extremes on biospheric carbon fluxes: An intercomparison based on MsTMIP data,"J Zscheischler, AM Michalak, C Schwalm, MD Mahecha, DN Huntzinger, M Reichstein, Gël Berthier, P Ciais, RB Cook, B El‐Masri, M Huang, A Ito, A Jain, A King, H Lei, C Lu, J Mao, S Peng, B Poulter, D Ricciuto, X Shi, B Tao, H Tian, N Viovy, W Wang, Y Wei, J Yang, N Zeng",Global Biogeochemical Cycles,"28 (6), 585-600",2014,259,D Huntzinger,,,false,true,,_FxGoFyzp5QC,e4XX478AAAAJ,2025-02-15,impactoflargescaleclimateextremesonbiosphericcarbonfluxesanintercomparisonbasedonmstmipdata
imperfectreplacementofnativespeciesbynon-2014,Imperfect replacement of native species by non‐native species as pollinators of endemic Hawaiian plants,"CE Aslan, ES Zavaleta, B Tershy, DON Croll, RH Robichaux",Conservation Biology,"28 (2), 478-488",2014,69,C Aslan,,,true,true,,YsMSGLbcyi4C,OQcWVAoAAAAJ,2025-02-15,imperfectreplacementofnativespeciesbynonnativespeciesaspollinatorsofendemichawaiianplants
industrialanimalagribusinessandenvironme-2014,Industrial animal agribusiness and environmental sociological theory: Applications and areas for development,"R Gunderson, D Stuart",International Journal of Sociology,"44 (1), 54-74",2014,13,D Stuart,,,true,true,,Se3iqnhoufwC,cc0d2WUAAAAJ,2025-02-15,industrialanimalagribusinessandenvironmentalsociologicaltheoryapplicationsandareasfordevelopment
integratingsinglespeciesmanagementandlan-2014,"Integrating single-species management and landscape conservation using regional habitat occurrence models: the northern goshawk in the Southwest, USA","BG Dickson, TD Sisk, SE Sesnie, RT Reynolds, SS Rosenstock, CD Vojta, MF Ingraldi, JM Rundall",Landscape Ecology,"29 (5), 803-815",2014,16,B Dickson; T Sisk,,,false,true,,HDshCWvjkbEC,TZcEU1QAAAAJ,2025-02-15,integratingsinglespeciesmanagementandlandscapeconservationusingregionalhabitatoccurrencemodelsthenortherngoshawkinthesouthwestusa
issuesinforestrestorationthehistoryofthe-2014,Issues in forest restoration: The history of the four forest restoration initiative: 1980s-2010,"D Egan, E Nielsen",ERI White Paper–Issues in Forest Restoration,,2014,1,E Nielsen,,,false,true,,hqOjcs7Dif8C,vAflpUkAAAAJ,2025-02-15,issuesinforestrestorationthehistoryofthefourforestrestorationinitiative1980s2010
jurassicbarrovianmetamorphisminawesternu-2014,"Jurassic Barrovian metamorphism in a western US Cordilleran metamorphic core complex, Funeral Mountains, California",SC Affinati,Geology,"42 (5), 399-402",2014,39,T Hoisch,,,false,true,,GnPB-g6toBAC,7_cd6R4AAAAJ,2025-02-15,jurassicbarrovianmetamorphisminawesternuscordilleranmetamorphiccorecomplexfuneralmountainscalifornia
lateglacialandholoceneenvironmentalchang-2014,"Late glacial and Holocene environmental changes inferred from sediments in Lake Myklevatnet, Nordfjord, western Norway","A Nesje, J Bakke, SJ Brooks, DS Kaufman, E Kihlberg, M Trachsel, WJ D’Andrea, JA Matthews",Vegetation history and archaeobotany,"23, 229-248",2014,10,D Kaufman,,,false,true,,_FM0Bhl9EiAC,KpeykKsAAAAJ,2025-02-15,lateglacialandholoceneenvironmentalchangesinferredfromsedimentsinlakemyklevatnetnordfjordwesternnorway
latequaternaryfaultinghistoryofthecarriz-2014,"Late Quaternary faulting history of the Carrizal and related faults, La Paz region, Baja California Sur, Mexico","PJ Umhoefer, SJ Maloney, B Buchanan, JRón Arrowsmith, G Martinez-Gutiérrez, G Kent, N Driscoll, A Harding, D Kaufman, T Rittenour",Geosphere,"10 (3), 476-504",2014,18,D Kaufman; P Umhoefer,Beverly Buchanan; Sara Maloney,,false,true,,LO7wyVUgiFcC,KpeykKsAAAAJ,2025-02-15,latequaternaryfaultinghistoryofthecarrizalandrelatedfaultslapazregionbajacaliforniasurmexico
longtermaccumulationofcarbonateshellsref-2014,Long-term accumulation of carbonate shells reflects a 100-fold drop in loss rate,"A Tomašových, SM Kidwell, RF Barber, DS Kaufman",Geology,"42 (9), 819-822",2014,68,D Kaufman,,,false,true,,IUKN3-7HHlwC,KpeykKsAAAAJ,2025-02-15,longtermaccumulationofcarbonateshellsreflectsa100folddropinlossrate
modelingtheterrestrialbiosphere-2014,Modeling the terrestrial biosphere,"JB Fisher, DN Huntzinger, CR Schwalm, S Sitch",Annual review of environment and resources,"39 (1), 91-123",2014,238,D Huntzinger,,,false,true,,LkGwnXOMwfcC,e4XX478AAAAJ,2025-02-15,modelingtheterrestrialbiosphere
modellingandmappingdynamicvariabilityinl-2014,Modelling and mapping dynamic variability in large fire probability in the lower Sonoran Desert of south-western Arizona,"ME Gray, BG Dickson, LJ Zachmann",International Journal of Wildland Fire,"23 (8), 1108-1118",2014,33,B Dickson,Miranda Gray,,false,true,,bEWYMUwI8FkC,TZcEU1QAAAAJ,2025-02-15,modellingandmappingdynamicvariabilityinlargefireprobabilityinthelowersonorandesertofsouthwesternarizona
nacpmstmipglobal05degterrestrialbiospher-2014,NACP MsTMIP: Global 0.5-deg terrestrial biosphere model outputs (version 1) in standard format,"DN Huntzinger, CR Schwalm, Y Wei, RB Cook, AM Michalak, K Schaefer, AR Jacobson, MA Arain, P Ciais, JB Fisher, DJ Hayes, M Huang, S Huang, A Ito, AK Jain, H Lei, C Lu, F Maignan, J Mao, N Parazoo, C Peng, S Peng, B Poulter, DM Ricciuto, H Tian, X Shi, W Wang, N Zeng, F Zhao, Q Zhu, J Yang, B Tao",Data set. Available on-line [http://daac. ornl. gov] from Oak Ridge National …,,2014,17,D Huntzinger,,,false,true,,tS2w5q8j5-wC,e4XX478AAAAJ,2025-02-15,nacpmstmipglobal05degterrestrialbiospheremodeloutputsversion1instandardformat
nacpmstmipglobalandnorthamericandriverda-2014,NACP MsTMIP: Global and North American driver data for multi-model intercomparison,"Y Wei, S Liu, DN Huntzinger, AM Michalak, N Viovy, WM Post, CR Schwalm, K Schaefer, AR Jacobson, C Lu, H Tian, DM Ricciuto, RB Cook, J Mao, X Shi",Data set,2014,2014,55,D Huntzinger,,,false,true,,K3LRdlH-MEoC,e4XX478AAAAJ,2025-02-15,nacpmstmipglobalandnorthamericandriverdataformultimodelintercomparison
nacpmstmipglobalandnorthamericandriverda-2014-2,NACP MsTMIP: global and North American driver data for multi-model intercomparison. Data set. Available on-line [http://daac. ornl. gov] from oak Ridge National Laboratory …,"Y Wei, S Liu, D Huntzinger, AM Michalak, N Viovy, WM Post, C Schwalm, K Schaefer, AR Jacobson, C Lu, H Tian, DM Ricciuto, RB Cook, J Mao, X Shi","Lab. Distrib. Act. Arch. Center, Oak Ridge, Tennessee, USA",,2014,3,D Huntzinger,,,false,true,,BqipwSGYUEgC,e4XX478AAAAJ,2025-02-15,nacpmstmipglobalandnorthamericandriverdataformultimodelintercomparisondatasetavailableonlinehttpdaacornlgovfromoakridgenationallaboratory
nacpmstmipsummaryofmodelstructureandchar-2014,NACP MsTMIP summary of model structure and characteristics,"DN Huntzinger, CR SCHWALM, AM Michalak, K Schaefer, Y Wei, RB Cook, AR Jacobson",ORNL DAAC,,2014,8,D Huntzinger,,,false,true,,olpn-zPbct0C,e4XX478AAAAJ,2025-02-15,nacpmstmipsummaryofmodelstructureandcharacteristics
northamericasnetterrestrialcarbonexchang-2014,North America’s net terrestrial carbon exchange with the atmosphere 1990–2009,"AW King, RJ Andres, KJ Davis, M Hafer, DJ Hayes, DN Huntzinger, Bd Jong, WA Kurz, AD McGuire, R Vargas, Y Wei, TO West, CW Woodall",Biogeosci. Discuss,"11 (7), 11,027-11,059",2014,1,D Huntzinger,,,false,true,,4TOpqqG69KYC,e4XX478AAAAJ,2025-02-15,northamericasnetterrestrialcarbonexchangewiththeatmosphere19902009
paleogeographicrecordofeocenefarallonsla-2014,Paleogeographic record of Eocene Farallon slab rollback beneath western North America,"ME Smith, AR Carroll, BR Jicha, EJ Cassel, JJ Scott",Geology,"42 (12), 1039-1042",2014,124,M Smith,,,true,true,,8AbLer7MMksC,CBG7OuAAAAAJ,2025-02-15,paleogeographicrecordofeocenefarallonslabrollbackbeneathwesternnorthamerica
probabilisticmodelsoffireoccurrenceacros-2014,"Probabilistic models of fire occurrence across National Park Service units within the Mojave Desert Network, USA","EE Hegeman, BG Dickson, LJ Zachmann",Landscape Ecology,"29 (9), 1587-1600",2014,26,B Dickson,,,false,true,,j3f4tGmQtD8C,TZcEU1QAAAAJ,2025-02-15,probabilisticmodelsoffireoccurrenceacrossnationalparkserviceunitswithinthemojavedesertnetworkusa
projectingcurrentandfuturelocationqualit-2014,"Projecting current and future location, quality, and connectivity of habitat for breeding birds in the Great Basin","E Fleishman, JR Thomson, EL Kalies, BG Dickson, DS Dobkin, M Leu",Ecosphere,"5 (7), 1-29",2014,21,B Dickson,,,false,true,,RHpTSmoSYBkC,TZcEU1QAAAAJ,2025-02-15,projectingcurrentandfuturelocationqualityandconnectivityofhabitatforbreedingbirdsinthegreatbasin
publicdeliberationaboutsalmonrestoration-2014,Public deliberation about salmon restoration impacts: Differences in the input of citizens in different community roles,"CC Harris, DR Becker, EA Nielsen, WJ Mclaughlin",Journal of Environmental Assessment Policy and Management,"16 (04), 1450033",2014,2,E Nielsen,Caroline Harris,,false,true,,Se3iqnhoufwC,vAflpUkAAAAJ,2025-02-15,publicdeliberationaboutsalmonrestorationimpactsdifferencesintheinputofcitizensindifferentcommunityroles
reducingnitrogenfertilizerapplicationasa-2014,Reducing nitrogen fertilizer application as a climate change mitigation strategy: Understanding farmer decision-making and potential barriers to change in the US,"D Stuart, RL Schewe, M McDermott",Land use policy,"36, 210-218",2014,289,D Stuart,,,true,true,,YsMSGLbcyi4C,cc0d2WUAAAAJ,2025-02-15,reducingnitrogenfertilizerapplicationasaclimatechangemitigationstrategyunderstandingfarmerdecisionmakingandpotentialbarrierstochangeintheus
secondaryextinctionsofbiodiversity-2014,Secondary extinctions of biodiversity,"JF Brodie, CE Aslan, HS Rogers, KH Redford, JL Maron, JL Bronstein, CR Groves",Trends in ecology & evolution,"29 (12), 664-672",2014,203,C Aslan,,,true,true,,IjCSPb-OGe4C,OQcWVAoAAAAJ,2025-02-15,secondaryextinctionsofbiodiversity
similaritiesbetweenthethumapofthewestern-2014,Similarities between the Th/U map of the western US crystalline basement and the seismic properties of the underlying lithosphere,"RA Bouchet, J Blichert-Toft, MR Reid, A Levander, F Albarède",Earth and Planetary Science Letters,"391, 243-254",2014,16,M Reid,,,false,true,,ZeXyd9-uunAC,pg-HuIIAAAAJ,2025-02-15,similaritiesbetweenthethumapofthewesternuscrystallinebasementandtheseismicpropertiesoftheunderlyinglithosphere
spatialapplicationofapredictivewildlifeo-2014,Spatial application of a predictive wildlife occurrence model to assess alternative forest management scenarios in northern Arizona,"CT Ray, BG Dickson, TD Sisk, SE Sesnie",Forest ecology and management,"322, 117-126",2014,13,B Dickson; T Sisk,Christopher Ray,,false,true,,TQgYirikUcIC,TZcEU1QAAAAJ,2025-02-15,spatialapplicationofapredictivewildlifeoccurrencemodeltoassessalternativeforestmanagementscenariosinnorthernarizona
systematicidentificationofpotentialconse-2014,Systematic identification of potential conservation priority areas on roadless Bureau of Land Management lands in the western United States,"BG Dickson, LJ Zachmann, CM Albano",Biological Conservation,"178, 117-127",2014,35,B Dickson,,,false,true,,r0BpntZqJG4C,TZcEU1QAAAAJ,2025-02-15,systematicidentificationofpotentialconservationpriorityareasonroadlessbureauoflandmanagementlandsinthewesternunitedstates
thecampusasafouryearundergraduatelearnin-2014,"The Campus as a Four-Year Undergraduate Learning Laboratory on Sustainability: Linking Facilities, Operations, Curriculum, and Community Engagement.","R Parnell, L Berutich, A Henn, N Koressel",Council on Undergraduate Research Quarterly,35 (1),2014,6,R Parnell,Abraham Henn,,false,true,,RHpTSmoSYBkC,IoVNx7IAAAAJ,2025-02-15,thecampusasafouryearundergraduatelearninglaboratoryonsustainabilitylinkingfacilitiesoperationscurriculumandcommunityengagement
theeffectofspeciesonlacustrine18odiatoma-2014,The effect of species on lacustrine δ18Odiatom and its implications for palaeoenvironmental reconstructions,"HL Bailey, ACG Henderson, HJ Sloane, A Snelling, MJ Leng, DS Kaufman",Journal of Quaternary Science,"29 (4), 393-400",2014,18,D Kaufman,,,false,true,,6ZxmRoH8BuwC,KpeykKsAAAAJ,2025-02-15,theeffectofspeciesonlacustrine18odiatomanditsimplicationsforpalaeoenvironmentalreconstructions
thenorthamericancarbonprogrammultiscales-2014,The North American carbon program multi-scale synthesis and terrestrial model intercomparison project–Part 2: Environmental driver data,"Y Wei, S Liu, DN Huntzinger, AM Michalak, N Viovy, WM Post, CR Schwalm, K Schaefer, AR Jacobson, C Lu, H Tian, DM Ricciuto, RB Cook, J Mao, X Shi",Geoscientific Model Development Discussions,"7 (6), 2875-2893",2014,113,D Huntzinger,,,false,true,,UebtZRa9Y70C,e4XX478AAAAJ,2025-02-15,thenorthamericancarbonprogrammultiscalesynthesisandterrestrialmodelintercomparisonprojectpart2environmentaldriverdata
visualreconciliationofalternativesimilar-2014,Visual reconciliation of alternative similarity spaces in climate modeling,"J Poco, A Dasgupta, Y Wei, W Hargrove, CR Schwalm, DN Huntzinger, R Cook, E Bertini, CT Silva",IEEE transactions on visualization and computer graphics,"20 (12), 1923-1932",2014,33,D Huntzinger,Chelsea Silva,,false,true,,hqOjcs7Dif8C,e4XX478AAAAJ,2025-02-15,visualreconciliationofalternativesimilarityspacesinclimatemodeling
wildfireinhedonicpropertyvaluestudies-2014,Wildfire in hedonic property value studies,"WD Hansen, JM Mueller, HT Naughton",Western Economics Forum,"13 (1), 23-35",2014,16,J Mueller,,,false,true,,Tyk-4Ss8FVUC,brG-UpsAAAAJ,2025-02-15,wildfireinhedonicpropertyvaluestudies
worldview2highspatialresolutionimprovesd-2014,WorldView-2 high spatial resolution improves desert invasive plant detection,"T Sankey, B Dickson, S Sesnie, O Wang, A Olsson, L Zachmann",Photogrammetric Engineering and Remote Sensing,"80 (9), 885-893",2014,18,B Dickson; T Sankey,,,false,true,,iH-uZ7U-co4C,TZcEU1QAAAAJ,2025-02-15,worldview2highspatialresolutionimprovesdesertinvasiveplantdetection
10beagesoflatepleistocenedeglaciationand-2013,"10Be ages of late Pleistocene deglaciation and Neoglaciation in the north‐central Brooks Range, Arctic Alaska","ME Badding, JP Briner, DS Kaufman",Journal of Quaternary Science,"28 (1), 95-102",2013,59,D Kaufman,,,false,true,,4MWp96NkSFoC,KpeykKsAAAAJ,2025-02-15,10beagesoflatepleistocenedeglaciationandneoglaciationinthenorthcentralbrooksrangearcticalaska
agemodelsandtephrostratigraphyfromtwolak-2013,"Age models and tephrostratigraphy from two lakes on Adak Island, Alaska","ACL Krawiec, DS Kaufman, DA Vaillencourt",Quaternary Geochronology,"18, 41-53",2013,10,D Kaufman,David Vaillencourt,,false,true,,oNZyr7d5Mn4C,KpeykKsAAAAJ,2025-02-15,agemodelsandtephrostratigraphyfromtwolakesonadakislandalaska
agemodelsforlonglacustrinesedimentrecord-2013,"Age models for long lacustrine sediment records using multiple dating approaches–An example from Lake Bosumtwi, Ghana","TM Shanahan, JA Peck, N McKay, CWH Jr, J King, SL Forman, DL Hoffmann, DA Richards, JT Overpeck, C Scholz",Quaternary Geochronology,"15, 47-60",2013,54,N McKay,,,true,true,,eQOLeE2rZwMC,j8_CgoEAAAAJ,2025-02-15,agemodelsforlonglacustrinesedimentrecordsusingmultipledatingapproachesanexamplefromlakebosumtwighana
aminoaciddating-2013,Amino acid dating,"GH Miller, DS Kaufman, S Clarke",Encyclopedia of quaternary science,37-48,2013,47,D Kaufman,,,false,true,,ZqE1mSdD_DYC,KpeykKsAAAAJ,2025-02-15,aminoaciddating
aminoacidgeochronologyrecentperspectives-2013,Amino acid geochronology: Recent perspectives,"K Penkman, D Kaufman",Quaternary Geochronology,"16, 1-2",2013,14,D Kaufman,,,false,true,,vbGhcppDl1QC,KpeykKsAAAAJ,2025-02-15,aminoacidgeochronologyrecentperspectives
aminoacidracemizationinmonospecificforam-2013,Amino acid racemization in mono-specific foraminifera from Quaternary deep-sea sediments,"DS Kaufman, K Cooper, R Behl, K Billups, J Bright, K Gardner, P Hearty, M Jakobsson, I Mendes, M O'Leary, L Polyak, T Rasmussen, F Rosa, M Schmidt",Quaternary Geochronology,"16, 50-61",2013,31,D Kaufman,Matthew Schmidt,,false,true,,EkHepimYqZsC,KpeykKsAAAAJ,2025-02-15,aminoacidracemizationinmonospecificforaminiferafromquaternarydeepseasediments
aquantitativemethodtoanalyzethequalityof-2013,A quantitative method to analyze the quality of EIA information in wind energy development and avian/bat assessments,"T Chang, E Nielsen, W Auberle, FI Solop",Environmental impact assessment review,"38, 142-150",2013,54,E Nielsen,Tony Chang,,false,true,,YsMSGLbcyi4C,vAflpUkAAAAJ,2025-02-15,aquantitativemethodtoanalyzethequalityofeiainformationinwindenergydevelopmentandavianbatassessments
aspatialprobitmodelingapproachtoaccountf-2013,A spatial probit modeling approach to account for spatial spillover effects in dicotomous choice contingent valuation surveys,"JB Loomis, JM Mueller",Journal of Agricultural and Applied Economics,"45 (1), 53-63",2013,28,J Mueller,,,false,true,,9ZlFYXVOiuMC,brG-UpsAAAAJ,2025-02-15,aspatialprobitmodelingapproachtoaccountforspatialspillovereffectsindicotomouschoicecontingentvaluationsurveys
carsandcanyonsunderstandingroadsideimpac-2013,Cars and canyons: Understanding roadside impacts of automobile pollution in Grand Canyon National Park,"JA Kenkel, T Sisk, K Hultine, S Sesnie, M Bowker, NC Johnson",Park Science,"30 (2), 52",2013,1,N Johnson; T Sisk,Julie Kenkel,,false,true,,KR6TXPE-FHQC,2ZA_zeIAAAAJ,2025-02-15,carsandcanyonsunderstandingroadsideimpactsofautomobilepollutioningrandcanyonnationalpark
centreforpalynologyandpalaeoecologydepar-2013,Centre for Palynology and Palaeoecology Department of Geography and Environmental Science,"AP Kershaw, MB Bush, GS Hope, KF Weiss, JG Goldammerº, R Sanford",Sediment Rec. Biomass Burn. Glob. Chang,"51, 413",2013,1,R Sanford,,,false,true,,dfsIfKJdRG4C,mMGsnC8AAAAJ,2025-02-15,centreforpalynologyandpalaeoecologydepartmentofgeographyandenvironmentalscience
characterizingthedynamicsofaminoacidrace-2013,Characterizing the dynamics of amino acid racemization using time-dependent reaction kinetics: a Bayesian approach to fitting age-calibration models,"AP Allen, MA Kosnik, DS Kaufman",Quaternary Geochronology,"18, 63-77",2013,43,D Kaufman,,,false,true,,kz9GbA2Ns4gC,KpeykKsAAAAJ,2025-02-15,characterizingthedynamicsofaminoacidracemizationusingtimedependentreactionkineticsabayesianapproachtofittingagecalibrationmodels
continentalscaletemperaturevariabilitydu-2013,Continental-scale temperature variability during the past two millennia,Pages2k Consortium,Nature geoscience,"6 (5), 339-346",2013,1089,D Kaufman; N McKay,,,false,true,,p__nRnzSRKYC,KpeykKsAAAAJ,2025-02-15,continentalscaletemperaturevariabilityduringthepasttwomillennia
earlyandlateholoceneglacialfluctuationsa-2013,"Early and late Holocene glacial fluctuations and tephrostratigraphy, Cabin Lake, Alaska","PD Zander, DS Kaufman, SC Kuehn, KL Wallace, RS Anderson",Journal of Quaternary Science,"28 (8), 761-771",2013,25,R Anderson; D Kaufman,Paul Zander; Kristi Wallace,,false,true,,0N-VGjzr574C,KpeykKsAAAAJ,2025-02-15,earlyandlateholoceneglacialfluctuationsandtephrostratigraphycabinlakealaska
estimatingarizonaresidentswillingnesstop-2013,Estimating Arizona residents’ willingness to pay to invest in research and development in solar energy,JM Mueller,Energy policy,"53, 462-476",2013,28,J Mueller,,,false,true,,2osOgNQ5qMEC,brG-UpsAAAAJ,2025-02-15,estimatingarizonaresidentswillingnesstopaytoinvestinresearchanddevelopmentinsolarenergy
estimatingthevalueofwatershedservicesfol-2013,Estimating the value of watershed services following forest restoration,"JM Mueller, W Swaffar, EA Nielsen, AE Springer, SM Lopez",Water Resources Research,"49 (4), 1773-1781",2013,58,J Mueller; E Nielsen; A Springer,Wes Swaffar,,false,true,,9yKSN-GCB0IC,brG-UpsAAAAJ,2025-02-15,estimatingthevalueofwatershedservicesfollowingforestrestoration
evaluationofcontinentalcarboncyclesimula-2013,Evaluation of continental carbon cycle simulations with North American flux tower observations,"BM Raczka, KJ Davis, D Huntzinger, RP Neilson, B Poulter, AD Richardson, J Xiao, I Baker, P Ciais, TF Keenan, B Law, WM Post, D Ricciuto, K Schaefer, H Tian, E Tomelleri, H Verbeeck, N Viovy",Ecological Monographs,"83 (4), 531-556",2013,106,D Huntzinger,,,false,true,,Tyk-4Ss8FVUC,e4XX478AAAAJ,2025-02-15,evaluationofcontinentalcarboncyclesimulationswithnorthamericanfluxtowerobservations
expedition343343tsummary-2013,Expedition 343/343T Summary,"FM Chester, J Mori, N Eguchi, S Toczko",Proc IODP,"343, 1-28",2013,13,J Sample,,,false,true,,D03iK_w7-QYC,JL2daQcAAAAJ,2025-02-15,expedition343343tsummary
expedition343scientists2013stressstatein-2013,Expedition 343 Scientists (2013) Stress state in the largest displacement area of the 2011 Tohoku-Oki earthquake,"W Lin, M Conin, JC Moore, FM Chester, Y Nakamura, JJ Mori, L Anderson, EE Brodsky, N Eguchi",Science,"339 (6120), 687-690",2013,65,J Sample,,,false,true,,bFI3QPDXJZMC,JL2daQcAAAAJ,2025-02-15,expedition343scientists2013stressstateinthelargestdisplacementareaofthe2011tohokuokiearthquake
extendingsocialtheorytofarmanimalsaddres-2013,Extending social theory to farm animals: Addressing alienation in the dairy sector,"D Stuart, RL Schewe, R Gunderson",Sociologia ruralis,"53 (2), 201-222",2013,99,D Stuart,,,true,true,,zYLM7Y9cAGgC,cc0d2WUAAAAJ,2025-02-15,extendingsocialtheorytofarmanimalsaddressingalienationinthedairysector
geometrysegmentationandquaternaryslipbeh-2013,"Geometry, segmentation, and Quaternary slip behavior of the San Juan de los Planes and Saltito fault zones, Baja California Sur, Mexico: Characterization of rift-margin normal …","M Busch, JR Arrowsmith, P Umhoefer, J Coyan, G Kent, N Driscoll, GM Gutierrez",Geosphere,,2013,2,P Umhoefer,,,false,true,,iH-uZ7U-co4C,ZLMsh8MAAAAJ,2025-02-15,geometrysegmentationandquaternaryslipbehaviorofthesanjuandelosplanesandsaltitofaultzonesbajacaliforniasurmexicocharacterizationofriftmarginnormal
howwarmwasthelastinterglacialnewmodeldat-2013,How warm was the last interglacial? New model–data comparisons,"BL Otto-Bliesner, N Rosenbloom, EJ Stone, NP McKay, DJ Lunt, EC Brady, JT Overpeck","Philosophical Transactions of the Royal Society A: Mathematical, Physical …",,2013,205,N McKay,,,true,true,,Se3iqnhoufwC,j8_CgoEAAAAJ,2025-02-15,howwarmwasthelastinterglacialnewmodeldatacomparisons
lowcoseismicfrictiononthetohokufaultdete-2013,Low Coseismic Friction on the Tohoku Fault Determined from Temperature Measurements,"ea. Fulton, P., Brodsky, E.E., Kano, Y., Mori, J., Chester, F., Ishikawa, T., Harris, R. N., Lin, W., Eguchi, N., Toczko, S.",Science,"342, 1214-1217",2013,346,J Sample,,,false,true,,ns9cj8rnVeAC,JL2daQcAAAAJ,2025-02-15,lowcoseismicfrictiononthetohokufaultdeterminedfromtemperaturemeasurements
lowcoseismicshearstressonthetohokuokimeg-2013,Low coseismic shear stress on the Tohoku-Oki megathrust determined from laboratory experiments,"K Ujiie, H Tanaka, T Saito, A Tsutsumi, JJ Mori, J Kameda, EE Brodsky, FM Chester, N Eguchi, S Toczko, E343a343T Scientists",Science,"342 (6163), 1211-1214",2013,302,J Sample,,,false,true,,_xSYboBqXhAC,JL2daQcAAAAJ,2025-02-15,lowcoseismicshearstressonthetohokuokimegathrustdeterminedfromlaboratoryexperiments
magmamixingandthegenerationofisotopicall-2013,Magma mixing and the generation of isotopically juvenile silicic magma at Yellowstone caldera inferred from coupling 238U–230Th ages with trace elements and …,"ME Stelten, KM Cooper, JA Vazquez, MR Reid, GH Barfod, J Wimpenny, Q-z Yin",Contributions to Mineralogy and Petrology,"166, 587-613",2013,61,M Reid,Jorge Vazquez,,false,true,,9ZlFYXVOiuMC,pg-HuIIAAAAJ,2025-02-15,magmamixingandthegenerationofisotopicallyjuvenilesilicicmagmaatyellowstonecalderainferredfromcoupling238u230thageswithtraceelementsand
newconceptualmodelforsoiltreatmentunitsf-2013,New conceptual model for soil treatment units: Formation of multiple hydraulic zones during unsaturated wastewater infiltration,"M Geza, KS Lowe, DN Huntzinger, JE McCray",Journal of environmental quality,"42 (4), 1196-1204",2013,11,D Huntzinger,,,false,true,,MXK_kJrjxJIC,e4XX478AAAAJ,2025-02-15,newconceptualmodelforsoiltreatmentunitsformationofmultiplehydrauliczonesduringunsaturatedwastewaterinfiltration
onthepotentialoframanspectroscopybasedca-2013,On the potential of Raman‐spectroscopy‐based carbonate mass spectrometry,"NP McKay, DL Dettman, RT Downs, JT Overpeck",Journal of Raman Spectroscopy,"44 (3), 469-474",2013,13,N McKay,,,true,true,,YsMSGLbcyi4C,j8_CgoEAAAAJ,2025-02-15,onthepotentialoframanspectroscopybasedcarbonatemassspectrometry
paleoclimatehistoryofthearctic-2013,Paleoclimate history of the Arctic,"GH Miller, J Brigham-Grette, RB Alley, L Anderson, HA Bauch, MSV Douglas, ME Edwards, SA Elias, BP Finney, JJ Fitzpatrick, SV Funder, A Geirsdóttir, TD Herbert, LD Hinzman, DS Kaufman, GM MacDonald, L Polyak, A Robock, MC Serreze, JP Smol, R Spielhagen, JWC White, AP Wolfe, EW Wolff",Encyclopedia of Quaternary Science: Second Edition,113-125,2013,9,D Kaufman,Evan Wolff,,false,true,,LI9QrySNdTsC,KpeykKsAAAAJ,2025-02-15,paleoclimatehistoryofthearctic
predictingcommunityandecosystemoutcomeso-2013,Predicting community and ecosystem outcomes of mycorrhizal responses to global change,,Ecology letters,"16, 140-153",2013,250,N Johnson,,,false,true,,mVmsd5A6BfQC,vYs1mtEAAAAJ,2025-02-15,predictingcommunityandecosystemoutcomesofmycorrhizalresponsestoglobalchange
professionaldevelopmentintegratingtechno-2013,Professional Development Integrating Technology: Does Delivery Format Matter?.,"J Claesgens, L Rubino-Hare, N Bloom, K Fredrickson, C Henderson-Dahms, J Menasco, J Sample",Science Educator,"22 (1), 10-18",2013,29,J Sample,,,false,true,,MXK_kJrjxJIC,JL2daQcAAAAJ,2025-02-15,professionaldevelopmentintegratingtechnologydoesdeliveryformatmatter
pryingnativepeoplefromnativelandsnarcobu-2013,Prying Native People from Native Lands: Narco Business in Honduras,"K McSweeney, Z Pearson",NACLA Report on the Americas,"46 (4), 7-12",2013,36,E Nielsen,,,false,true,,4TOpqqG69KYC,vAflpUkAAAAJ,2025-02-15,pryingnativepeoplefromnativelandsnarcobusinessinhonduras
radiocarboncalibratedmultipleaminoacidge-2013,"Radiocarbon-calibrated multiple amino acid geochronology of Holocene molluscs from Bramble and Rib Reefs (Great Barrier Reef, Australia)","MA Kosnik, DS Kaufman, Q Hua",Quaternary Geochronology,"16, 73-86",2013,43,D Kaufman,,,false,true,,yB1At4FlUx8C,KpeykKsAAAAJ,2025-02-15,radiocarboncalibratedmultipleaminoacidgeochronologyofholocenemolluscsfrombrambleandribreefsgreatbarrierreefaustralia
scalinguptoaddressnewchallengestoconserv-2013,Scaling up to address new challenges to conservation on US farmland,"D Stuart, S Gillon",Land Use Policy,"31, 223-236",2013,108,D Stuart,,,true,true,,qjMakFHDy7sC,cc0d2WUAAAAJ,2025-02-15,scalinguptoaddressnewchallengestoconservationonusfarmland
sensitivityofinferredclimatemodelskillto-2013,Sensitivity of inferred climate model skill to evaluation decisions: a case study using CMIP5 evapotranspiration,"CR Schwalm, DN Huntinzger, AM Michalak, JB Fisher, JS Kimball, B Mueller, K Zhang, Y Zhang",Environmental Research Letters,"8 (2), 024028",2013,61,D Huntzinger,,,false,true,,JV2RwH3_ST0C,e4XX478AAAAJ,2025-02-15,sensitivityofinferredclimatemodelskilltoevaluationdecisionsacasestudyusingcmip5evapotranspiration
sequencestratigraphyandtheresolutionofth-2013,Sequence stratigraphy and the resolution of the fossil record,"D Scarponi, D Kaufman, A Amorosi, Mł Kowalewski",Geology,"41 (2), 239-242",2013,101,D Kaufman,,,false,true,,ML0RJ9NH7IQC,KpeykKsAAAAJ,2025-02-15,sequencestratigraphyandtheresolutionofthefossilrecord
spatialandtemporalvariabilityinsedimento-2013,Spatial and temporal variability in sedimentological and geochemical properties of sediments from an anoxic crater lake in West Africa: implications for paleoenvironmental …,"TM Shanahan, N McKay, JT Overpeck, JA Peck, C Scholz, CWH Jr, J King","Palaeogeography, palaeoclimatology, palaeoecology","374, 96-109",2013,30,N McKay,,,true,true,,WF5omc3nYNoC,j8_CgoEAAAAJ,2025-02-15,spatialandtemporalvariabilityinsedimentologicalandgeochemicalpropertiesofsedimentsfromananoxiccraterlakeinwestafricaimplicationsforpaleoenvironmental
spatialpatternsoftotalandavailablenandpa-2013,Spatial patterns of total and available N and P at alpine treeline,"D Liptzin, RL Sanford, TR Seastedt",Plant and Soil,"365, 127-140",2013,34,R Sanford,,,false,true,,YOwf2qJgpHMC,mMGsnC8AAAAJ,2025-02-15,spatialpatternsoftotalandavailablenandpatalpinetreeline
stressstateinthelargestdisplacementareao-2013,Stress State in the Largest Displacement Area of the 2011 Tohoku-Oki Earthquake,"W Lin, M Conin, J.C Moore, F Chester, Y Nakamura, J Mori, L Anderson, E Brodsky, N Eguchi, B Cook, T Jeppson, M Wolfson-Schwer, Y Sanada, Y Kido, T Hirose, J Behrmann, M Ikari, K Ujiie, C Rowe, J Kirkpatrick, S Bose, C Regalla, F Remitti, V Toy, P Fulton, T Mishima, T Yang, S Tiaohanzhe, T Ishikawa, J Sample, K Takai, J Kameda, S Toczko, L Maeda, S Kodaira, R Hino, D Saffer",Science,"339 (6120), 687-690",2013,142,C Regalla; J Sample,,,true,true,,8AbLer7MMksC,JL2daQcAAAAJ,2025-02-15,stressstateinthelargestdisplacementareaofthe2011tohokuokiearthquake
structureandcompositionoftheplateboundar-2013,Structure and composition of the plate-boundary slip zone for the 2011 Tohoku-Oki earthquake,"FM Chester, C Rowe, K Ujiie, J Kirkpatrick, C Regalla, F Remitti, JC Moore, V Toy, M Wolfson-Schwehr, S Bose, J Kameda, JJ Mori, EE Brodsky, N Eguchi, S Toczko",Science,"342 (6163), 1208-1211",2013,305,C Regalla; J Sample,,,true,true,,a0OBvERweLwC,JL2daQcAAAAJ,2025-02-15,structureandcompositionoftheplateboundaryslipzoneforthe2011tohokuokiearthquake
thecontinuumconceptremainsausefulframewo-2013,The continuum concept remains a useful framework for studying mycorrhizal functioning,,Plant and soil,"363, 411-419",2013,254,N Johnson,,,false,true,,aqlVkmm33-oC,vYs1mtEAAAAJ,2025-02-15,thecontinuumconceptremainsausefulframeworkforstudyingmycorrhizalfunctioning
themythofefficiencytechnologyandethicsin-2013,The myth of efficiency: technology and ethics in industrial food production,"D Stuart, MR Woroosz",Journal of agricultural and environmental ethics,"26, 231-256",2013,27,D Stuart,,,true,true,,W7OEmFMy1HYC,cc0d2WUAAAAJ,2025-02-15,themythofefficiencytechnologyandethicsinindustrialfoodproduction
thenorthamericancarbonprogrammultiscales-2013,The North American carbon program multi-scale synthesis and terrestrial model intercomparison project–Part 1: Overview and experimental design,"DN Huntzinger, C Schwalm, AM Michalak, K Schaefer, AW King, Y Wei, A Jacobson, S Liu, RB Cook, WM Post, G Berthier, D Hayes, M Huang, A Ito, H Lei, C Lu, J Mao, CH Peng, S Peng, B Poulter, D Riccuito, X Shi, H Tian, W Wang, N Zeng, F Zhao, Q Zhu",Geoscientific Model Development,"6 (6), 2121-2133",2013,242,D Huntzinger,,,false,true,,zYLM7Y9cAGgC,e4XX478AAAAJ,2025-02-15,thenorthamericancarbonprogrammultiscalesynthesisandterrestrialmodelintercomparisonprojectpart1overviewandexperimentaldesign
thethicknessofsubductionplateboundaryfau-2013,The thickness of subduction plate boundary faults from the seafloor into the seismogenic zone,"CD Rowe, JC Moore, F Remitti, IODPE343/343T Scientists",Geology,"41 (9), 991-994",2013,162,J Sample,,,false,true,,pyW8ca7W8N0C,JL2daQcAAAAJ,2025-02-15,thethicknessofsubductionplateboundaryfaultsfromtheseafloorintotheseismogeniczone
theunifiednorthamericansoilmapanditsimpl-2013,The Unified North American Soil Map and its implication on the soil organic carbon stock in North America.,"S Liu, Y Wei, WM Post, RB Cook, K Schaefer, MM Thornton",Biogeosciences Discussions,"10 (5), 2915-2930",2013,75,D Huntzinger,,,false,true,,7PzlFSSx8tAC,e4XX478AAAAJ,2025-02-15,theunifiednorthamericansoilmapanditsimplicationonthesoilorganiccarbonstockinnorthamerica
understandingspatiotemporallagsinecosyst-2013,Understanding spatiotemporal lags in ecosystem services to improve incentives,"AK Fremier, FAJ DeClerck, NA Bosque-Pérez, NE Carmona, Rée Hill, T Joyal, L Keesecker, PZ Klos, A Martínez-Salinas, R Niemeyer, A Sanfiorenzo, K Welsh, JD Wulfhorst",BioScience,"63 (6), 472-482",2013,119,T Joyal,,,false,true,,u5HHmVD_uO8C,LUAnXfsAAAAJ,2025-02-15,understandingspatiotemporallagsinecosystemservicestoimproveincentives
wildlifeconservationplanningundertheunit-2013,Wildlife conservation planning under the United States Forest Service's 2012 planning rule,"CA Schultz, TD Sisk, BR Noon, MA Nie",The Journal of Wildlife Management,"77 (3), 428-444",2013,59,T Sisk,,,false,true,,_Qo2XoVZTnwC,2ZA_zeIAAAAJ,2025-02-15,wildlifeconservationplanningundertheunitedstatesforestservices2012planningrule
aframeworkforbenchmarkinglandmodels-2012,A framework for benchmarking land models,"YQ Luo, JT Randerson, G Abramowitz, C Bacour, E Blyth, N Carvalhais, P Ciais, D Dalmonech, JB Fisher, R Fisher, P Friedlingstein, K Hibbard, F Hoffman, D Huntzinger, CD Jones, C Koven, D Lawrence, DJ Li, M Mahecha, SL Niu, R Norby, SL Piao, X Qi, P Peylin, IC Prentice, W Riley, M Reichstein, C Schwalm, YP Wang, JY Xia, Sön Zaehle, XH Zhou",Biogeosciences,"9 (10), 3857-3874",2012,321,D Huntzinger,,,false,true,,9yKSN-GCB0IC,e4XX478AAAAJ,2025-02-15,aframeworkforbenchmarkinglandmodels
amultiproxyrecordofthelastglacialmaximum-2012,"A multi-proxy record of the Last Glacial Maximum and last 14,500 years of paleoenvironmental change at Lone Spruce Pond, southwestern Alaska","DS Kaufman, Y Axford, RS Anderson, SF Lamoureux, DE Schindler, IR Walker, A Werner",Journal of Paleolimnology,"48, 9-26",2012,41,R Anderson; D Kaufman,,,false,true,,nrtMV_XWKgEC,KpeykKsAAAAJ,2025-02-15,amultiproxyrecordofthelastglacialmaximumandlast14500yearsofpaleoenvironmentalchangeatlonesprucepondsouthwesternalaska
challengesandbenefitsofadoptingroboticmi-2012,Challenges and benefits of adopting robotic milking on Michigan dairy farms,"M Haan, D Stuart, B Schewe",Michigan Dairy Review,"17 (3), 1-3",2012,6,D Stuart,,,true,true,,TQgYirikUcIC,cc0d2WUAAAAJ,2025-02-15,challengesandbenefitsofadoptingroboticmilkingonmichigandairyfarms
challengesofopportunitycostanalysisinpla-2012,Challenges of opportunity cost analysis in planning REDD+: a Honduran case study of social and cultural values associated with indigenous forest uses,"ST Plumb, EA Nielsen, Y-S Kim",Forests,"3 (2), 244-264",2012,43,E Nielsen,Spencer Plumb,,false,true,,UeHWp8X0CEIC,vAflpUkAAAAJ,2025-02-15,challengesofopportunitycostanalysisinplanningreddahondurancasestudyofsocialandculturalvaluesassociatedwithindigenousforestuses
charcoalandtotalcarboninsoilsfromfoothil-2012,Charcoal and total carbon in soils from foothills shrublands to subalpine forests in the Colorado Front Range,"C Licata, R Sanford",Forests,"3 (4), 944-958",2012,18,R Sanford,,,false,true,,lSLTfruPkqcC,mMGsnC8AAAAJ,2025-02-15,charcoalandtotalcarboninsoilsfromfoothillsshrublandstosubalpineforestsinthecoloradofrontrange
efficientspecieslevelmonitoringattheland-2012,Efficient species‐level monitoring at the landscape scale,"BR Noon, LL Bailey, TD Sisk, KS McKelvey",Conservation Biology,"26 (3), 432-441",2012,164,T Sisk,,,false,true,,ULOm3_A8WrAC,2ZA_zeIAAAAJ,2025-02-15,efficientspecieslevelmonitoringatthelandscapescale
evaluationofaminoacidracemizationvariabi-2012,Evaluation of amino acid racemization variability in Quaternary corals,"NJV Ee, KE Cooper, DS Kaufman, GP Ebe",Proceedings of the,"12th International Coral Reef Symposium, 9-13",2012,4,D Kaufman,,,false,true,,bz8QjSJIRt4C,KpeykKsAAAAJ,2025-02-15,evaluationofaminoacidracemizationvariabilityinquaternarycorals
farallonslabdetachmentanddeformationofth-2012,"Farallon slab detachment and deformation of the Magdalena Shelf, southern Baja California","D Brothers, A Harding, A González‐Fernández, WS Holbrook, G Kent, N Driscoll, J Fletcher, D Lizarralde, P Umhoefer, G Axen",Geophysical Research Letters,39 (9),2012,34,P Umhoefer,John Fletcher,,false,true,,hMod-77fHWUC,ZLMsh8MAAAAJ,2025-02-15,farallonslabdetachmentanddeformationofthemagdalenashelfsouthernbajacalifornia
geodynamicsofsynconvergentextensionandte-2012,Geodynamics of synconvergent extension and tectonic mode switching: Constraints from the Sevier‐Laramide orogen,"ML Wells, TD Hoisch, AM Cruz‐Uribe, JD Vervoort",Tectonics,31 (1),2012,139,T Hoisch,,,false,true,,hqOjcs7Dif8C,7_cd6R4AAAAJ,2025-02-15,geodynamicsofsynconvergentextensionandtectonicmodeswitchingconstraintsfromthesevierlaramideorogen
geologicmapofpetrifiedforestnationalpark-2012,"Geologic map of Petrified Forest National Park, Arizona","JW Martz, WG Parker, L Skinner, JJ Raucci, P Umhoefer, RC Blakey","Arizona Geological Survey (Tucson, AZ)",,2012,34,P Umhoefer,William Parker; Jason Raucci,,false,true,,fEOibwPWpKIC,ZLMsh8MAAAAJ,2025-02-15,geologicmapofpetrifiedforestnationalparkarizona
globalclimateevolutionduringthelastdegla-2012,Global climate evolution during the last deglaciation,"PU Clark, JD Shakun, PA Baker, PJ Bartlein, S Brewer, E Brook, AE Carlson, H Cheng, DS Kaufman, Z Liu, TM Marchitto, AC Mix, C Morrill, BL Otto-Bliesner, K Pahnke, JM Russell, C Whitlock, JF Adkins, JL Blois, J Clark, SM Colman, WB Curry, BP Flower, F He, TC Johnson, J Lynch-Stieglitz, V Markgraf, J McManus, JX Mitrovica, PI Moreno, JW Williams",Proceedings of the National Academy of Sciences,"109 (19), E1134-E1142",2012,628,D Kaufman,,,false,true,,tzM49s52ZIMC,KpeykKsAAAAJ,2025-02-15,globalclimateevolutionduringthelastdeglaciation
havewetmeadowrestorationprojectsinthesou-2012,"Have wet meadow restoration projects in the Southwestern US been effective in restoring geomorphology, hydrology, soils, and plant species composition?","KM Ramstead, JA Allen, AE Springer",Environmental Evidence,"1, 1-16",2012,34,A Springer,Karin Ramsted,,true,true,,3fE2CSJIrl8C,X53gmAQAAAAJ,2025-02-15,havewetmeadowrestorationprojectsinthesouthwesternusbeeneffectiveinrestoringgeomorphologyhydrologysoilsandplantspeciescomposition
integratedoceandrillingprogramexpedition-2012,"Integrated ocean drilling program expedition 343/343T preliminary report, Japan Trench Fast Drilling Project (JFAST), 1 April–24 May 2012 and 5–19 July 2012","FM Chester, JJ Mori, S Toczko, N Eguchi, Y Kido, S Saito, Y Sanada, L Anderson, JH Behrmann, S Bose, M Conin, B Cook, P Fulton, T Hirose, M Ikari, T Ishikawa, T Jeppson, J Kameda, J Kirkpatrick, W Lin, T Mishima, JC Moore, Y Nakamura, C Regalla, F Remitti, C Rowe, J Sample, T Sun, K Takai, V Toy, K Ujiie, M Wolfson",Integrated Ocean Drilling Project Preliminary Report,343,2012,13,C Regalla; J Sample,,,true,true,,UebtZRa9Y70C,JL2daQcAAAAJ,2025-02-15,integratedoceandrillingprogramexpedition343343tpreliminaryreportjapantrenchfastdrillingprojectjfast1april24may2012and519july2012
integratedoceandrillingprogramexpedition-2012-2,Integrated Ocean Drilling Program Expedition 343 Scientific Prospectus: Japan Trench Fast Earthquake Drilling Project (JFAST): Integrated Ocean Drilling Program Management …,"J Mori, FM Chester, N Eguchi, S Toczko","Inc., doi",10,2012,3,J Sample,,,false,true,,f2IySw72cVMC,JL2daQcAAAAJ,2025-02-15,integratedoceandrillingprogramexpedition343scientificprospectusjapantrenchfastearthquakedrillingprojectjfastintegratedoceandrillingprogrammanagement
introductiontothejoplspecialissueholocen-2012,"Introduction to the JoPL special issue,“Holocene paleoenvironmental records from Arctic lake sediment”",DS Kaufman,Journal of paleolimnology,"48, 1-7",2012,3,D Kaufman,,,false,true,,JP7YXuLIOvAC,KpeykKsAAAAJ,2025-02-15,introductiontothejoplspecialissueholocenepaleoenvironmentalrecordsfromarcticlakesediment
latequaternarytephrostratigraphyahklunmo-2012,"Late Quaternary tephrostratigraphy, Ahklun Mountains, SW Alaska","DS Kaufman, BJL Jensen, AV Reyes, CJ Schiff, DG Froese, NJG Pearce",Journal of Quaternary Science,"27 (4), 344-359",2012,60,D Kaufman,Caleb Schiff,,false,true,,_Re3VWB3Y0AC,KpeykKsAAAAJ,2025-02-15,latequaternarytephrostratigraphyahklunmountainsswalaska
meltingunderthecoloradoplateauusa-2012,"Melting under the Colorado Plateau, USA","MR Reid, RA Bouchet, J Blichert-Toft, A Levander, K Liu, MS Miller, FC Ramos",Geology,"40 (5), 387-390",2012,45,M Reid,,,false,true,,QIV2ME_5wuYC,pg-HuIIAAAAJ,2025-02-15,meltingunderthecoloradoplateauusa
middlemiocenetoearlyplioceneobliqueexten-2012,Middle Miocene to early Pliocene oblique extension in the southern Gulf of California,"FH Sutherland, GM Kent, AJ Harding, PJ Umhoefer, NW Driscoll, D Lizarralde, JM Fletcher, GJ Axen, WS Holbrook, A González-Fernández, P Lonsdale",Geosphere,"8 (4), 752-770",2012,72,P Umhoefer,John Fletcher,,false,true,,UxriW0iASnsC,ZLMsh8MAAAAJ,2025-02-15,middlemiocenetoearlyplioceneobliqueextensioninthesoutherngulfofcalifornia
northamericancarbondioxidesourcesandsink-2012,"North American carbon dioxide sources and sinks: magnitude, attribution, and uncertainty","AW King, DJ Hayes, DN Huntzinger, TO West, WM Post",Frontiers in Ecology and the Environment,"10 (10), 512-519",2012,76,D Huntzinger,,,false,true,,IjCSPb-OGe4C,e4XX478AAAAJ,2025-02-15,northamericancarbondioxidesourcesandsinksmagnitudeattributionanduncertainty
northamericancarbonprogramnacpregionalin-2012,North American Carbon Program (NACP) regional interim synthesis: Terrestrial biospheric model intercomparison,"DN Huntzinger, WM Post, Y Wei, AM Michalak, TO West, AR Jacobson, IT Baker, JM Chen, KJ Davis, DJ Hayes, FM Hoffman, AK Jain, S Liu, AD McGuire, RP Neilson, C Potter, B Poulter, D Price, BM Raczka, HQ Tian, P Thornton, E Tomelleri, N Viovy, J Xiao, W Yuan, N Zeng, M Zhao, R Cook",Ecological Modelling,"232, 144-157",2012,249,D Huntzinger,,,false,true,,d1gkVwhDpl0C,e4XX478AAAAJ,2025-02-15,northamericancarbonprogramnacpregionalinterimsynthesisterrestrialbiosphericmodelintercomparison
northamericanco2exchangeintercomparisono-2012,North American CO2 exchange: inter-comparison of modeled estimates with results from a fine-scale atmospheric inversion,"SM Gourdji, KL Mueller, V Yadav, DN Huntzinger, AE Andrews, M Trudeau, G Petron, T Nehrkorn, J Eluszkiewicz, J Henderson, D Wen, J Lin, M Fischer, C Sweeney, AM Michalak",Biogeosciences Discussions,"9 (1), 457-475",2012,56,D Huntzinger,,,false,true,,blknAaTinKkC,e4XX478AAAAJ,2025-02-15,northamericanco2exchangeintercomparisonofmodeledestimateswithresultsfromafinescaleatmosphericinversion
ratesofaminoacidracemizationinforaminife-2012,Rates of amino acid racemization in foraminifera from deep-sea cores,D Kaufman,Quaternary International,"279, 237",2012,1,D Kaufman,,,false,true,,BUYA1_V_uYcC,KpeykKsAAAAJ,2025-02-15,ratesofaminoacidracemizationinforaminiferafromdeepseacores
reconcilingestimatesofthecontemporarynor-2012,"Reconciling estimates of the contemporary North American carbon balance among terrestrial biosphere models, atmospheric inversions, and a new approach for estimating net …","DJ Hayes, DP Turner, G Stinson, AD McGuire, Y Wei, TO West, LS Heath, BD Jong, BG McConkey, RA Birdsey, WA Kurz, AR Jacobson, DN Huntzinger, Y Pan, WM Post, RB Cook",Global Change Biology,"18 (4), 1282-1299",2012,156,D Huntzinger,,,false,true,,UeHWp8X0CEIC,e4XX478AAAAJ,2025-02-15,reconcilingestimatesofthecontemporarynorthamericancarbonbalanceamongterrestrialbiospheremodelsatmosphericinversionsandanewapproachforestimatingnet
respondingtoclimatechangebarrierstorefle-2012,Responding to climate change: Barriers to reflexive modernization in US agriculture,"D Stuart, RL Schewe, M McDermott",Organization & Environment,"25 (3), 308-327",2012,83,D Stuart,,,true,true,,eQOLeE2rZwMC,cc0d2WUAAAAJ,2025-02-15,respondingtoclimatechangebarrierstoreflexivemodernizationinusagriculture
resultsofcommunitydeliberationaboutsocia-2012,Results of community deliberation about social impacts of ecological restoration: comparing public input of self-selected versus actively engaged community members,"CC Harris, EA Nielsen, DR Becker, DJ Blahna, WJ McLaughlin",Environmental Management,"50, 191-203",2012,14,E Nielsen,Caroline Harris,,false,true,,qjMakFHDy7sC,vAflpUkAAAAJ,2025-02-15,resultsofcommunitydeliberationaboutsocialimpactsofecologicalrestorationcomparingpublicinputofselfselectedversusactivelyengagedcommunitymembers
riskantireflexivityandethicalneutralizat-2012,"Risk, anti-reflexivity, and ethical neutralization in industrial food processing","D Stuart, MR Worosz",Agriculture and Human Values,"29, 287-301",2012,59,D Stuart,,,true,true,,IjCSPb-OGe4C,cc0d2WUAAAAJ,2025-02-15,riskantireflexivityandethicalneutralizationinindustrialfoodprocessing
subcentennialresolutionaminoacidgeochron-2012,Sub-centennial resolution amino acid geochronology for the freshwater mussel Lampsilis for the last 2000 years,"JW Huntley, DS Kaufman, Mł Kowalewski, CS Romanek, RJ Neves",Quaternary Geochronology,"9, 75-85",2012,6,D Kaufman,,,false,true,,evX43VCCuoAC,KpeykKsAAAAJ,2025-02-15,subcentennialresolutionaminoacidgeochronologyforthefreshwatermussellampsilisforthelast2000years
alaskapalaeoglacieratlasversion2-2011,Alaska palaeo-glacier atlas (version 2),"DS Kaufman, NásE Young, JP Briner, WF Manley",Developments in Quaternary Sciences,"15, 427-445",2011,101,D Kaufman,,,false,true,,NxmKEeNBbOMC,KpeykKsAAAAJ,2025-02-15,alaskapalaeoglacieratlasversion2
aminoacidracemizationinlacustrineostraco-2011,"Amino acid racemization in lacustrine ostracodes, part I: effect of oxidizing pre-treatments on amino acid composition","J Bright, DS Kaufman",Quaternary Geochronology,"6 (2), 154-173",2011,49,D Kaufman,,,false,true,,Tiz5es2fbqcC,KpeykKsAAAAJ,2025-02-15,aminoacidracemizationinlacustrineostracodespartieffectofoxidizingpretreatmentsonaminoacidcomposition
aminoacidracemizationinlacustrineostraco-2011-2,"Amino acid racemization in lacustrine ostracodes, part II: Paleothermometry in Pleistocene sediments at Summer Lake, Oregon","KL Reichert, JM Licciardi, DS Kaufman",Quaternary Geochronology,"6 (2), 174-185",2011,17,D Kaufman,,,false,true,,eq2jaN3J8jMC,KpeykKsAAAAJ,2025-02-15,aminoacidracemizationinlacustrineostracodespartiipaleothermometryinpleistocenesedimentsatsummerlakeoregon
aminoacidsinlacustrineostracodespartiiie-2011,"Amino acids in lacustrine ostracodes, part III: Effects of pH and taxonomy on racemization and leaching","J Bright, DS Kaufman",Quaternary Geochronology,"6 (6), 574-597",2011,17,D Kaufman,,,false,true,,9vf0nzSNQJEC,KpeykKsAAAAJ,2025-02-15,aminoacidsinlacustrineostracodespartiiieffectsofphandtaxonomyonracemizationandleaching
asystematicapproachforcomparingmodeledbi-2011,A systematic approach for comparing modeled biospheric carbon fluxes across regional scales,"DN Huntzinger, SM Gourdji, KL Mueller, AM Michalak",Biogeosciences,"8 (6), 1579-1593",2011,11,D Huntzinger,,,false,true,,ufrVoPGSRksC,e4XX478AAAAJ,2025-02-15,asystematicapproachforcomparingmodeledbiosphericcarbonfluxesacrossregionalscales
barriersandincentivestoengagementinpubli-2011,Barriers and incentives to engagement in public policy and science-based advocacy,"TD Sisk, G Singh, J Tam, KMA Chan, S Klain, M Mach, R Martone",Bulletin of the Ecological Society of America,"92 (3), 276-280",2011,5,T Sisk,,,false,true,,hFOr9nPyWt4C,2ZA_zeIAAAAJ,2025-02-15,barriersandincentivestoengagementinpublicpolicyandsciencebasedadvocacy
effectsofbasicphonaminoacidracemizationa-2011,Effects of basic pH on amino acid racemization and leaching in freshwater mollusk shell,"CA Orem, DS Kaufman",Quaternary Geochronology,"6 (2), 233-245",2011,26,D Kaufman,,,false,true,,J-pR_7NvFogC,KpeykKsAAAAJ,2025-02-15,effectsofbasicphonaminoacidracemizationandleachinginfreshwatermolluskshell
expedition343343tscientists-2011,Expedition 343/343T Scientists,"FM Chester, JJ Mori, N Eguchi, S Toczko",Structure and composition of the plate-boundary slip zone for the,1208-1211,2011,2,J Sample,,,false,true,,dshw04ExmUIC,JL2daQcAAAAJ,2025-02-15,expedition343343tscientists
exploringecologicalchangesincookinletbel-2011,Exploring ecological changes in Cook Inlet beluga whale habitat though traditional and local ecological knowledge of contributing factors for population decline,,Marine Policy,"35 (3), 299-308",2011,65,E Nielsen,,,false,true,,9yKSN-GCB0IC,vAflpUkAAAAJ,2025-02-15,exploringecologicalchangesincookinletbelugawhalehabitatthoughtraditionalandlocalecologicalknowledgeofcontributingfactorsforpopulationdecline
geometryandevolutionofriftmarginnormalfa-2011,"Geometry and evolution of rift-margin, normal-fault–bounded basins from gravity and geology, La Paz–Los Cabos region, Baja California Sur, Mexico","MM Busch, JRón Arrowsmith, PJ Umhoefer, JA Coyan, SJ Maloney, GMín Gutiérrez",Lithosphere,"3 (2), 110-127",2011,35,P Umhoefer,Sara Maloney,,false,true,,ZuybSZzF8UAC,ZLMsh8MAAAAJ,2025-02-15,geometryandevolutionofriftmarginnormalfaultboundedbasinsfromgravityandgeologylapazloscabosregionbajacaliforniasurmexico
gisplatetectonicreconstructionofthegulfo-2011,GIS plate tectonic reconstruction of the Gulf of California-Salton Trough oblique rift,"LA Skinner, SE Bennett, PJ Umhoefer, ME Oskin, RJ Dorsey, R Nava",Eos. Trans. American Geophysical Union Abstract T,T21A-2319,2011,1,P Umhoefer,,,false,true,,MXK_kJrjxJIC,ZLMsh8MAAAAJ,2025-02-15,gisplatetectonicreconstructionofthegulfofcaliforniasaltontroughobliquerift
havearidlandspringsrestorationprojectsbe-2011,"Have arid land springs restoration projects been effective in restoring hydrology, geomorphology, and invertebrate and plant species composition comparable to natural springs …","CJ Stacey, AE Springer, LE Stevens","Flagstaff, AZ: Collaboration for Environmental Evidence",,2011,11,A Springer,Christina Stacey,,true,true,,ldfaerwXgEUC,X53gmAQAAAAJ,2025-02-15,havearidlandspringsrestorationprojectsbeeneffectiveinrestoringhydrologygeomorphologyandinvertebrateandplantspeciescompositioncomparabletonaturalsprings
hydrogeologicimplicationsofafaultscaling-2011,Hydrogeologic Implications of a Fault Scaling Relationship in Bedrock Aquifers,"MC Fry, AE Springer, PJ Umhoefer",Environmental & Engineering Geoscience,"17 (4), 377-389",2011,1,A Springer; P Umhoefer,Matt Fry,,true,true,,TFP_iSt0sucC,X53gmAQAAAAJ,2025-02-15,hydrogeologicimplicationsofafaultscalingrelationshipinbedrockaquifers
influenceofsedimentinputandplatemotionob-2011,Influence of sediment input and plate‐motion obliquity on basin development along an active oblique‐divergent plate boundary: Gulf of California and Salton Trough,"RJ Dorsey, PJ Umhoefer",Tectonics of sedimentary basins: recent advances,209-225,2011,43,P Umhoefer,,,false,true,,cFHS6HbyZ2cC,ZLMsh8MAAAAJ,2025-02-15,influenceofsedimentinputandplatemotionobliquityonbasindevelopmentalonganactiveobliquedivergentplateboundarygulfofcaliforniaandsaltontrough
integratingtraditionalecologicalknowledg-2011,Integrating traditional ecological knowledge (TEK) into natural resource management,"M Henn, D Ostergren, E Nielsen",Park Science,27 (3),2011,11,E Nielsen,Moran Henn,,false,true,,Zph67rFs4hoC,vAflpUkAAAAJ,2025-02-15,integratingtraditionalecologicalknowledgetekintonaturalresourcemanagement
inventoryandmonitoringprotocolsforspring-2011,Inventory and monitoring protocols for springs ecosystems,"LE Stevens, AE Springer, JD Ledbetter",URL: http://docs. springstewardship. org/PDF …,,2011,19,A Springer,,,true,true,,UebtZRa9Y70C,X53gmAQAAAAJ,2025-02-15,inventoryandmonitoringprotocolsforspringsecosystems
lateholocenegeomorphicrecordoffireinpond-2011,"Late Holocene geomorphic record of fire in ponderosa pine and mixed-conifer forests, Kendrick Mountain, northern Arizona, USA","SE Jenkins, CH Sieg, DE Anderson, DS Kaufman, PA Pearthree",International Journal of Wildland Fire,"20 (1), 125-141",2011,33,D Kaufman,Sara Jenkins,,false,true,,AXPGKjj_ei8C,KpeykKsAAAAJ,2025-02-15,lateholocenegeomorphicrecordoffireinponderosapineandmixedconiferforestskendrickmountainnorthernarizonausa
longtermriverdischargeandmultidecadalcli-2011,"Long-term river discharge and multidecadal climate variability inferred from varved sediments, southwest Alaska","CA Kaufman, SF Lamoureux, DS Kaufman",Quaternary Research,"76 (1), 1-9",2011,23,D Kaufman,,,false,true,,uWQEDVKXjbEC,KpeykKsAAAAJ,2025-02-15,longtermriverdischargeandmultidecadalclimatevariabilityinferredfromvarvedsedimentssouthwestalaska
narcotrficoycontroldelatierraenguatemala-2011,Narcotráfico y Control de la tierra en Guatemala y Honduras,"B Tellman, K McSweeney, L Manak, JA Devine, S Sesnie, E Nielsen, A Dávila",Journal of Illicit Economies and Development,"3 (1), 132-163",2011,1,E Nielsen,,,false,true,,isC4tDSrTZIC,vAflpUkAAAAJ,2025-02-15,narcotrficoycontroldelatierraenguatemalayhonduras
onesidededgeresponsesinforestbirdsfollow-2011,One-sided edge responses in forest birds following restoration treatments,"J Battin, TD Sisk",The Condor,"113 (3), 501-510",2011,6,T Sisk,,,false,true,,maZDTaKrznsC,2ZA_zeIAAAAJ,2025-02-15,onesidededgeresponsesinforestbirdsfollowingrestorationtreatments
porefluidgeochemistryfromthemountelbertg-2011,"Pore fluid geochemistry from the Mount Elbert gas hydrate stratigraphic test well, Alaska North Slope","ME Torres, TS Collett, KK Rose, JC Sample, WF Agena, EJ Rosenbaum",Marine and Petroleum Geology,"28 (2), 332-342",2011,48,J Sample,,,false,true,,WF5omc3nYNoC,JL2daQcAAAAJ,2025-02-15,porefluidgeochemistryfromthemountelbertgashydratestratigraphictestwellalaskanorthslope
recentadvancesinaminostratigraphicmethod-2011,Recent advances in aminostratigraphic methods and data management,"J Wehmiller, K Penkman, D Kaufman","Eos, Transactions American Geophysical Union","92 (48), 444-444",2011,1,D Kaufman,,,false,true,,tKAzc9rXhukC,KpeykKsAAAAJ,2025-02-15,recentadvancesinaminostratigraphicmethodsanddatamanagement
seedingsustainabilityinthewest-2011,Seeding Sustainability in the West,TD Sisk,Utah Envtl. L. Rev.,"31, 79",2011,3,T Sisk,,,false,true,,4JMBOYKVnBMC,2ZA_zeIAAAAJ,2025-02-15,seedingsustainabilityinthewest
theutilityofcontinuousatmosphericmeasure-2011,The utility of continuous atmospheric measurements for identifying biospheric CO2 flux variability,"DN Huntzinger, SM Gourdji, KL Mueller, AM Michalak",Journal of Geophysical Research: Atmospheres,116 (D6),2011,13,D Huntzinger,,,false,true,,eQOLeE2rZwMC,e4XX478AAAAJ,2025-02-15,theutilityofcontinuousatmosphericmeasurementsforidentifyingbiosphericco2fluxvariability
whydidthesoutherngulfofcaliforniarupture-2011,"Why did the southern Gulf of California rupture so rapidly?—Oblique divergence across hot, weak lithosphere along a tectonically active margin",PJ Umhoefer,GSA today,"21 (11), 4-10",2011,117,P Umhoefer,,,false,true,,4fKUyHm3Qg0C,ZLMsh8MAAAAJ,2025-02-15,whydidthesoutherngulfofcaliforniarupturesorapidlyobliquedivergenceacrosshotweaklithospherealongatectonicallyactivemargin
windpowereddesalinationanestimateofsalin-2011,Wind‐Powered Desalination: An Estimate of Saline Groundwater in the United States1,"J Androwski, A Springer, T Acker, M Manone",JAWRA Journal of the American Water Resources Association,"47 (1), 93-102",2011,16,A Springer,James Androwski,,true,true,,roLk4NBRz8UC,X53gmAQAAAAJ,2025-02-15,windpowereddesalinationanestimateofsalinegroundwaterintheunitedstates1
zirconscaleinsightsintothehistoryofasupe-2011,"Zircon-scale insights into the history of a Supervolcano, Bishop Tuff, Long Valley, California, with implications for the Ti-in-zircon geothermometer","MR Reid, JA Vazquez, AK Schmitt",Contributions to Mineralogy and Petrology,"161, 293-311",2011,185,M Reid,Jorge Vazquez,,false,true,,YsMSGLbcyi4C,pg-HuIIAAAAJ,2025-02-15,zirconscaleinsightsintothehistoryofasupervolcanobishoptufflongvalleycaliforniawithimplicationsforthetiinzircongeothermometer
achronicleofmioceneextensionnearthecolor-2010,"A chronicle of Miocene extension near the Colorado Plateau–Basin and Range boundary, southern White Hills, northwestern Arizona: Paleogeographic and tectonic implications","JE Faulds, LM Price, LW Snee, PB Gans, PJ Umhoefer, LS Beard, MA Lamb","Miocene Tectonics of the Lake Mead Region, Central Basin and Range …",,2010,15,P Umhoefer,,,false,true,,qUcmZB5y_30C,ZLMsh8MAAAAJ,2025-02-15,achronicleofmioceneextensionnearthecoloradoplateaubasinandrangeboundarysouthernwhitehillsnorthwesternarizonapaleogeographicandtectonicimplications
aframeworktoevaluateecologicalandsocialo-2010,A framework to evaluate ecological and social outcomes of collaborative management: lessons from implementation with a northern Arizona collaborative group,"TA Munoz-Erickson, B Aguilar-González, MRR Loeser, TD Sisk",Environmental management,"45, 132-144",2010,53,T Sisk,,,false,true,,4TOpqqG69KYC,2ZA_zeIAAAAJ,2025-02-15,aframeworktoevaluateecologicalandsocialoutcomesofcollaborativemanagementlessonsfromimplementationwithanorthernarizonacollaborativegroup
ametaanalysisofcontextdependencyinplantr-2010,A meta‐analysis of context‐dependency in plant response to inoculation with mycorrhizal fungi,"Hoeksema JD, Chaudhary VB, Gehring CA, Johnson NC, Karst J, Koide RT, Pringle A, Zabinski C, Bever JD, Moore JC, Wilson GW.",Ecology letters,"13 (3), 394-407",2010,1357,N Johnson,,,false,true,,IjCSPb-OGe4C,vYs1mtEAAAAJ,2025-02-15,ametaanalysisofcontextdependencyinplantresponsetoinoculationwithmycorrhizalfungi
animprovedproximaltephrochronologyforred-2010,"An improved proximal tephrochronology for Redoubt Volcano, Alaska","CJ Schiff, DS Kaufman, KL Wallace, ME Ketterer",Journal of Volcanology and Geothermal Research,"193 (3-4), 203-214",2010,22,D Kaufman,Caleb Schiff; Kristi Wallace,,false,true,,_B80troHkn4C,KpeykKsAAAAJ,2025-02-15,animprovedproximaltephrochronologyforredoubtvolcanoalaska
apulseofooidformationinmauinuihawaiianis-2010,A pulse of ooid formation in Maui Nui (Hawaiian Islands) during Termination I,"PJ Hearty, JM Webster, DA Clague, DS Kaufman, J Bright, J Southon, W Renema",Marine Geology,"268 (1-4), 152-162",2010,22,D Kaufman,,,false,true,,eJXPG6dFmWUC,KpeykKsAAAAJ,2025-02-15,apulseofooidformationinmauinuihawaiianislandsduringterminationi
assessingfactorsthatinfluencetherecruitm-2010,Assessing factors that influence the recruitment of majors from introductory geology classes at Northern Arizona University,,Journal of Geoscience education,"58 (3), 166-176",2010,66,T Hoisch,,,false,true,,IjCSPb-OGe4C,7_cd6R4AAAAJ,2025-02-15,assessingfactorsthatinfluencetherecruitmentofmajorsfromintroductorygeologyclassesatnorthernarizonauniversity
bayesiansinspaceusingbayesianmethodstoin-2010,Bayesians in space: using Bayesian methods to inform choice of spatial weights matrix in hedonic property analyses,"JM Mueller, JB Loomis",Review of Regional Studies,"40 (3), 245-255",2010,19,J Mueller,,,false,true,,d1gkVwhDpl0C,brG-UpsAAAAJ,2025-02-15,bayesiansinspaceusingbayesianmethodstoinformchoiceofspatialweightsmatrixinhedonicpropertyanalyses
comparativedatingofabisonbearinglateplei-2010,"Comparative dating of a Bison-bearing late-Pleistocene deposit, Térapa, Sonora, Mexico","J Bright, DS Kaufman, SL Forman, WC McIntosh, JI Mead, A Baez",Quaternary Geochronology,"5 (6), 631-643",2010,30,D Kaufman,,,false,true,,wbdj-CoPYUoC,KpeykKsAAAAJ,2025-02-15,comparativedatingofabisonbearinglatepleistocenedeposittrapasonoramexico
developmentofgreggbasinandthesouthwester-2010,"Development of Gregg Basin and the southwestern Grand Wash Trough during late-stage faulting in eastern Lake Mead, Arizona","PJ Umhoefer, EM Duebendorfer, N Blythe, ZA Swaney, LS Beard, WC McIntosh, MA Lamb","Miocene Tectonics of the Lake Mead Region, Central Basin and Range …",,2010,8,P Umhoefer,Zachariah Swaney; Nathan Blythe,,false,true,,roLk4NBRz8UC,ZLMsh8MAAAAJ,2025-02-15,developmentofgreggbasinandthesouthwesterngrandwashtroughduringlatestagefaultingineasternlakemeadarizona
developmentofthesaltspringwashbasininare-2010,"Development of the Salt Spring Wash Basin in a reentrant in the hanging wall of the South Virgin–White Hills detachment fault, Lake Mead domain, northwest Arizona","N Blythe, PJ Umhoefer, EM Duebendorfer, WC McIntosh, L Peters, LS Beard, MA Lamb","Miocene Tectonics of the Lake Mead Region, Central Basin and Range …",,2010,8,P Umhoefer,Nathan Blythe,,false,true,,r0BpntZqJG4C,ZLMsh8MAAAAJ,2025-02-15,developmentofthesaltspringwashbasininareentrantinthehangingwallofthesouthvirginwhitehillsdetachmentfaultlakemeaddomainnorthwestarizona
erosionoftiltedfaultblocksanddepositiono-2010,"Erosion of tilted fault blocks and deposition of coarse sediments in half-graben basins during late stages of extension: Gold Butte area, Basin and Range Province","KA Howard, LS Beard, MA Kuntz, MJ Kunk, AM Sarna-Wojcicki, ME Perkins, I Lucchitta, PJ Umhoefer, MA Lamb","Miocene Tectonics of the Lake Mead Region, Central Basin and Range …",,2010,19,P Umhoefer,,,false,true,,nb7KW1ujOQ8C,ZLMsh8MAAAAJ,2025-02-15,erosionoftiltedfaultblocksanddepositionofcoarsesedimentsinhalfgrabenbasinsduringlatestagesofextensiongoldbutteareabasinandrangeprovince
evidenceforavariableandwetyoungerdryasin-2010,Evidence for a variable and wet Younger Dryas in southern Alaska,"DS Kaufman, RS Anderson, FS Hu, E Berg, A Werner",Quaternary Science Reviews,"29 (11-12), 1445-1452",2010,53,R Anderson; D Kaufman,,,false,true,,_xSYboBqXhAC,KpeykKsAAAAJ,2025-02-15,evidenceforavariableandwetyoungerdryasinsouthernalaska
fluidflowsolutioncollapseandmassivedisso-2010,"Fluid flow, solution collapse, and massive dissolution at detachment faults, Mormon Mountains, Nevada","SF Diehl, RE Anderson, JD Humphrey, PJ Umhoefer, LS Beard, MA Lamb","Miocene Tectonics of the Lake Mead Region, Central Basin and Range …",,2010,10,R Anderson; P Umhoefer,,,false,true,,LI9QrySNdTsC,ZLMsh8MAAAAJ,2025-02-15,fluidflowsolutioncollapseandmassivedissolutionatdetachmentfaultsmormonmountainsnevada
fromdetachmenttotranstensionalfaultingam-2010,From detachment to transtensional faulting: A model for the Lake Mead extensional domain based on new ages and correlation of subbasins,"PJ Umhoefer, LS Beard, KL Martin, N Blythe, PE Umhoefer, MA Lamb","Miocene Tectonics of the Lake Mead Region, Central Basin and Range …",,2010,29,P Umhoefer,Nathan Blythe; Kevin Martin,,false,true,,N5tVd3kTz84C,ZLMsh8MAAAAJ,2025-02-15,fromdetachmenttotranstensionalfaultingamodelforthelakemeadextensionaldomainbasedonnewagesandcorrelationofsubbasins
geologicmapoflakemeadandsurroundingregio-2010,"Geologic map of Lake Mead and surrounding regions, southern Nevada, southwestern Utah, and northwestern Arizona","TJ Felger, LS Beard, PJ Umhoefer, MA Lamb","Miocene Tectonics of the Lake Mead Region, Central Basin and Range …",,2010,34,P Umhoefer,,,false,true,,mvPsJ3kp5DgC,ZLMsh8MAAAAJ,2025-02-15,geologicmapoflakemeadandsurroundingregionssouthernnevadasouthwesternutahandnorthwesternarizona
geologyofthelakemeadregionanoverview-2010,Geology of the Lake Mead region: An overview,"RE Anderson, LS Beard, PJ Umhoefer, MA Lamb","Miocene tectonics of the Lake Mead region, central basin and range …",,2010,26,R Anderson; P Umhoefer,,,false,true,,maZDTaKrznsC,ZLMsh8MAAAAJ,2025-02-15,geologyofthelakemeadregionanoverview
impactosecolgicosporelusodelterrenoenelf-2010,Impactos ecológicos por el uso del terreno en el funcionamiento de ecosistemas áridos y semiáridos,"ALEJANDROE Castellanos-Villegas, LUISC Bravo, GEORGEW Koch, Jé Llano, D López, R Méndez, JULIOC Rodriguez, Rúl Romo, THOMASD Sisk, GERTRUDIS Yanes-Arvayo",Diversidad biológica de Sonora,157-186,2010,41,T Sisk,,,false,true,,L8Ckcad2t8MC,2ZA_zeIAAAAJ,2025-02-15,impactosecolgicosporelusodelterrenoenelfuncionamientodeecosistemasridosysemiridos
implicationsofgeophysicalanalysisonbasin-2010,"Implications of geophysical analysis on basin geometry and fault offsets in the northern Colorado River extensional corridor and adjoining Lake Mead region, Nevada and Arizona","VE Langenheim, LS Beard, JE Faulds, PJ Umhoefer, MA Lamb","Miocene Tectonics of the Lake Mead Region, Central Basin and Range …",,2010,19,P Umhoefer,,,false,true,,MLfJN-KU85MC,ZLMsh8MAAAAJ,2025-02-15,implicationsofgeophysicalanalysisonbasingeometryandfaultoffsetsinthenortherncoloradoriverextensionalcorridorandadjoininglakemeadregionnevadaandarizona
integratingrestorationandconservationobj-2010,Integrating restoration and conservation objectives at the landscape scale: the Kane and Two-mile Ranch project,"TD Sisk, CM Albano, EA Aumack, EJ Bernstein, TE Crews, BG Dickson, D Schlosberg",The Colorado Plateau IV: shaping conservation through science and management …,,2010,4,B Dickson; T Sisk,Eli Bernstein; Ethan Aumack,,false,true,,hMod-77fHWUC,2ZA_zeIAAAAJ,2025-02-15,integratingrestorationandconservationobjectivesatthelandscapescalethekaneandtwomileranchproject
integrationoftectonicsedimentaryandgeohy-2010,"Integration of tectonic, sedimentary, and geohydrologic processes leading to a small-scale extension model for the Mormon Mountains area north of Lake Mead, Lincoln County, Nevada","RE Anderson, TJ Felger, SF Diehl, WR Page, JB Workman, PJ Umhoefer","Miocene tectonics of the Lake Mead region, Central Basin and Range. Geol …",,2010,9,R Anderson; P Umhoefer,,,false,true,,BqipwSGYUEgC,ZLMsh8MAAAAJ,2025-02-15,integrationoftectonicsedimentaryandgeohydrologicprocessesleadingtoasmallscaleextensionmodelforthemormonmountainsareanorthoflakemeadlincolncountynevada
miocenetectonicsofthelakemeadregioncentr-2010,"Miocene tectonics of the Lake Mead region, central basin and range","PJ Umhoefer, LS Beard, MA Lamb",Geological Society of America,,2010,4,P Umhoefer,,,false,true,,u_35RYKgDlwC,ZLMsh8MAAAAJ,2025-02-15,miocenetectonicsofthelakemeadregioncentralbasinandrange
newcorecomplexmodelforthesouthvirginwhit-2010,"New core complex model for the South Virgin–White Hills detachment and extension in the eastern Lake Mead area, southern Nevada and northwestern Arizona","ZA Swaney, EM Duebendorfer, PG Fitzgerald, WC McIntosh, PJ Umhoefer, LS Beard, MA Lamb","Miocene Tectonics of the Lake Mead Region, Central Basin and Range …",,2010,11,P Umhoefer,Zachariah Swaney,,false,true,,_kc_bZDykSQC,ZLMsh8MAAAAJ,2025-02-15,newcorecomplexmodelforthesouthvirginwhitehillsdetachmentandextensionintheeasternlakemeadareasouthernnevadaandnorthwesternarizona
quantitativecomparisonsandmodelsoftimeav-2010,Quantitative comparisons and models of time-averaging in bivalve and brachiopod shell accumulations,"RAK Jr, SL Barbour, Mł Kowalewski, DS Kaufman, CS Romanek, MG Simoes, JF Wehmiller",Paleobiology,"36 (3), 428-452",2010,99,D Kaufman,,,false,true,,g5m5HwL7SMYC,KpeykKsAAAAJ,2025-02-15,quantitativecomparisonsandmodelsoftimeaveraginginbivalveandbrachiopodshellaccumulations
ranchinglocalecologicalknowledgeandthest-2010,"Ranching, local ecological knowledge, and the stewardship of public lands",TD Sisk,Planetary stewardship in a changing world: paths toward resilience and …,,2010,2,T Sisk,,,false,true,,JV2RwH3_ST0C,2ZA_zeIAAAAJ,2025-02-15,ranchinglocalecologicalknowledgeandthestewardshipofpubliclands
resourcelimitationisadriveroflocaladapta-2010,Resource limitation is a driver of local adaptation in mycorrhizal symbioses,"NC Johnson, GWT Wilson, MA Bowker, JA Wilson, RM Miller",Proceedings of the National Academy of Sciences,"107 (5), 2093-2098",2010,830,N Johnson,,,false,true,,YsMSGLbcyi4C,vYs1mtEAAAAJ,2025-02-15,resourcelimitationisadriveroflocaladaptationinmycorrhizalsymbioses
resourcestoichiometryelucidatesthestruct-2010,Resource stoichiometry elucidates the structure and function of arbuscular mycorrhizas across scales,NC Johnson,New Phytologist,"185 (3), 631-647",2010,984,N Johnson,,,false,true,,Y0pCki6q_DkC,vYs1mtEAAAAJ,2025-02-15,resourcestoichiometryelucidatesthestructureandfunctionofarbuscularmycorrhizasacrossscales
secondarynormalfaultinginthelakemeadfaul-2010,Secondary normal faulting in the Lake Mead fault system and implications for regional fault mechanics,"ST Marshall, SA Kattenhorn, ML Cooke, PJ Umhoefer, LS Beard, MA Lamb","Miocene Tectonics of the Lake Mead Region, Central Basin and Range","463, 289-310",2010,11,P Umhoefer,,,false,true,,ClCfbGk0d_YC,ZLMsh8MAAAAJ,2025-02-15,secondarynormalfaultinginthelakemeadfaultsystemandimplicationsforregionalfaultmechanics
stableisotopeconstraintsonveinformationa-2010,Stable isotope constraints on vein formation and fluid evolution along a recent thrust fault in the Cascadia accretionary wedge,JC Sample,Earth and Planetary Science Letters,"293 (3-4), 300-312",2010,19,J Sample,,,false,true,,hqOjcs7Dif8C,JL2daQcAAAAJ,2025-02-15,stableisotopeconstraintsonveinformationandfluidevolutionalongarecentthrustfaultinthecascadiaaccretionarywedge
stratigraphyandageofthelowerhorsespringf-2010,"Stratigraphy and age of the Lower Horse Spring Formation in the Longwell Ridges area, southern Nevada: Implications for tectonic interpretations","MA Lamb, KL Martin, TA Hickson, PJ Umhoefer, L Eaton, LS Beard","Miocene Tectonics of the Lake Mead Region, Central Basin and Range …",,2010,20,P Umhoefer,Kevin Martin,,false,true,,LkGwnXOMwfcC,ZLMsh8MAAAAJ,2025-02-15,stratigraphyandageofthelowerhorsespringformationinthelongwellridgesareasouthernnevadaimplicationsfortectonicinterpretations
structureand40ar39arkfeldsparthermalhist-2010,Structure and 40Ar/39Ar K-feldspar thermal history of the Gold Butte block: Reevaluation of the tilted crustal section model,"KE Karlstrom, M Heizler, MC Quigley, PJ Umhoefer, LS Beard, MA Lamb","Miocene Tectonics of the Lake Mead Region, Central Basin and Range …",,2010,31,P Umhoefer,,,false,true,,dshw04ExmUIC,ZLMsh8MAAAAJ,2025-02-15,structureand40ar39arkfeldsparthermalhistoryofthegoldbutteblockreevaluationofthetiltedcrustalsectionmodel
temperatureandprecipitationhistoryofthea-2010,Temperature and precipitation history of the Arctic,"GH Miller, J Brigham-Grette, RB Alley, L Anderson, HA Bauch, MSV Douglas, ME Edwards, SA Elias, BP Finney, JJ Fitzpatrick, SV Funder, TD Herbert, LD Hinzman, DS Kaufman, GM MacDonald, L Polyak, A Robock, MC Serreze, JP Smol, R Spielhagen, JWC White, AP Wolfe, EW Wolff",Quaternary Science Reviews,"29 (15-16), 1679-1715",2010,325,D Kaufman,,,false,true,,NaGl4SEjCO4C,KpeykKsAAAAJ,2025-02-15,temperatureandprecipitationhistoryofthearctic
thecoloradoplateauivshapingconservationt-2010,The Colorado Plateau IV: Shaping conservation through science and management,"CV Riper, BF Wakeling, TD Sisk",University of Arizona Press,,2010,1,T Sisk,,,false,true,,e5wmG9Sq2KIC,2ZA_zeIAAAAJ,2025-02-15,thecoloradoplateauivshapingconservationthroughscienceandmanagement
thesouthvirginwhitehillsdetachmentfaults-2010,"The South Virgin–White Hills detachment fault, southeastern Nevada and northwestern Arizona: Significance, displacement gradient, and corrugation formation","EM Duebendorfer, JE Faulds, JE Fryxell, PJ Umhoefer, LS Beard, MA Lamb","Miocene tectonics of the Lake Mead region, central Basin and Range …",,2010,19,P Umhoefer,,,false,true,,LjlpjdlvIbIC,ZLMsh8MAAAAJ,2025-02-15,thesouthvirginwhitehillsdetachmentfaultsoutheasternnevadaandnorthwesternarizonasignificancedisplacementgradientandcorrugationformation
timingandmechanismsofbasementupliftandex-2010,"Timing and mechanisms of basement uplift and exhumation in the Colorado Plateau–Basin and Range transition zone, Virgin Mountain anticline, Nevada-Arizona","MC Quigley, KE Karlstrom, S Kelley, M Heizler, PJ Umhoefer, MA Lamb, LS Beard","Miocene Tectonics of the Lake Mead Region, Central Basin and Range …",,2010,22,P Umhoefer,,,false,true,,XiSMed-E-HIC,ZLMsh8MAAAAJ,2025-02-15,timingandmechanismsofbasementupliftandexhumationinthecoloradoplateaubasinandrangetransitionzonevirginmountainanticlinenevadaarizona
variabilityinnestdensityoccupancyandhome-2010,"Variability in nest density, occupancy, and home range size of Western Bluebirds after forest treatments","S Hurteau, T Sisk, B Dickson, W Block",Forest science,"56 (1), 131-138",2010,11,B Dickson; T Sisk,Sarah Hurteau,,false,true,,ZeXyd9-uunAC,2ZA_zeIAAAAJ,2025-02-15,variabilityinnestdensityoccupancyandhomerangesizeofwesternbluebirdsafterforesttreatments
whatisanedgespeciestheimplicationsofsens-2010,What is an edge species? The implications of sensitivity to habitat edges,"L Ries, TD Sisk",Oikos,"119 (10), 1636-1642",2010,112,T Sisk,,,false,true,,Se3iqnhoufwC,2ZA_zeIAAAAJ,2025-02-15,whatisanedgespeciestheimplicationsofsensitivitytohabitatedges
2000yearsofclimatevariabilityinferredfro-2009,2000 years of climate variability inferred from Arctic lake sediments,DARRELLS KAUFMAN,PAGES (Past Global Changes) News,"17 (1), 10-11",2009,2,D Kaufman,,,false,true,,35r97b3x0nAC,KpeykKsAAAAJ,2025-02-15,2000yearsofclimatevariabilityinferredfromarcticlakesediments
accessorymineraluthpbagesand40ar39arerup-2009,"Accessory mineral U–Th–Pb ages and 40Ar/39Ar eruption chronology, and their bearing on rhyolitic magma evolution in the Pleistocene Coso volcanic field …","JI Simon, JA Vazquez, PR Renne, AK Schmitt, CR Bacon, MR Reid",Contributions to Mineralogy and Petrology,"158, 421-446",2009,37,M Reid,Jorge Vazquez,,false,true,,4DMP91E08xMC,pg-HuIIAAAAJ,2025-02-15,accessorymineraluthpbagesand40ar39areruptionchronologyandtheirbearingonrhyoliticmagmaevolutioninthepleistocenecosovolcanicfield
acerionbasedchronostratigraphyandagemode-2009,A Cerion-based chronostratigraphy and age model from the central Bahama Islands: Amino acid racemization and 14C in land snails and sediments,"PJ Hearty, DS Kaufman",Quaternary Geochronology,"4 (2), 148-159",2009,32,D Kaufman,,,false,true,,u_35RYKgDlwC,KpeykKsAAAAJ,2025-02-15,acerionbasedchronostratigraphyandagemodelfromthecentralbahamaislandsaminoacidracemizationand14cinlandsnailsandsediments
anoverviewoflateholoceneclimateandenviro-2009,An overview of late Holocene climate and environmental change inferred from Arctic lake sediment,DS Kaufman,Journal of Paleolimnology,"41, 1-6",2009,45,D Kaufman,,,false,true,,-DxkuPiZhfEC,KpeykKsAAAAJ,2025-02-15,anoverviewoflateholoceneclimateandenvironmentalchangeinferredfromarcticlakesediment
aquartermillionyearsofpaleoenvironmental-2009,"A quarter-million years of paleoenvironmental change at Bear Lake, Utah and Idaho","DS Kaufman, J Bright, WE Dean, JG Rosenbaum, K Moser, RS Anderson, SM Colman, CW Heil, G Jiménez-Moreno, MC Reheis, KR Simmons","Paleoenvironments of Bear Lake, Utah and Idaho, and Its Catchment,(Rosembaum …",,2009,29,R Anderson; D Kaufman,Jordon Bright,,false,true,,4OULZ7Gr8RgC,KpeykKsAAAAJ,2025-02-15,aquartermillionyearsofpaleoenvironmentalchangeatbearlakeutahandidaho
climateresponsetolargehighlatitudeandlow-2009,"Climate response to large, high‐latitude and low‐latitude volcanic eruptions in the Community Climate System Model","DP Schneider, CM Ammann, BL Otto‐Bliesner, DS Kaufman",Journal of Geophysical Research: Atmospheres,114 (D15),2009,201,D Kaufman,,,false,true,,bEWYMUwI8FkC,KpeykKsAAAAJ,2025-02-15,climateresponsetolargehighlatitudeandlowlatitudevolcaniceruptionsinthecommunityclimatesystemmodel
climaticandlimnologicsettingofbearlakeut-2009,"Climatic and limnologic setting of Bear Lake, Utah and Idaho","WE Dean, WA Wurtsbaugh, VA Lamarra, JG Rosenbaum, DS Kaufman",Geological Society of America Special Papers,"450, 1-14",2009,14,D Kaufman,,,false,true,,Oo1CbQkBAzEC,KpeykKsAAAAJ,2025-02-15,climaticandlimnologicsettingofbearlakeutahandidaho
degassingofmantlederivedco2andhefromspri-2009,Degassing of mantle-derived CO2 and He from springs in the southern Colorado Plateau region—Neotectonic connections and implications for groundwater systems,"LJ Crossey, KE Karlstrom, AE Springer, D Newell, DR Hilton, T Fischer",Geological Society of America Bulletin,"121 (7-8), 1034-1053",2009,241,A Springer,,,true,true,,u-x6o8ySG0sC,X53gmAQAAAAJ,2025-02-15,degassingofmantlederivedco2andhefromspringsinthesoutherncoloradoplateauregionneotectonicconnectionsandimplicationsforgroundwatersystems
dorepeatedwildfireschangehomebuyersdeman-2009,Do repeated wildfires change homebuyers’ demand for homes in high-risk areas? A hedonic analysis of the short and long-term effects of repeated wildfires on house prices in …,"J Mueller, J Loomis, A González-Cabán",The Journal of Real Estate Finance and Economics,"38, 155-172",2009,172,J Mueller,,,false,true,,u-x6o8ySG0sC,brG-UpsAAAAJ,2025-02-15,dorepeatedwildfireschangehomebuyersdemandforhomesinhighriskareasahedonicanalysisoftheshortandlongtermeffectsofrepeatedwildfiresonhousepricesin
effectsofmismatchesofscaleandlocationbet-2009,Effects of mismatches of scale and location between predictor and response variables on forest structure mapping,"Y Xu, BG Dickson, HM Hampton, TD Sisk, JA Palumbo, JW Prather",Photogrammetric Engineering & Remote Sensing,"75 (3), 313-322",2009,22,B Dickson; T Sisk,,,false,true,,4DMP91E08xMC,2ZA_zeIAAAAJ,2025-02-15,effectsofmismatchesofscaleandlocationbetweenpredictorandresponsevariablesonforeststructuremapping
endogeniccarbonatesedimentationinbearlak-2009,"Endogenic carbonate sedimentation in Bear Lake, Utah and Idaho, over the last two glacial-interglacial cycles","WE Dean, J Rosenbaum, D Kaufman",Paleoenvironments of Bear Lake and its catchment: Geological Society of …,,2009,27,D Kaufman,,,false,true,,NMlhSUseqAsC,KpeykKsAAAAJ,2025-02-15,endogeniccarbonatesedimentationinbearlakeutahandidahooverthelasttwoglacialinterglacialcycles
glacialgeologicevidencefordecreasedpreci-2009,"Glacial-geologic evidence for decreased precipitation during the Little Ice Age in the Brooks Range, Alaska","JJ Sikorski, DS Kaufman, WF Manley, M Nolan","Arctic, Antarctic, and Alpine Research","41 (1), 138-150",2009,32,D Kaufman,Janelle Sikorski,,false,true,,vRqMK49ujn8C,KpeykKsAAAAJ,2025-02-15,glacialgeologicevidencefordecreasedprecipitationduringthelittleiceageinthebrooksrangealaska
hedgerowsinanagrinaturallandscapepotenti-2009,Hedgerows in an agri-natural landscape: potential habitat value for native bees,"LE Hannon, TD Sisk",Biological conservation,"142 (10), 2140-2154",2009,255,T Sisk,,,false,true,,Y0pCki6q_DkC,2ZA_zeIAAAAJ,2025-02-15,hedgerowsinanagrinaturallandscapepotentialhabitatvaluefornativebees
hfandthisotopeconsiderationsfortheorigin-2009,Hf and Th isotope considerations for the origin of continental basalts,"MR Reid, J Blichert-Toft",Geochimica et Cosmochimica Acta Supplement,"73, A1084",2009,1,M Reid,,,false,true,,NaGl4SEjCO4C,pg-HuIIAAAAJ,2025-02-15,hfandthisotopeconsiderationsfortheoriginofcontinentalbasalts
holoceneclimateandglaciervariabilityatha-2009,"Holocene climate and glacier variability at Hallet and Greyling Lakes, Chugach Mountains, south-central Alaska","NP McKay, DS Kaufman",Journal of Paleolimnology,"41, 143-159",2009,68,D Kaufman; N McKay,,,true,true,,blknAaTinKkC,KpeykKsAAAAJ,2025-02-15,holoceneclimateandglaciervariabilityathalletandgreylinglakeschugachmountainssouthcentralalaska
holoceneclimateinferredfromglacierextent-2009,"Holocene climate inferred from glacier extent, lake sediment and tree rings at Goat Lake, Kenai Mountains, Alaska, USA","TA Daigle, DS Kaufman",Journal of Quaternary Science: Published for the Quaternary Research …,,2009,41,D Kaufman,Thomas Daigle,,false,true,,35N4QoGY0k4C,KpeykKsAAAAJ,2025-02-15,holoceneclimateinferredfromglacierextentlakesedimentandtreeringsatgoatlakekenaimountainsalaskausa
integratedresearchonmountainglacierscurr-2009,"Integrated research on mountain glaciers: current status, priorities and future prospects","LA Owen, G Thackray, RS Anderson, J Briner, D Kaufman, G Roe, W Pfeffer, C Yi",Geomorphology,"103 (2), 158-171",2009,96,R Anderson; D Kaufman,,,false,true,,7PzlFSSx8tAC,KpeykKsAAAAJ,2025-02-15,integratedresearchonmountainglacierscurrentstatusprioritiesandfutureprospects
lateholocenestormtrajectorychangesinferr-2009,"Late Holocene storm-trajectory changes inferred from the oxygen isotope composition of lake diatoms, south Alaska","CJ Schiff, DS Kaufman, AP Wolfe, J Dodd, Z Sharp",Journal of Paleolimnology,"41, 189-208",2009,60,D Kaufman,Caleb Schiff,,true,true,,r0BpntZqJG4C,KpeykKsAAAAJ,2025-02-15,lateholocenestormtrajectorychangesinferredfromtheoxygenisotopecompositionoflakediatomssouthalaska
latepleistoceneandholoceneglaciationofth-2009,"Late Pleistocene and Holocene glaciation of the Fish Lake valley, northeastern Alaska Range, Alaska","NásE Young, JP Briner, DS Kaufman",Journal of Quaternary Science: Published for the Quaternary Research …,,2009,50,D Kaufman,,,false,true,,HoB7MX3m0LUC,KpeykKsAAAAJ,2025-02-15,latepleistoceneandholoceneglaciationofthefishlakevalleynortheasternalaskarangealaska
latequaternarystratigraphyandsedimentati-2009,Late Quaternary stratigraphy and sedimentation patterns in the western Arctic Ocean,"L Polyak, J Bischof, JD Ortiz, DA Darby, JET Channell, C Xuan, DS Kaufman, R Løvlie, DA Schneider, DD Eberl, RE Adler, EA Council",Global and Planetary Change,"68 (1-2), 5-17",2009,252,D Kaufman,,,false,true,,QIV2ME_5wuYC,KpeykKsAAAAJ,2025-02-15,latequaternarystratigraphyandsedimentationpatternsinthewesternarcticocean
mantlesourceprovincesbeneaththenorthwest-2009,Mantle source provinces beneath the northwestern USA delimited by helium isotopes in young basalts,"DW Graham, MR Reid, BT Jordan, AL Grunder, WP Leeman, JE Lupton",Journal of Volcanology and Geothermal Research,"188 (1-3), 128-140",2009,78,M Reid,,,false,true,,MXK_kJrjxJIC,pg-HuIIAAAAJ,2025-02-15,mantlesourceprovincesbeneaththenorthwesternusadelimitedbyheliumisotopesinyoungbasalts
miocenesedimentationnearthelostbasinrang-2009,"Miocene sedimentation near the Lost Basin Range and initiation of Wheeler Fault System eastern Lake Mead, Arizona; 15 Ma disruption of the footwall of the South Virgin-White …","PJ Umhoefer, E Duebendorfer, N Blythe, Z Swaney, LS Beard, W McIntosh",Geological Society of America,,2009,1,P Umhoefer,Zachariah Swaney; Nathan Blythe,,false,true,,d1gkVwhDpl0C,ZLMsh8MAAAAJ,2025-02-15,miocenesedimentationnearthelostbasinrangeandinitiationofwheelerfaultsystemeasternlakemeadarizona15madisruptionofthefootwallofthesouthvirginwhite
paleoenvironmentsofbearlakeutahandidahoa-2009,"Paleoenvironments of Bear Lake, Utah and Idaho, and its catchment","JG Rosenbaum, DS Kaufman",Geological Society of America,,2009,9,D Kaufman,,,false,true,,yD5IFk8b50cC,KpeykKsAAAAJ,2025-02-15,paleoenvironmentsofbearlakeutahandidahoanditscatchment
paleolimnologicalevidenceoftheresponseof-2009,Paleolimnological evidence of the response of the central Canadian treeline zone to radiative forcing and hemispheric patterns of temperature change over the past 2000 years,"GM MacDonald, DF Porinchu, N Rolland, KV Kremenetsky, DS Kaufman",Journal of Paleolimnology,"41, 129-141",2009,43,D Kaufman,,,false,true,,hMod-77fHWUC,KpeykKsAAAAJ,2025-02-15,paleolimnologicalevidenceoftheresponseofthecentralcanadiantreelinezonetoradiativeforcingandhemisphericpatternsoftemperaturechangeoverthepast2000years
paleomagnetismandenvironmentalmagnetismo-2009,"Paleomagnetism and environmental magnetism of GLAD800 sediment cores from Bear Lake, Utah and Idaho","CW Heil, JW King, JG Rosenbaum, RL Reynolds, SM Colman, DS Kaufman",Geol. Soc. Am. Special Papers,"450, 291-310",2009,13,D Kaufman,,,false,true,,s85pQhAUCrAC,KpeykKsAAAAJ,2025-02-15,paleomagnetismandenvironmentalmagnetismofglad800sedimentcoresfrombearlakeutahandidaho
radiocarbonagesandagemodelsforthepast300-2009,"Radiocarbon ages and age models for the past 30,000 years in Bear Lake, Utah and Idaho","SM Colman, JG Rosenbaum, DS Kaufman, WE Dean, JP McGeehin","Geological Society of America, Special Papers","450, 133-144",2009,20,D Kaufman,,,false,true,,P5F9QuxV20EC,KpeykKsAAAAJ,2025-02-15,radiocarbonagesandagemodelsforthepast30000yearsinbearlakeutahandidaho
recentwarmingreverseslongtermarcticcooli-2009,Recent warming reverses long-term Arctic cooling,"DS Kaufman, DP Schneider, NP McKay, CM Ammann, RS Bradley, KR Briffa, GH Miller, BL Otto-Bliesner, JT Overpeck, BM Vinther, AL2P Members, M Abbott, Y Axford, B Bird, HJB Birks, AE Bjune, J Briner, T Cook, M Chipman, P Francus, K Gajewski, A Geirsdottir, FS Hu, B Kutchko, S Lamoureux, M Loso, G MacDonald, M Peros, D Porinchu, C Schiff, H Seppä, E Thomas",Science,"325 (5945), 1236-1239",2009,761,D Kaufman; N McKay,Caleb Schiff,,true,true,,2osOgNQ5qMEC,KpeykKsAAAAJ,2025-02-15,recentwarmingreverseslongtermarcticcooling
sedimentrecordfromthewesternarcticoceanw-2009,"Sediment record from the western Arctic Ocean with an improved Late Quaternary age resolution: HOTRAX core HLY0503-8JPC, Mendeleev Ridge","RE Adler, L Polyak, JD Ortiz, DS Kaufman, JET Channell, C Xuan, AéaG Grottoli, E Sellén, KA Crawford",Global and Planetary Change,"68 (1-2), 18-29",2009,188,D Kaufman,,,false,true,,aqlVkmm33-oC,KpeykKsAAAAJ,2025-02-15,sedimentrecordfromthewesternarcticoceanwithanimprovedlatequaternaryageresolutionhotraxcorehly05038jpcmendeleevridge
seismicstructureoftheriveraplatebeneatht-2009,"Seismic structure of the Rivera plate beneath the Jalisco block, western Mexico, from the PESCADOR experiment","H Brown, S Holbrook, P Paramo, D Lizarralde, GJ Axen, J Fletcher, A González-Fernández, A Harding, G Kent, P Umhoefer",MARGINS program report for award,01-12152,2009,2,P Umhoefer,John Fletcher,,false,true,,IjCSPb-OGe4C,ZLMsh8MAAAAJ,2025-02-15,seismicstructureoftheriveraplatebeneaththejaliscoblockwesternmexicofromthepescadorexperiment
spheresofdischargeofsprings-2009,Spheres of discharge of springs,"AE Springer, LE Stevens",Hydrogeology Journal,"17 (1), 83",2009,292,A Springer,,,true,true,,qjMakFHDy7sC,X53gmAQAAAAJ,2025-02-15,spheresofdischargeofsprings
taphonomicbiasandtimeaveragingintropical-2009,Taphonomic bias and time-averaging in tropical molluscan death assemblages: differential shell half-lives in Great Barrier Reef sediment,"MA Kosnik, Q Hua, DS Kaufman, RA Wüst",Paleobiology,"35 (4), 565-586",2009,112,D Kaufman,,,false,true,,BqipwSGYUEgC,KpeykKsAAAAJ,2025-02-15,taphonomicbiasandtimeaveragingintropicalmolluscandeathassemblagesdifferentialshellhalflivesingreatbarrierreefsediment
thermochemicalevolutionofyoungrhyolitesa-2009,Thermochemical evolution of young rhyolites at Yellowstone: Evidence for a cooling but periodically replenished postcaldera magma reservoir,"JA Vazquez, SF Kyriazis, MR Reid, RC Sehler, FC Ramos",Journal of Volcanology and Geothermal Research,"188 (1-3), 186-196",2009,99,M Reid,Jorge Vazquez,,false,true,,roLk4NBRz8UC,pg-HuIIAAAAJ,2025-02-15,thermochemicalevolutionofyoungrhyolitesatyellowstoneevidenceforacoolingbutperiodicallyreplenishedpostcalderamagmareservoir
nativeamericanvoicesarefinallyfactoringi-nd,Native American voices are finally factoring into energy projects – a hydropower ruling is a victory for environmental justice on tribal lands,"Hite, E. B. & Perry, D.",The Conversation,,,0,D Perry,,,true,true,,,,,nativeamericanvoicesarefinallyfactoringintoenergyprojectsahydropowerrulingisavictoryforenvironmentaljusticeontriballands
